fold_id,fold_index,test_cbsa_a,test_cbsa_b,method,cbsa_code,target,n_samples,y_true_mean,y_pred_mean,pred_bias_mean,mae,rmse,r2
test_12060_14460,0,12060,14460,nearest_train_city_mean,12060,Car_share,1499,0.9331200258359936,0.8204200029198006,-0.1127000229161932,0.1363891878319904,0.1479746750667027,-2.0122684569459928
test_12060_14460,0,12060,14460,nearest_train_city_mean,12060,Transit_share,1499,0.0264835983131547,0.1060540641771707,0.0795704658640159,0.0937230909346011,0.1012197118721882,-2.4515840952091077
test_12060_14460,0,12060,14460,nearest_train_city_mean,12060,NonTransit_share,1499,0.0403963758508515,0.0735259329030287,0.0331295570521771,0.0545475190954148,0.0665901869555377,-0.4177170041502069
test_12060_14460,0,12060,14460,nearest_train_city_mean,12060,avg,1499,,,,0.0948865992873354,0.1052615246314762,-1.627189852101769
test_12060_14460,0,12060,14460,nearest_train_city_mean,14460,Car_share,1115,0.7720657517114665,0.7350985994484284,-0.0369671522630381,0.1542051987433796,0.1945688568685234,0.2696196498980623
test_12060_14460,0,12060,14460,nearest_train_city_mean,14460,Transit_share,1115,0.1220790640614959,0.1756916458244422,0.0536125817629463,0.1040739795593777,0.131083408426109,0.0218769354005086
test_12060_14460,0,12060,14460,nearest_train_city_mean,14460,NonTransit_share,1115,0.1058551842270376,0.0892097547271293,-0.0166454294999082,0.0830258546757016,0.1384341248435138,0.0776671703560583
test_12060_14460,0,12060,14460,nearest_train_city_mean,14460,avg,1115,,,,0.113768344326153,0.1546954633793821,0.1230545852182097
test_12060_14460,0,12060,14460,test_city_oracle_mean,12060,Car_share,1499,0.9331200258359936,0.9331200258359936,4.2661004815483e-17,0.057139389453363,0.0852590634941381,0.0
test_12060_14460,0,12060,14460,test_city_oracle_mean,12060,Transit_share,1499,0.0264835983131547,0.0264835983131547,2.370055823082389e-18,0.0336420039023506,0.0544823544336763,0.0
test_12060_14460,0,12060,14460,test_city_oracle_mean,12060,NonTransit_share,1499,0.0403963758508515,0.0403963758508515,-7.406424447132466e-19,0.0354105957972048,0.0559262191323718,0.0
test_12060_14460,0,12060,14460,test_city_oracle_mean,12060,avg,1499,,,,0.0420639963843061,0.0652225456867287,0.0
test_12060_14460,0,12060,14460,test_city_oracle_mean,14460,Car_share,1115,0.7720657517114665,0.7720657517114664,-3.1862902948883417e-18,0.181195221125225,0.2276663196779798,1.1102230246251563e-16
test_12060_14460,0,12060,14460,test_city_oracle_mean,14460,Transit_share,1115,0.1220790640614959,0.1220790640614959,0.0,0.105544115146397,0.1325412235410779,0.0
test_12060_14460,0,12060,14460,test_city_oracle_mean,14460,NonTransit_share,1115,0.1058551842270376,0.1058551842270376,1.1152016032109197e-17,0.0963312261757294,0.1441449148349586,0.0
test_12060_14460,0,12060,14460,test_city_oracle_mean,14460,avg,1115,,,,0.1276901874824505,0.1681174860180055,3.7007434154171876e-17
test_12060_14460,0,12060,14460,train_global_mean,12060,Car_share,1499,0.9331200258359936,0.8532369764076596,-0.0798830494283336,0.1055687857529328,0.1168349669143064,-0.8778658491280162
test_12060_14460,0,12060,14460,train_global_mean,12060,Transit_share,1499,0.0264835983131547,0.0828387433149142,0.0563551450017594,0.0718206344508978,0.0783851345141798,-1.0699301079039336
test_12060_14460,0,12060,14460,train_global_mean,12060,NonTransit_share,1499,0.0403963758508515,0.0639242802774256,0.023527904426574,0.0471689303480252,0.060673752753131,-0.1769846391120326
test_12060_14460,0,12060,14460,train_global_mean,12060,avg,1499,,,,0.0748527835172853,0.0852979513938724,-0.7082601987146608
test_12060_14460,0,12060,14460,train_global_mean,14460,Car_share,1115,0.7720657517114665,0.8532369764076598,0.0811712246961935,0.1658457812996956,0.241703787381158,-0.1271178746432795
test_12060_14460,0,12060,14460,train_global_mean,14460,Transit_share,1115,0.1220790640614959,0.0828387433149142,-0.0392403207465816,0.0987296782760498,0.1382279953918909,-0.0876522656657825
test_12060_14460,0,12060,14460,train_global_mean,14460,NonTransit_share,1115,0.1058551842270376,0.0639242802774256,-0.0419309039496119,0.0828374596285011,0.1501198094150437,-0.0846193720835613
test_12060_14460,0,12060,14460,train_global_mean,14460,avg,1115,,,,0.1158043064014155,0.1766838640626975,-0.0997965041308744
test_12060_16980,1,12060,16980,nearest_train_city_mean,12060,Car_share,1499,0.9331200258359936,0.8215267832865576,-0.111593242549436,0.1366114438376066,0.1481568273053092,-2.0196890396037883
test_12060_16980,1,12060,16980,nearest_train_city_mean,12060,Transit_share,1499,0.0264835983131547,0.1049989636074478,0.078515365294293,0.0932051099840456,0.1010292584233397,-2.438607420254746
test_12060_16980,1,12060,16980,nearest_train_city_mean,12060,NonTransit_share,1499,0.0403963758508515,0.0734742531059945,0.0330778772551429,0.0546468630179945,0.066525617409433,-0.4149689427357848
test_12060_16980,1,12060,16980,nearest_train_city_mean,12060,avg,1499,,,,0.0948211389465489,0.1052372343793607,-1.6244218008647728
test_12060_16980,1,12060,16980,nearest_train_city_mean,16980,Car_share,1889,0.8199207145684457,0.8539478036221735,0.0340270890537275,0.1506479431095311,0.1983948615918103,-0.2730196392408974
test_12060_16980,1,12060,16980,nearest_train_city_mean,16980,Transit_share,1889,0.1202228473938361,0.0805057126280686,-0.0397171347657674,0.1131753800428989,0.155013842652282,-0.3777039805667481
test_12060_16980,1,12060,16980,nearest_train_city_mean,16980,NonTransit_share,1889,0.059856438037718,0.0655464837497579,0.0056900457120398,0.0540431402779552,0.0843314096727859,-0.0352106803177909
test_12060_16980,1,12060,16980,nearest_train_city_mean,16980,avg,1889,,,,0.1059554878101284,0.1459133713056261,-0.2286447667084788
test_12060_16980,1,12060,16980,test_city_oracle_mean,12060,Car_share,1499,0.9331200258359936,0.9331200258359936,4.2661004815483e-17,0.057139389453363,0.0852590634941381,0.0
test_12060_16980,1,12060,16980,test_city_oracle_mean,12060,Transit_share,1499,0.0264835983131547,0.0264835983131547,2.370055823082389e-18,0.0336420039023506,0.0544823544336763,0.0
test_12060_16980,1,12060,16980,test_city_oracle_mean,12060,NonTransit_share,1499,0.0403963758508515,0.0403963758508515,-7.406424447132466e-19,0.0354105957972048,0.0559262191323718,0.0
test_12060_16980,1,12060,16980,test_city_oracle_mean,12060,avg,1499,,,,0.0420639963843061,0.0652225456867287,0.0
test_12060_16980,1,12060,16980,test_city_oracle_mean,16980,Car_share,1889,0.8199207145684457,0.8199207145684455,1.504590229243198e-17,0.1404013456084663,0.1758380536613731,0.0
test_12060_16980,1,12060,16980,test_city_oracle_mean,16980,Transit_share,1889,0.1202228473938361,0.1202228473938361,-3.761475573107995e-18,0.1049060271036958,0.1320664565613299,-2.220446049250313e-16
test_12060_16980,1,12060,16980,test_city_oracle_mean,16980,NonTransit_share,1889,0.059856438037718,0.059856438037718,-4.701844466384993e-18,0.0496492569997173,0.082884817966976,0.0
test_12060_16980,1,12060,16980,test_city_oracle_mean,16980,avg,1889,,,,0.0983188765706265,0.1302631093965597,-7.401486830834377e-17
test_12060_16980,1,12060,16980,train_global_mean,12060,Car_share,1499,0.9331200258359936,0.8509897274939765,-0.0821302983420167,0.1072845181901164,0.1183828273595717,-0.9279523692886988
test_12060_16980,1,12060,16980,train_global_mean,12060,Transit_share,1499,0.0264835983131547,0.0806490281814359,0.0541654298682811,0.0700935580859648,0.0768259118881931,-0.9883998115897366
test_12060_16980,1,12060,16980,train_global_mean,12060,NonTransit_share,1499,0.0403963758508515,0.0683612443245871,0.0279648684737355,0.0499937280390964,0.0625282004794269,-0.250031451489042
test_12060_16980,1,12060,16980,train_global_mean,12060,avg,1499,,,,0.0757906014383925,0.0859123132423972,-0.7221278774558257
test_12060_16980,1,12060,16980,train_global_mean,16980,Car_share,1889,0.8199207145684457,0.8509897274939766,0.0310690129255311,0.1328205252604046,0.1785617671271954,-0.031219732363565
test_12060_16980,1,12060,16980,train_global_mean,16980,Transit_share,1889,0.1202228473938361,0.0806490281814359,-0.0395738192124001,0.0969493171206844,0.137868183841383,-0.0897906012628282
test_12060_16980,1,12060,16980,train_global_mean,16980,NonTransit_share,1889,0.059856438037718,0.0683612443245871,0.008504806286869,0.0530454301682677,0.0833200142786589,-0.0105288000055965
test_12060_16980,1,12060,16980,train_global_mean,16980,avg,1889,,,,0.0942717575164522,0.1332499884157457,-0.0438463778773299
test_12060_19100,2,12060,19100,nearest_train_city_mean,12060,Car_share,1499,0.9331200258359936,0.8211825665917959,-0.1119374592441977,0.1361206355296162,0.1475064245618749,-1.993234598070708
test_12060_19100,2,12060,19100,nearest_train_city_mean,12060,Transit_share,1499,0.0264835983131547,0.1053343446295216,0.0788507463163668,0.093115948798808,0.1003673310906667,-2.3936966305092544
test_12060_19100,2,12060,19100,nearest_train_city_mean,12060,NonTransit_share,1499,0.0403963758508515,0.0734830887786823,0.0330867129278307,0.0547071671122625,0.0666824861791417,-0.4216498618831281
test_12060_19100,2,12060,19100,nearest_train_city_mean,12060,avg,1499,,,,0.0946479171468956,0.1048520806105611,-1.6028603634876968
test_12060_19100,2,12060,19100,nearest_train_city_mean,19100,Car_share,1461,0.95638894917424,0.9050849744708503,-0.0513039747033896,0.0710205603092866,0.0950521290388075,-2.314232854875661
test_12060_19100,2,12060,19100,nearest_train_city_mean,19100,Transit_share,1461,0.0106595390894972,0.0425338169893598,0.0318742778998625,0.0407273391121167,0.0609958933592172,-4.596921416796019
test_12060_19100,2,12060,19100,nearest_train_city_mean,19100,NonTransit_share,1461,0.0329515117362626,0.0523812085397898,0.0194296968035271,0.0374650989832841,0.0492108021331684,-0.3521742328817248
test_12060_19100,2,12060,19100,nearest_train_city_mean,19100,avg,1461,,,,0.0497376661348958,0.0684196081770644,-2.421109501517801
test_12060_19100,2,12060,19100,test_city_oracle_mean,12060,Car_share,1499,0.9331200258359936,0.9331200258359936,4.2661004815483e-17,0.057139389453363,0.0852590634941381,0.0
test_12060_19100,2,12060,19100,test_city_oracle_mean,12060,Transit_share,1499,0.0264835983131547,0.0264835983131547,2.370055823082389e-18,0.0336420039023506,0.0544823544336763,0.0
test_12060_19100,2,12060,19100,test_city_oracle_mean,12060,NonTransit_share,1499,0.0403963758508515,0.0403963758508515,-7.406424447132466e-19,0.0354105957972048,0.0559262191323718,0.0
test_12060_19100,2,12060,19100,test_city_oracle_mean,12060,avg,1499,,,,0.0420639963843061,0.0652225456867287,0.0
test_12060_19100,2,12060,19100,test_city_oracle_mean,19100,Car_share,1461,0.95638894917424,0.95638894917424,4.1338899753325473e-17,0.0344301213021885,0.0522120012550674,-2.220446049250313e-16
test_12060_19100,2,12060,19100,test_city_oracle_mean,19100,Transit_share,1461,0.0106595390894972,0.0106595390894972,-6.079249963724334e-19,0.0144631572402117,0.0257825573128054,0.0
test_12060_19100,2,12060,19100,test_city_oracle_mean,19100,NonTransit_share,1461,0.0329515117362626,0.0329515117362626,-4.559437472793251e-19,0.0271096088727625,0.0423198496586982,0.0
test_12060_19100,2,12060,19100,test_city_oracle_mean,19100,avg,1461,,,,0.0253342958050542,0.0401048027421903,-7.401486830834377e-17
test_12060_19100,2,12060,19100,train_global_mean,12060,Car_share,1499,0.9331200258359936,0.8342395008033259,-0.0988805250326676,0.120408295675064,0.1305621160162222,-1.3450561409486652
test_12060_19100,2,12060,19100,train_global_mean,12060,Transit_share,1499,0.0264835983131547,0.0945900841832904,0.0681064858701356,0.0812821048348169,0.0872170875586643,-1.5626625719110772
test_12060_19100,2,12060,19100,train_global_mean,12060,NonTransit_share,1499,0.0403963758508515,0.0711704150133834,0.0307740391625318,0.0518423057558311,0.0638340306797175,-0.3027875990034401
test_12060_19100,2,12060,19100,train_global_mean,12060,avg,1499,,,,0.0845109020885707,0.093871078084868,-1.0701687706210607
test_12060_19100,2,12060,19100,train_global_mean,19100,Car_share,1461,0.95638894917424,0.8342395008033259,-0.1221494483709139,0.1274683441762562,0.1328404336502171,-5.473212882503925
test_12060_19100,2,12060,19100,train_global_mean,19100,Transit_share,1461,0.0106595390894972,0.0945900841832904,0.0839305450937931,0.0858816331147227,0.0878013477193222,-10.59712613602191
test_12060_19100,2,12060,19100,train_global_mean,19100,NonTransit_share,1461,0.0329515117362626,0.0711704150133834,0.0382189032771207,0.049421855868218,0.0570232780786998,-0.8155830821624361
test_12060_19100,2,12060,19100,train_global_mean,19100,avg,1461,,,,0.0875906110530656,0.0925550198160797,-5.6286407002294245
test_12060_26420,3,12060,26420,nearest_train_city_mean,12060,Car_share,1499,0.9331200258359936,0.8211714928714355,-0.1119485329645581,0.1362902922029883,0.1476497169826143,-1.999052868834312
test_12060_26420,3,12060,26420,nearest_train_city_mean,12060,Transit_share,1499,0.0264835983131547,0.105470659361868,0.0789870610487133,0.093215259224604,0.1004713668260565,-2.400735747837703
test_12060_26420,3,12060,26420,nearest_train_city_mean,12060,NonTransit_share,1499,0.0403963758508515,0.0733578477666963,0.0329614719158447,0.0547648880532767,0.0667450541089488,-0.4243189711035398
test_12060_26420,3,12060,26420,nearest_train_city_mean,12060,avg,1499,,,,0.0947568131602897,0.1049553793058732,-1.6080358625918514
test_12060_26420,3,12060,26420,nearest_train_city_mean,26420,Car_share,1249,0.9330075981070628,0.9124731698562464,-0.0205344282508162,0.0778525135629492,0.113799987578638,-0.6788114957851359
test_12060_26420,3,12060,26420,nearest_train_city_mean,26420,Transit_share,1249,0.0218770480956112,0.0391702978378607,0.0172932497422494,0.0441104631093798,0.0679568341482537,-1.6360287529758342
test_12060_26420,3,12060,26420,nearest_train_city_mean,26420,NonTransit_share,1249,0.0451153537973261,0.0483565323058929,0.0032411785085668,0.0439637566854356,0.0709826459816571,-0.0545538486209526
test_12060_26420,3,12060,26420,nearest_train_city_mean,26420,avg,1249,,,,0.0553089111192549,0.0842464892361829,-0.789798032460641
test_12060_26420,3,12060,26420,test_city_oracle_mean,12060,Car_share,1499,0.9331200258359936,0.9331200258359936,4.2661004815483e-17,0.057139389453363,0.0852590634941381,0.0
test_12060_26420,3,12060,26420,test_city_oracle_mean,12060,Transit_share,1499,0.0264835983131547,0.0264835983131547,2.370055823082389e-18,0.0336420039023506,0.0544823544336763,0.0
test_12060_26420,3,12060,26420,test_city_oracle_mean,12060,NonTransit_share,1499,0.0403963758508515,0.0403963758508515,-7.406424447132466e-19,0.0354105957972048,0.0559262191323718,0.0
test_12060_26420,3,12060,26420,test_city_oracle_mean,12060,avg,1499,,,,0.0420639963843061,0.0652225456867287,0.0
test_12060_26420,3,12060,26420,test_city_oracle_mean,26420,Car_share,1249,0.9330075981070628,0.9330075981070628,1.2942231576094698e-16,0.0578307466320973,0.0878296692833678,0.0
test_12060_26420,3,12060,26420,test_city_oracle_mean,26420,Transit_share,1249,0.0218770480956112,0.0218770480956112,-2.844446500240593e-18,0.0264340083911753,0.0418560332188175,0.0
test_12060_26420,3,12060,26420,test_city_oracle_mean,26420,NonTransit_share,1249,0.0451153537973261,0.0451153537973261,0.0,0.0416066990007584,0.0691222400278432,0.0
test_12060_26420,3,12060,26420,test_city_oracle_mean,26420,avg,1249,,,,0.0419571513413437,0.0662693141766762,0.0
test_12060_26420,3,12060,26420,train_global_mean,12060,Car_share,1499,0.9331200258359936,0.8385077625228659,-0.0946122633131279,0.1169939833314987,0.1273600733241393,-1.2314413931738968
test_12060_26420,3,12060,26420,train_global_mean,12060,Transit_share,1499,0.0264835983131547,0.0921263810065517,0.0656427826933969,0.0792598379367831,0.0853071032468531,-1.4516510479137477
test_12060_26420,3,12060,26420,train_global_mean,12060,NonTransit_share,1499,0.0403963758508515,0.0693658564705824,0.0289694806197308,0.0506521139229147,0.0629839090071347,-0.2683184262048481
test_12060_26420,3,12060,26420,train_global_mean,12060,avg,1499,,,,0.0823019783970655,0.091883695192709,-0.9838036224308307
test_12060_26420,3,12060,26420,train_global_mean,26420,Car_share,1249,0.9330075981070628,0.8385077625228659,-0.0944998355841969,0.1178726843759246,0.1290126727568498,-1.157656223627853
test_12060_26420,3,12060,26420,train_global_mean,26420,Transit_share,1249,0.0218770480956112,0.0921263810065516,0.0702493329109404,0.0774423118217127,0.0817734449026509,-2.816879538146971
test_12060_26420,3,12060,26420,train_global_mean,26420,NonTransit_share,1249,0.0451153537973261,0.0693658564705824,0.0242505026732563,0.0546488363167629,0.0732527879767888,-0.1230852133966702
test_12060_26420,3,12060,26420,train_global_mean,26420,avg,1249,,,,0.0833212775048001,0.0946796352120965,-1.3658736583904982
test_12060_31080,4,12060,31080,nearest_train_city_mean,12060,Car_share,1499,0.9331200258359936,0.8211572514564169,-0.1119627743795767,0.1366593832329919,0.148353491134832,-2.027711049382196
test_12060_31080,4,12060,31080,nearest_train_city_mean,12060,Transit_share,1499,0.0264835983131547,0.1054445827376976,0.0789609844245429,0.0934420575931994,0.1007529127613647,-2.419821879203903
test_12060_31080,4,12060,31080,nearest_train_city_mean,12060,NonTransit_share,1499,0.0403963758508515,0.0733981658058853,0.0330017899550337,0.054656789981834,0.0669180541842717,-0.4317120770255929
test_12060_31080,4,12060,31080,nearest_train_city_mean,12060,avg,1499,,,,0.0949194102693418,0.1053414860268228,-1.626415001870564
test_12060_31080,4,12060,31080,nearest_train_city_mean,31080,Car_share,1730,0.893875738545826,0.8040363900453196,-0.0898393485005063,0.1394794929343457,0.1790821016757935,-2.096306811926323
test_12060_31080,4,12060,31080,nearest_train_city_mean,31080,Transit_share,1730,0.0492006366811609,0.1116900182846411,0.0624893816034802,0.0952119143003117,0.1277737385931681,-2.586718607008069
test_12060_31080,4,12060,31080,nearest_train_city_mean,31080,NonTransit_share,1730,0.056923624773013,0.0842735916700391,0.027349966897026,0.0562277841117641,0.0789955964678837,-0.4146008908926655
test_12060_31080,4,12060,31080,nearest_train_city_mean,31080,avg,1730,,,,0.0969730637821405,0.1286171455789485,-1.6992087699423524
test_12060_31080,4,12060,31080,test_city_oracle_mean,12060,Car_share,1499,0.9331200258359936,0.9331200258359936,4.2661004815483e-17,0.057139389453363,0.0852590634941381,0.0
test_12060_31080,4,12060,31080,test_city_oracle_mean,12060,Transit_share,1499,0.0264835983131547,0.0264835983131547,2.370055823082389e-18,0.0336420039023506,0.0544823544336763,0.0
test_12060_31080,4,12060,31080,test_city_oracle_mean,12060,NonTransit_share,1499,0.0403963758508515,0.0403963758508515,-7.406424447132466e-19,0.0354105957972048,0.0559262191323718,0.0
test_12060_31080,4,12060,31080,test_city_oracle_mean,12060,avg,1499,,,,0.0420639963843061,0.0652225456867287,0.0
test_12060_31080,4,12060,31080,test_city_oracle_mean,31080,Car_share,1730,0.893875738545826,0.8938757385458261,-2.464310066220001e-17,0.0689295593652233,0.1017724403641563,0.0
test_12060_31080,4,12060,31080,test_city_oracle_mean,31080,Transit_share,1730,0.0492006366811609,0.0492006366811609,-4.107183443700001e-18,0.0446092832820056,0.0674672408126019,0.0
test_12060_31080,4,12060,31080,test_city_oracle_mean,31080,NonTransit_share,1730,0.056923624773013,0.056923624773013,0.0,0.0383785160754033,0.0664180191427133,0.0
test_12060_31080,4,12060,31080,test_city_oracle_mean,31080,avg,1730,,,,0.0506391195742107,0.0785525667731571,0.0
test_12060_31080,4,12060,31080,train_global_mean,12060,Car_share,1499,0.9331200258359936,0.8402975674894685,-0.0928224583465248,0.1155729276283672,0.126036172114952,-1.1852910814725337
test_12060_31080,4,12060,31080,train_global_mean,12060,Transit_share,1499,0.0264835983131547,0.0910417431627442,0.0645581448495895,0.0783773708280085,0.0844753278245033,-1.4040751386739947
test_12060_31080,4,12060,31080,train_global_mean,12060,NonTransit_share,1499,0.0403963758508515,0.068660689347787,0.0282643134969354,0.0501896861165718,0.0626626954726264,-0.2554147435804936
test_12060_31080,4,12060,31080,train_global_mean,12060,avg,1499,,,,0.0813799948576491,0.0910580651373606,-0.9482603212423406
test_12060_31080,4,12060,31080,train_global_mean,31080,Car_share,1730,0.893875738545826,0.8402975674894685,-0.0535781710563572,0.0946463520746266,0.1150141297033544,-0.2771503249011178
test_12060_31080,4,12060,31080,train_global_mean,31080,Transit_share,1730,0.0492006366811609,0.0910417431627442,0.0418411064815833,0.0672110056728217,0.0793883289562692,-0.3846098682611309
test_12060_31080,4,12060,31080,train_global_mean,31080,NonTransit_share,1730,0.056923624773013,0.068660689347787,0.0117370645747739,0.0425901955488761,0.0674471048427895,-0.0312282142234865
test_12060_31080,4,12060,31080,train_global_mean,31080,avg,1730,,,,0.0681491844321081,0.0872831878341377,-0.2309961357952451
test_12060_33100,5,12060,33100,nearest_train_city_mean,12060,Car_share,1499,0.9331200258359936,0.8213023538989731,-0.1118176719370205,0.1364388491820351,0.1480184562000343,-2.014051194925593
test_12060_33100,5,12060,33100,nearest_train_city_mean,12060,Transit_share,1499,0.0264835983131547,0.1055128431335332,0.0790292448203785,0.0933316272860786,0.1006196838712513,-2.410783573097804
test_12060_33100,5,12060,33100,nearest_train_city_mean,12060,NonTransit_share,1499,0.0403963758508515,0.0731848029674935,0.0327884271166419,0.0547514733511903,0.0669828564533267,-0.4344863093233508
test_12060_33100,5,12060,33100,nearest_train_city_mean,12060,avg,1499,,,,0.094840649939768,0.1052069988415374,-1.6197736924489157
test_12060_33100,5,12060,33100,nearest_train_city_mean,33100,Car_share,1477,0.9161203189025324,0.895090110554258,-0.0210302083482743,0.0799193372237916,0.115622811384009,-0.6112169274354462
test_12060_33100,5,12060,33100,nearest_train_city_mean,33100,Transit_share,1477,0.0289907135589175,0.0494211071042575,0.0204303935453399,0.0496644987204608,0.0806531160748423,-2.2025203509775224
test_12060_33100,5,12060,33100,nearest_train_city_mean,33100,NonTransit_share,1477,0.0548889675385499,0.0554887823414844,0.0005998148029344,0.0443227478480001,0.071070186679319,0.0200056352193692
test_12060_33100,5,12060,33100,nearest_train_city_mean,33100,avg,1477,,,,0.0579688612640841,0.0891153713793901,-0.9312438810645332
test_12060_33100,5,12060,33100,test_city_oracle_mean,12060,Car_share,1499,0.9331200258359936,0.9331200258359936,4.2661004815483e-17,0.057139389453363,0.0852590634941381,0.0
test_12060_33100,5,12060,33100,test_city_oracle_mean,12060,Transit_share,1499,0.0264835983131547,0.0264835983131547,2.370055823082389e-18,0.0336420039023506,0.0544823544336763,0.0
test_12060_33100,5,12060,33100,test_city_oracle_mean,12060,NonTransit_share,1499,0.0403963758508515,0.0403963758508515,-7.406424447132466e-19,0.0354105957972048,0.0559262191323718,0.0
test_12060_33100,5,12060,33100,test_city_oracle_mean,12060,avg,1499,,,,0.0420639963843061,0.0652225456867287,0.0
test_12060_33100,5,12060,33100,test_city_oracle_mean,33100,Car_share,1477,0.9161203189025324,0.9161203189025324,3.126965323250272e-17,0.0621981199848064,0.0910891222437087,0.0
test_12060_33100,5,12060,33100,test_city_oracle_mean,33100,Transit_share,1477,0.0289907135589175,0.0289907135589175,-6.013394852404368e-19,0.0299046602960782,0.0450687177492427,-2.220446049250313e-16
test_12060_33100,5,12060,33100,test_city_oracle_mean,33100,NonTransit_share,1477,0.0548889675385499,0.0548889675385499,-3.608036911442621e-18,0.0443753394411696,0.0717919363260635,0.0
test_12060_33100,5,12060,33100,test_city_oracle_mean,33100,avg,1477,,,,0.045492706574018,0.0693165921063383,-7.401486830834377e-17
test_12060_33100,5,12060,33100,train_global_mean,12060,Car_share,1499,0.9331200258359936,0.8387756080296784,-0.0943444178063149,0.1167808147593653,0.127161224746815,-1.2244788884674862
test_12060_33100,5,12060,33100,train_global_mean,12060,Transit_share,1499,0.0264835983131547,0.0925608864883268,0.0660772881751721,0.0796147772153381,0.0856418995423471,-1.470932311035932
test_12060_33100,5,12060,33100,train_global_mean,12060,NonTransit_share,1499,0.0403963758508515,0.0686635054819944,0.0282671296311428,0.0501915328543476,0.0626639657540591,-0.2554656429614135
test_12060_33100,5,12060,33100,train_global_mean,12060,avg,1499,,,,0.0821957082763503,0.0918223633477404,-0.983625614154944
test_12060_33100,5,12060,33100,train_global_mean,33100,Car_share,1477,0.9161203189025324,0.8387756080296784,-0.0773447108728537,0.104984814098199,0.1194965794118587,-0.720988282135111
test_12060_33100,5,12060,33100,train_global_mean,33100,Transit_share,1477,0.0289907135589175,0.0925608864883268,0.0635701729294093,0.0723298769433854,0.0779253245475173,-1.989556978937153
test_12060_33100,5,12060,33100,train_global_mean,33100,NonTransit_share,1477,0.0548889675385499,0.0686635054819944,0.0137745379434444,0.0499919866802501,0.0731014364906802,-0.0368131300752685
test_12060_33100,5,12060,33100,train_global_mean,33100,avg,1477,,,,0.0757688925739449,0.0901744468166854,-0.9157861303825108
test_12060_35620,6,12060,35620,nearest_train_city_mean,12060,Car_share,1499,0.9331200258359936,0.821052211005141,-0.1120678148308525,0.1367673703278133,0.1482139563163257,-2.022018262113209
test_12060_35620,6,12060,35620,nearest_train_city_mean,12060,Transit_share,1499,0.0264835983131547,0.1054917898622706,0.0790081915491158,0.0933975186849821,0.1005675958139403,-2.4072531484680524
test_12060_35620,6,12060,35620,nearest_train_city_mean,12060,NonTransit_share,1499,0.0403963758508515,0.0734559991325882,0.0330596232817366,0.0547336754624312,0.0669026381278842,-0.4310524998138385
test_12060_35620,6,12060,35620,nearest_train_city_mean,12060,avg,1499,,,,0.0949661881584088,0.1052280634193834,-1.6201079701317
test_12060_35620,6,12060,35620,nearest_train_city_mean,35620,Car_share,885,0.5502563812813035,0.8159434283283875,0.2656870470470839,0.3426058219103229,0.4353217260134788,-0.9206474950190228
test_12060_35620,6,12060,35620,nearest_train_city_mean,35620,Transit_share,885,0.3300176550685805,0.1005407547873348,-0.2294769002812457,0.2727011904680504,0.3596278540117636,-0.991476341876264
test_12060_35620,6,12060,35620,nearest_train_city_mean,35620,NonTransit_share,885,0.1197259636501158,0.0835158168842776,-0.0362101467658382,0.0935185790333036,0.1341971739501927,-0.1417278099184753
test_12060_35620,6,12060,35620,nearest_train_city_mean,35620,avg,885,,,,0.2362751971372256,0.3097155846584783,-0.6846172156045873
test_12060_35620,6,12060,35620,test_city_oracle_mean,12060,Car_share,1499,0.9331200258359936,0.9331200258359936,4.2661004815483e-17,0.057139389453363,0.0852590634941381,0.0
test_12060_35620,6,12060,35620,test_city_oracle_mean,12060,Transit_share,1499,0.0264835983131547,0.0264835983131547,2.370055823082389e-18,0.0336420039023506,0.0544823544336763,0.0
test_12060_35620,6,12060,35620,test_city_oracle_mean,12060,NonTransit_share,1499,0.0403963758508515,0.0403963758508515,-7.406424447132466e-19,0.0354105957972048,0.0559262191323718,0.0
test_12060_35620,6,12060,35620,test_city_oracle_mean,12060,avg,1499,,,,0.0420639963843061,0.0652225456867287,0.0
test_12060_35620,6,12060,35620,test_city_oracle_mean,35620,Car_share,885,0.5502563812813035,0.5502563812813035,-2.81005601713034e-17,0.2844608796350297,0.3141134337528695,0.0
test_12060_35620,6,12060,35620,test_city_oracle_mean,35620,Transit_share,885,0.3300176550685805,0.3300176550685805,-3.2114925910061026e-17,0.2279113368824296,0.2548389140423297,0.0
test_12060_35620,6,12060,35620,test_city_oracle_mean,35620,NonTransit_share,885,0.1197259636501158,0.1197259636501158,-2.007182869378814e-18,0.0940906499915756,0.1255920300431169,0.0
test_12060_35620,6,12060,35620,test_city_oracle_mean,35620,avg,885,,,,0.202154288836345,0.231514792612772,0.0
test_12060_35620,6,12060,35620,train_global_mean,12060,Car_share,1499,0.9331200258359936,0.8666199275980893,-0.0665000982379042,0.0956175418678856,0.1081266432177952,-0.6083639315419123
test_12060_35620,6,12060,35620,train_global_mean,12060,Transit_share,1499,0.0264835983131547,0.0696540541512318,0.043170455838077,0.0616638298361119,0.0695126981342552,-0.6278581477133889
test_12060_35620,6,12060,35620,train_global_mean,12060,NonTransit_share,1499,0.0403963758508515,0.0637260182506785,0.0233296423998269,0.0470468263944676,0.060597146805323,-0.1740144221815864
test_12060_35620,6,12060,35620,train_global_mean,12060,avg,1499,,,,0.068109399366155,0.0794121627191245,-0.4700788338122958
test_12060_35620,6,12060,35620,train_global_mean,35620,Car_share,885,0.5502563812813035,0.8666199275980893,0.3163635463167858,0.3449154450355026,0.4458173871689522,-1.0143780655151209
test_12060_35620,6,12060,35620,train_global_mean,35620,Transit_share,885,0.3300176550685805,0.0696540541512318,-0.2603636009173486,0.2767064636666203,0.3643241369891958,-1.0438282521219784
test_12060_35620,6,12060,35620,train_global_mean,35620,NonTransit_share,885,0.1197259636501158,0.0637260182506785,-0.0559999453994372,0.0884989907473484,0.1375112791558973,-0.1988158693083603
test_12060_35620,6,12060,35620,train_global_mean,35620,avg,885,,,,0.2367069664831571,0.3158842677713484,-0.7523407289818197
test_12060_38060,7,12060,38060,nearest_train_city_mean,12060,Car_share,1499,0.9331200258359936,0.8209096691928696,-0.1122103566431241,0.1359644824624916,0.1473079261086177,-1.9851840651376969
test_12060_38060,7,12060,38060,nearest_train_city_mean,12060,Transit_share,1499,0.0264835983131547,0.1056621518168353,0.0791785535036806,0.0934109150400836,0.1006674807782431,-2.414024760496235
test_12060_38060,7,12060,38060,nearest_train_city_mean,12060,NonTransit_share,1499,0.0403963758508515,0.073428178990295,0.0330318031394434,0.0545850369246257,0.0664837238309616,-0.4131873900057854
test_12060_38060,7,12060,38060,nearest_train_city_mean,12060,avg,1499,,,,0.0946534781424003,0.1048197102392741,-1.6041320718799057
test_12060_38060,7,12060,38060,nearest_train_city_mean,38060,Car_share,1086,0.938708022053798,0.9104354654998263,-0.0282725565539716,0.0516994180314615,0.0662702618930752,-0.2898305945071431
test_12060_38060,7,12060,38060,nearest_train_city_mean,38060,Transit_share,1086,0.0140134473721929,0.0391016882965452,0.0250882409243523,0.0317301629110569,0.0377338949422339,-1.2314042116755846
test_12060_38060,7,12060,38060,nearest_train_city_mean,38060,NonTransit_share,1086,0.0472785305740088,0.0504628462036281,0.0031843156296193,0.0312156426407833,0.0475549013741458,0.0029962121221979
test_12060_38060,7,12060,38060,nearest_train_city_mean,38060,avg,1086,,,,0.0382150745277673,0.0505196860698183,-0.5060795313535099
test_12060_38060,7,12060,38060,test_city_oracle_mean,12060,Car_share,1499,0.9331200258359936,0.9331200258359936,4.2661004815483e-17,0.057139389453363,0.0852590634941381,0.0
test_12060_38060,7,12060,38060,test_city_oracle_mean,12060,Transit_share,1499,0.0264835983131547,0.0264835983131547,2.370055823082389e-18,0.0336420039023506,0.0544823544336763,0.0
test_12060_38060,7,12060,38060,test_city_oracle_mean,12060,NonTransit_share,1499,0.0403963758508515,0.0403963758508515,-7.406424447132466e-19,0.0354105957972048,0.0559262191323718,0.0
test_12060_38060,7,12060,38060,test_city_oracle_mean,12060,avg,1499,,,,0.0420639963843061,0.0652225456867287,0.0
test_12060_38060,7,12060,38060,test_city_oracle_mean,38060,Car_share,1086,0.938708022053798,0.9387080220537982,8.628252603900847e-17,0.0388244502944113,0.0583515436952534,0.0
test_12060_38060,7,12060,38060,test_city_oracle_mean,38060,Transit_share,1086,0.0140134473721929,0.0140134473721929,-4.089219243554905e-19,0.0168234859954746,0.0252605331022386,0.0
test_12060_38060,7,12060,38060,test_city_oracle_mean,38060,NonTransit_share,1086,0.0472785305740088,0.0472785305740088,-3.475836357021669e-18,0.0303519470022245,0.0476263041536573,0.0
test_12060_38060,7,12060,38060,test_city_oracle_mean,38060,avg,1086,,,,0.0286666277640368,0.0437461269837165,0.0
test_12060_38060,7,12060,38060,train_global_mean,12060,Car_share,1499,0.9331200258359936,0.8392125370634158,-0.0939074887725777,0.1164331251229841,0.1268373933643753,-1.2131635077243643
test_12060_38060,7,12060,38060,train_global_mean,12060,Transit_share,1499,0.0264835983131547,0.0919037088156971,0.0654201105025423,0.0790784618560404,0.0851358784696651,-1.4418192261124436
test_12060_38060,7,12060,38060,train_global_mean,12060,NonTransit_share,1499,0.0403963758508515,0.068883754120887,0.0284873782700354,0.0503359654174106,0.0627636256691896,-0.2594621692639161
test_12060_38060,7,12060,38060,train_global_mean,12060,avg,1499,,,,0.0819491841321451,0.09157896583441,-0.9714816343669082
test_12060_38060,7,12060,38060,train_global_mean,38060,Car_share,1086,0.938708022053798,0.8392125370634159,-0.0994954849903823,0.1071145495565722,0.1153440687035552,-2.907381662957127
test_12060_38060,7,12060,38060,train_global_mean,38060,Transit_share,1086,0.0140134473721929,0.0919037088156971,0.0778902614435041,0.0794038707309142,0.081883987203523,-9.50782763006712
test_12060_38060,7,12060,38060,train_global_mean,38060,NonTransit_share,1086,0.0472785305740088,0.068883754120887,0.0216052235468782,0.0399921577235265,0.0522977105794055,-0.2057897626278801
test_12060_38060,7,12060,38060,train_global_mean,38060,avg,1086,,,,0.075503526003671,0.0831752554954946,-4.206999685217375
test_12060_41860,8,12060,41860,nearest_train_city_mean,12060,Car_share,1499,0.9331200258359936,0.8207581143086714,-0.1123619115273222,0.1365105050300211,0.1481006215433916,-2.0173983354558644
test_12060_41860,8,12060,41860,nearest_train_city_mean,12060,Transit_share,1499,0.0264835983131547,0.1057152868921317,0.079231688578977,0.0934903492048202,0.1010102493989537,-2.4373135688688383
test_12060_41860,8,12060,41860,nearest_train_city_mean,12060,NonTransit_share,1499,0.0403963758508515,0.0735265987991967,0.0331302229483451,0.054655014686351,0.0667118887254423,-0.4229038445650044
test_12060_41860,8,12060,41860,nearest_train_city_mean,12060,avg,1499,,,,0.0948852896403974,0.1052742532225958,-1.6258719162965691
test_12060_41860,8,12060,41860,nearest_train_city_mean,41860,Car_share,952,0.7368668640401761,0.7617503570865697,0.0248834930463936,0.1994678818157759,0.272807503634109,-0.5477549109693292
test_12060_41860,8,12060,41860,nearest_train_city_mean,41860,Transit_share,952,0.15000655037683,0.1541781250421268,0.0041715746652967,0.136945915998441,0.1773663669034559,-1.0284919902405645
test_12060_41860,8,12060,41860,nearest_train_city_mean,41860,NonTransit_share,952,0.1131265855829938,0.0840715178713034,-0.0290550677116904,0.0861907918953817,0.138155204926315,-0.1305716301954349
test_12060_41860,8,12060,41860,nearest_train_city_mean,41860,avg,952,,,,0.1408681965698662,0.1961096918212933,-0.5689395104684428
test_12060_41860,8,12060,41860,test_city_oracle_mean,12060,Car_share,1499,0.9331200258359936,0.9331200258359936,4.2661004815483e-17,0.057139389453363,0.0852590634941381,0.0
test_12060_41860,8,12060,41860,test_city_oracle_mean,12060,Transit_share,1499,0.0264835983131547,0.0264835983131547,2.370055823082389e-18,0.0336420039023506,0.0544823544336763,0.0
test_12060_41860,8,12060,41860,test_city_oracle_mean,12060,NonTransit_share,1499,0.0403963758508515,0.0403963758508515,-7.406424447132466e-19,0.0354105957972048,0.0559262191323718,0.0
test_12060_41860,8,12060,41860,test_city_oracle_mean,12060,avg,1499,,,,0.0420639963843061,0.0652225456867287,0.0
test_12060_41860,8,12060,41860,test_city_oracle_mean,41860,Car_share,952,0.7368668640401761,0.7368668640401759,-5.970947359328573e-17,0.1759320687871636,0.2192831272607594,0.0
test_12060_41860,8,12060,41860,test_city_oracle_mean,41860,Transit_share,952,0.15000655037683,0.15000655037683,1.1195526298741076e-17,0.1017127602237355,0.1245330491047004,0.0
test_12060_41860,8,12060,41860,test_city_oracle_mean,41860,NonTransit_share,952,0.1131265855829938,0.1131265855829938,-7.463684199160716e-18,0.0916057625950231,0.1299326241638932,0.0
test_12060_41860,8,12060,41860,test_city_oracle_mean,41860,avg,952,,,,0.1230835305353074,0.1579162668431177,0.0
test_12060_41860,8,12060,41860,train_global_mean,12060,Car_share,1499,0.9331200258359936,0.8547725232377061,-0.0783475025982874,0.1044063400431935,0.1157904964635964,-0.8444407816149913
test_12060_41860,8,12060,41860,train_global_mean,12060,Transit_share,1499,0.0264835983131547,0.0813098326159512,0.0548262343027964,0.0706120931896251,0.0772932268213837,-1.0126633702720378
test_12060_41860,8,12060,41860,train_global_mean,12060,NonTransit_share,1499,0.0403963758508515,0.0639176441463424,0.0235212682954909,0.0471648264831059,0.060671179720445,-0.1768848148685724
test_12060_41860,8,12060,41860,train_global_mean,12060,avg,1499,,,,0.0740610865719748,0.084584967668475,-0.6779963222518672
test_12060_41860,8,12060,41860,train_global_mean,41860,Car_share,952,0.7368668640401761,0.8547725232377062,0.1179056591975301,0.1653242810955356,0.2489715533390562,-0.2891071743725761
test_12060_41860,8,12060,41860,train_global_mean,41860,Transit_share,952,0.15000655037683,0.0813098326159512,-0.0686967177608788,0.1003163539895155,0.1422241869389014,-0.3043005461496224
test_12060_41860,8,12060,41860,train_global_mean,41860,NonTransit_share,952,0.1131265855829938,0.0639176441463425,-0.0492089414366513,0.0810799222313783,0.138938859716896,-0.1434338402174058
test_12060_41860,8,12060,41860,train_global_mean,41860,avg,952,,,,0.1155735191054765,0.1767115333316179,-0.2456138535798681
test_12060_42660,9,12060,42660,nearest_train_city_mean,12060,Car_share,1499,0.9331200258359936,0.816680879024915,-0.1164391468110786,0.1390212157105654,0.1499499459902851,-2.0932249991860425
test_12060_42660,9,12060,42660,nearest_train_city_mean,12060,Transit_share,1499,0.0264835983131547,0.1091298740815044,0.0826462757683496,0.0957774663908315,0.1030477668175623,-2.5773829649301816
test_12060_42660,9,12060,42660,nearest_train_city_mean,12060,NonTransit_share,1499,0.0403963758508515,0.0741892468935804,0.0337928710427288,0.0550208136431306,0.0667880081587287,-0.4261528134820902
test_12060_42660,9,12060,42660,nearest_train_city_mean,12060,avg,1499,,,,0.0966064985815092,0.106595240322192,-1.698920259199438
test_12060_42660,9,12060,42660,nearest_train_city_mean,42660,Car_share,860,0.8508559438203965,0.7866129245207709,-0.0642430192996256,0.1414925834536438,0.1749892599350518,-0.1857581909901124
test_12060_42660,9,12060,42660,nearest_train_city_mean,42660,Transit_share,860,0.0774116577437936,0.1240523616594854,0.0466407039156917,0.0860222342141946,0.1022516363927296,-0.4433620703787224
test_12060_42660,9,12060,42660,nearest_train_city_mean,42660,NonTransit_share,860,0.0717323984358097,0.0893347138197435,0.0176023153839338,0.0694211478626403,0.1042348345165494,-0.0601296135046041
test_12060_42660,9,12060,42660,nearest_train_city_mean,42660,avg,860,,,,0.0989786551768262,0.1271585769481103,-0.2297499582911463
test_12060_42660,9,12060,42660,test_city_oracle_mean,12060,Car_share,1499,0.9331200258359936,0.9331200258359936,4.2661004815483e-17,0.057139389453363,0.0852590634941381,0.0
test_12060_42660,9,12060,42660,test_city_oracle_mean,12060,Transit_share,1499,0.0264835983131547,0.0264835983131547,2.370055823082389e-18,0.0336420039023506,0.0544823544336763,0.0
test_12060_42660,9,12060,42660,test_city_oracle_mean,12060,NonTransit_share,1499,0.0403963758508515,0.0403963758508515,-7.406424447132466e-19,0.0354105957972048,0.0559262191323718,0.0
test_12060_42660,9,12060,42660,test_city_oracle_mean,12060,avg,1499,,,,0.0420639963843061,0.0652225456867287,0.0
test_12060_42660,9,12060,42660,test_city_oracle_mean,42660,Car_share,860,0.8508559438203965,0.8508559438203965,-8.26212483441977e-18,0.1134143761191713,0.1606990568051697,0.0
test_12060_42660,9,12060,42660,test_city_oracle_mean,42660,Transit_share,860,0.0774116577437936,0.0774116577437936,0.0,0.0628548273941971,0.0851103982711564,0.0
test_12060_42660,9,12060,42660,test_city_oracle_mean,42660,NonTransit_share,860,0.0717323984358097,0.0717323984358097,-4.1310624172098855e-18,0.0612807422687783,0.1012356319310942,0.0
test_12060_42660,9,12060,42660,test_city_oracle_mean,42660,avg,860,,,,0.0791833152607156,0.1156816956691401,0.0
test_12060_42660,9,12060,42660,train_global_mean,12060,Car_share,1499,0.9331200258359936,0.8465849815579676,-0.0865350442780259,0.1106828567816992,0.1214801292232494,-1.030155829722141
test_12060_42660,9,12060,42660,train_global_mean,12060,Transit_share,1499,0.0264835983131547,0.0864799112517169,0.0599963129385621,0.0747108693179187,0.0810424858383466,-1.2126553554774926
test_12060_42660,9,12060,42660,train_global_mean,12060,NonTransit_share,1499,0.0403963758508515,0.0669351071903153,0.0265387313394637,0.0490712858636824,0.0619035237086735,-0.2251797827829809
test_12060_42660,9,12060,42660,train_global_mean,12060,avg,1499,,,,0.0781550039877668,0.0881420462567565,-0.8226636559942048
test_12060_42660,9,12060,42660,train_global_mean,42660,Car_share,860,0.8508559438203965,0.8465849815579675,-0.0042709622624288,0.1151270115898083,0.160755802311202,-0.0007063579096349
test_12060_42660,9,12060,42660,train_global_mean,42660,Transit_share,860,0.0774116577437936,0.0864799112517169,0.0090682535079232,0.0662337504279724,0.0855921323227715,-0.0113522529520115
test_12060_42660,9,12060,42660,train_global_mean,42660,NonTransit_share,860,0.0717323984358097,0.0669351071903153,-0.0047972912454943,0.0592109640742501,0.1013492337207445,-0.0022455636761984
test_12060_42660,9,12060,42660,train_global_mean,42660,avg,860,,,,0.0801905753640103,0.1158990561182393,-0.0047680581792816
test_12060_47900,10,12060,47900,nearest_train_city_mean,12060,Car_share,1499,0.9331200258359936,0.8529128439692003,-0.0802071818667932,0.1078240212112885,0.1199659739181936,-0.979862602191502
test_12060_47900,10,12060,47900,nearest_train_city_mean,12060,Transit_share,1499,0.0264835983131547,0.0767351048355349,0.0502515065223801,0.0678201190709252,0.0758897679949688,-0.9402367036206029
test_12060_47900,10,12060,47900,nearest_train_city_mean,12060,NonTransit_share,1499,0.0403963758508515,0.0703520511952646,0.029955675344413,0.0524727277219452,0.0649899679787722,-0.3503978129239669
test_12060_47900,10,12060,47900,nearest_train_city_mean,12060,avg,1499,,,,0.0760389560013863,0.0869485699639782,-0.7568323729120238
test_12060_47900,10,12060,47900,nearest_train_city_mean,47900,Car_share,1454,0.8102936687390263,0.8185925442106341,0.0082988754716077,0.1295402936481079,0.1832021005100955,0.0639067017350706
test_12060_47900,10,12060,47900,nearest_train_city_mean,47900,Transit_share,1454,0.1140755674436493,0.1010022351211499,-0.0130733323224993,0.0853944256854345,0.120783056867618,0.0212334227743242
test_12060_47900,10,12060,47900,nearest_train_city_mean,47900,NonTransit_share,1454,0.0756307638173242,0.0804052206682158,0.0047744568508916,0.0655562421791755,0.1056388647359587,-0.0154811833598502
test_12060_47900,10,12060,47900,nearest_train_city_mean,47900,avg,1454,,,,0.093496987170906,0.1365413407045574,0.0232196470498482
test_12060_47900,10,12060,47900,test_city_oracle_mean,12060,Car_share,1499,0.9331200258359936,0.9331200258359936,4.2661004815483e-17,0.057139389453363,0.0852590634941381,0.0
test_12060_47900,10,12060,47900,test_city_oracle_mean,12060,Transit_share,1499,0.0264835983131547,0.0264835983131547,2.370055823082389e-18,0.0336420039023506,0.0544823544336763,0.0
test_12060_47900,10,12060,47900,test_city_oracle_mean,12060,NonTransit_share,1499,0.0403963758508515,0.0403963758508515,-7.406424447132466e-19,0.0354105957972048,0.0559262191323718,0.0
test_12060_47900,10,12060,47900,test_city_oracle_mean,12060,avg,1499,,,,0.0420639963843061,0.0652225456867287,0.0
test_12060_47900,10,12060,47900,test_city_oracle_mean,47900,Car_share,1454,0.8102936687390263,0.8102936687390264,-5.3754952499044714e-17,0.1415997401385011,0.1893524290754373,0.0
test_12060_47900,10,12060,47900,test_city_oracle_mean,47900,Transit_share,1454,0.1140755674436493,0.1140755674436493,-1.22170346588738e-17,0.0942252919974983,0.1220861649209111,0.0
test_12060_47900,10,12060,47900,test_city_oracle_mean,47900,NonTransit_share,1454,0.0756307638173242,0.0756307638173241,-3.66511039766214e-18,0.0632373416255354,0.1048305308766666,1.1102230246251563e-16
test_12060_47900,10,12060,47900,test_city_oracle_mean,47900,avg,1454,,,,0.0996874579205116,0.1387563749576717,3.7007434154171876e-17
test_12060_47900,10,12060,47900,train_global_mean,12060,Car_share,1499,0.9331200258359936,0.851027723716692,-0.0820923021193019,0.107255342971741,0.1183564699336044,-0.927093964298568
test_12060_47900,10,12060,47900,train_global_mean,12060,Transit_share,1499,0.0264835983131547,0.0827076519538671,0.0562240536407123,0.0717168282830773,0.0782909391464327,-1.0649582295863178
test_12060_47900,10,12060,47900,train_global_mean,12060,NonTransit_share,1499,0.0403963758508515,0.0662646243294411,0.0258682484785895,0.0486415881438233,0.0616190576509582,-0.2139454859929968
test_12060_47900,10,12060,47900,train_global_mean,12060,avg,1499,,,,0.0758712531328805,0.0860888222436651,-0.7353325599592943
test_12060_47900,10,12060,47900,train_global_mean,47900,Car_share,1454,0.8102936687390263,0.8510277237166918,0.0407340549776653,0.1308139379416639,0.1936842937145188,-0.0462778878095673
test_12060_47900,10,12060,47900,train_global_mean,47900,Transit_share,1454,0.1140755674436493,0.0827076519538671,-0.0313679154897822,0.0874711705084439,0.1260514886356763,-0.0660143597331825
test_12060_47900,10,12060,47900,train_global_mean,47900,NonTransit_share,1454,0.0756307638173242,0.0662646243294411,-0.009366139487883,0.0595937065131747,0.1052481105426137,-0.0079826239807443
test_12060_47900,10,12060,47900,train_global_mean,47900,avg,1454,,,,0.0926262716544275,0.1416612976309363,-0.0400916238411647
test_14460_16980,11,14460,16980,nearest_train_city_mean,14460,Car_share,1115,0.7720657517114665,0.7414678936146541,-0.0305978580968123,0.1463402693189983,0.1907326033432874,0.2981370797104447
test_14460_16980,11,14460,16980,nearest_train_city_mean,14460,Transit_share,1115,0.1220790640614959,0.1716841026907793,0.0496050386292834,0.0982239979879017,0.1284245324616449,0.0611547014488733
test_14460_16980,11,14460,16980,nearest_train_city_mean,14460,NonTransit_share,1115,0.1058551842270376,0.0868480036945664,-0.0190071805324711,0.0810977706061217,0.1379481983425817,0.084130885310137
test_14460_16980,11,14460,16980,nearest_train_city_mean,14460,avg,1115,,,,0.1085540126376739,0.152368444715838,0.1478075554898183
test_14460_16980,11,14460,16980,nearest_train_city_mean,16980,Car_share,1889,0.8199207145684457,0.8856613935323862,0.0657406789639403,0.1290088461542137,0.1896017287536875,-0.1626763800894888
test_14460_16980,11,14460,16980,nearest_train_city_mean,16980,Transit_share,1889,0.1202228473938361,0.0581696024252281,-0.0620532449686079,0.1003602480136878,0.1510082853902013,-0.3074241469954455
test_14460_16980,11,14460,16980,nearest_train_city_mean,16980,NonTransit_share,1889,0.059856438037718,0.0561690040423856,-0.0036874339953324,0.0472240292516274,0.0812318436205068,0.0394883340222058
test_14460_16980,11,14460,16980,nearest_train_city_mean,16980,avg,1889,,,,0.0921977078065096,0.1406139525881319,-0.1435373976875761
test_14460_16980,11,14460,16980,test_city_oracle_mean,14460,Car_share,1115,0.7720657517114665,0.7720657517114664,-3.1862902948883417e-18,0.181195221125225,0.2276663196779798,1.1102230246251563e-16
test_14460_16980,11,14460,16980,test_city_oracle_mean,14460,Transit_share,1115,0.1220790640614959,0.1220790640614959,0.0,0.105544115146397,0.1325412235410779,0.0
test_14460_16980,11,14460,16980,test_city_oracle_mean,14460,NonTransit_share,1115,0.1058551842270376,0.1058551842270376,1.1152016032109197e-17,0.0963312261757294,0.1441449148349586,0.0
test_14460_16980,11,14460,16980,test_city_oracle_mean,14460,avg,1115,,,,0.1276901874824505,0.1681174860180055,3.7007434154171876e-17
test_14460_16980,11,14460,16980,test_city_oracle_mean,16980,Car_share,1889,0.8199207145684457,0.8199207145684455,1.504590229243198e-17,0.1404013456084663,0.1758380536613731,0.0
test_14460_16980,11,14460,16980,test_city_oracle_mean,16980,Transit_share,1889,0.1202228473938361,0.1202228473938361,-3.761475573107995e-18,0.1049060271036958,0.1320664565613299,-2.220446049250313e-16
test_14460_16980,11,14460,16980,test_city_oracle_mean,16980,NonTransit_share,1889,0.059856438037718,0.059856438037718,-4.701844466384993e-18,0.0496492569997173,0.082884817966976,0.0
test_14460_16980,11,14460,16980,test_city_oracle_mean,16980,avg,1889,,,,0.0983188765706265,0.1302631093965597,-7.401486830834377e-17
test_14460_16980,11,14460,16980,train_global_mean,14460,Car_share,1115,0.7720657517114665,0.8676745888084624,0.0956088370969956,0.165608016562314,0.2469271205168763,-0.1763593532860363
test_14460_16980,11,14460,16980,train_global_mean,14460,Transit_share,1115,0.1220790640614959,0.0705811810796561,-0.0514978829818397,0.0980024031326737,0.1421942610986015,-0.1509651842166566
test_14460_16980,11,14460,16980,train_global_mean,14460,NonTransit_share,1115,0.1058551842270376,0.0617442301118817,-0.0441109541151558,0.0825597086769868,0.1507432676630265,-0.0936470824219495
test_14460_16980,11,14460,16980,train_global_mean,14460,avg,1115,,,,0.1153900427906582,0.1799548830928348,-0.1403238733082141
test_14460_16980,11,14460,16980,train_global_mean,16980,Car_share,1889,0.8199207145684457,0.8676745888084623,0.0477538742400163,0.1301583686782519,0.1822071722527717,-0.073755003317165
test_14460_16980,11,14460,16980,train_global_mean,16980,Transit_share,1889,0.1202228473938361,0.0705811810796561,-0.04964166631418,0.0963322272470015,0.1410880717251251,-0.1412887720982443
test_14460_16980,11,14460,16980,train_global_mean,16980,NonTransit_share,1889,0.059856438037718,0.0617442301118817,0.0018877920741636,0.0503340625440341,0.0829063134407388,-0.0005187502759707
test_14460_16980,11,14460,16980,train_global_mean,16980,avg,1889,,,,0.0922748861564292,0.1354005191395452,-0.07185417523046
test_14460_19100,12,14460,19100,nearest_train_city_mean,14460,Car_share,1115,0.7720657517114665,0.7410306118738936,-0.0310351398375728,0.1458595901364607,0.1896849822248806,0.3058260335795919
test_14460_19100,12,14460,19100,nearest_train_city_mean,14460,Transit_share,1115,0.1220790640614959,0.1718066662670409,0.049727602205545,0.0980775187158539,0.1277753402138183,0.0706225277986682
test_14460_19100,12,14460,19100,nearest_train_city_mean,14460,NonTransit_share,1115,0.1058551842270376,0.0871627218590653,-0.0186924623679722,0.0811543285338567,0.1378769093406011,0.0850772481512688
test_14460_19100,12,14460,19100,nearest_train_city_mean,14460,avg,1115,,,,0.1083638124620571,0.1517790772597667,0.153841936509843
test_14460_19100,12,14460,19100,nearest_train_city_mean,19100,Car_share,1461,0.95638894917424,0.9172571315519908,-0.039131817622249,0.0596904428954965,0.0852600647448636,-1.6665555577703697
test_14460_19100,12,14460,19100,nearest_train_city_mean,19100,Transit_share,1461,0.0106595390894972,0.0334658988901344,0.0228063598006371,0.0325303934117132,0.054374740665208,-3.4477709464222173
test_14460_19100,12,14460,19100,nearest_train_city_mean,19100,NonTransit_share,1461,0.0329515117362626,0.0492769695578746,0.0163254578216119,0.0351509833119778,0.0471118123425941,-0.2392855630214561
test_14460_19100,12,14460,19100,nearest_train_city_mean,19100,avg,1461,,,,0.0424572732063958,0.0622488725842219,-1.7845373557380142
test_14460_19100,12,14460,19100,test_city_oracle_mean,14460,Car_share,1115,0.7720657517114665,0.7720657517114664,-3.1862902948883417e-18,0.181195221125225,0.2276663196779798,1.1102230246251563e-16
test_14460_19100,12,14460,19100,test_city_oracle_mean,14460,Transit_share,1115,0.1220790640614959,0.1220790640614959,0.0,0.105544115146397,0.1325412235410779,0.0
test_14460_19100,12,14460,19100,test_city_oracle_mean,14460,NonTransit_share,1115,0.1058551842270376,0.1058551842270376,1.1152016032109197e-17,0.0963312261757294,0.1441449148349586,0.0
test_14460_19100,12,14460,19100,test_city_oracle_mean,14460,avg,1115,,,,0.1276901874824505,0.1681174860180055,3.7007434154171876e-17
test_14460_19100,12,14460,19100,test_city_oracle_mean,19100,Car_share,1461,0.95638894917424,0.95638894917424,4.1338899753325473e-17,0.0344301213021885,0.0522120012550674,-2.220446049250313e-16
test_14460_19100,12,14460,19100,test_city_oracle_mean,19100,Transit_share,1461,0.0106595390894972,0.0106595390894972,-6.079249963724334e-19,0.0144631572402117,0.0257825573128054,0.0
test_14460_19100,12,14460,19100,test_city_oracle_mean,19100,NonTransit_share,1461,0.0329515117362626,0.0329515117362626,-4.559437472793251e-19,0.0271096088727625,0.0423198496586982,0.0
test_14460_19100,12,14460,19100,test_city_oracle_mean,19100,avg,1461,,,,0.0253342958050542,0.0401048027421903,-7.401486830834377e-17
test_14460_19100,12,14460,19100,train_global_mean,14460,Car_share,1115,0.7720657517114665,0.8508701588005276,0.0788044070890611,0.1659506245539181,0.2409192555450365,-0.1198128606651998
test_14460_19100,12,14460,19100,train_global_mean,14460,Transit_share,1115,0.1220790640614959,0.0844424016755668,-0.037636662385929,0.098885034712841,0.1377813278108409,-0.0806343808800349
test_14460_19100,12,14460,19100,train_global_mean,14460,NonTransit_share,1115,0.1058551842270376,0.0646874395239056,-0.0411677447031319,0.0829497665853847,0.1499084376435153,-0.0815671897089906
test_14460_19100,12,14460,19100,train_global_mean,14460,avg,1115,,,,0.115928475284048,0.1762030069997976,-0.0940048104180751
test_14460_19100,12,14460,19100,train_global_mean,19100,Car_share,1461,0.95638894917424,0.8508701588005276,-0.1055187903737124,0.111902455675424,0.1177298101459041,-4.084312169601842
test_14460_19100,12,14460,19100,train_global_mean,19100,Transit_share,1461,0.0106595390894972,0.0844424016755668,0.0737828625860695,0.0761596728087226,0.0781578599565195,-8.18953074752696
test_14460_19100,12,14460,19100,train_global_mean,19100,NonTransit_share,1461,0.0329515117362626,0.0646874395239056,0.0317359277876429,0.0445239765601383,0.0528974364943832,-0.5623596683548926
test_14460_19100,12,14460,19100,train_global_mean,19100,avg,1461,,,,0.0775287016814283,0.0829283688656023,-4.278734195161232
test_14460_26420,13,14460,26420,nearest_train_city_mean,14460,Car_share,1115,0.7720657517114665,0.7413408394360885,-0.0307249122753779,0.1460512013739937,0.190014928764574,0.3034089787664511
test_14460_26420,13,14460,26420,nearest_train_city_mean,14460,Transit_share,1115,0.1220790640614959,0.1714600149585058,0.0493809508970099,0.0978257725767702,0.1273309142637932,0.0770763733060623
test_14460_26420,13,14460,26420,nearest_train_city_mean,14460,NonTransit_share,1115,0.1058551842270376,0.0871991456054055,-0.018656038621632,0.0812443061793244,0.1379321939868782,0.0843433860166615
test_14460_26420,13,14460,26420,nearest_train_city_mean,14460,avg,1115,,,,0.1083737600433628,0.1517593456717485,0.1549429126963916
test_14460_26420,13,14460,26420,nearest_train_city_mean,26420,Car_share,1249,0.9330075981070628,0.930808666849632,-0.0021989312574304,0.0627095947073257,0.1001557902454796,-0.3003780466860017
test_14460_26420,13,14460,26420,nearest_train_city_mean,26420,Transit_share,1249,0.0218770480956112,0.0263175613200234,0.0044405132244121,0.0327405594761789,0.0568907772973159,-0.8474283384607739
test_14460_26420,13,14460,26420,nearest_train_city_mean,26420,NonTransit_share,1249,0.0451153537973261,0.0428737718303444,-0.0022415819669816,0.040380201504111,0.0690904836927268,0.0009186345902836
test_14460_26420,13,14460,26420,nearest_train_city_mean,26420,avg,1249,,,,0.0452767852292052,0.0753790170785074,-0.382295916852164
test_14460_26420,13,14460,26420,test_city_oracle_mean,14460,Car_share,1115,0.7720657517114665,0.7720657517114664,-3.1862902948883417e-18,0.181195221125225,0.2276663196779798,1.1102230246251563e-16
test_14460_26420,13,14460,26420,test_city_oracle_mean,14460,Transit_share,1115,0.1220790640614959,0.1220790640614959,0.0,0.105544115146397,0.1325412235410779,0.0
test_14460_26420,13,14460,26420,test_city_oracle_mean,14460,NonTransit_share,1115,0.1058551842270376,0.1058551842270376,1.1152016032109197e-17,0.0963312261757294,0.1441449148349586,0.0
test_14460_26420,13,14460,26420,test_city_oracle_mean,14460,avg,1115,,,,0.1276901874824505,0.1681174860180055,3.7007434154171876e-17
test_14460_26420,13,14460,26420,test_city_oracle_mean,26420,Car_share,1249,0.9330075981070628,0.9330075981070628,1.2942231576094698e-16,0.0578307466320973,0.0878296692833678,0.0
test_14460_26420,13,14460,26420,test_city_oracle_mean,26420,Transit_share,1249,0.0218770480956112,0.0218770480956112,-2.844446500240593e-18,0.0264340083911753,0.0418560332188175,0.0
test_14460_26420,13,14460,26420,test_city_oracle_mean,26420,NonTransit_share,1249,0.0451153537973261,0.0451153537973261,0.0,0.0416066990007584,0.0691222400278432,0.0
test_14460_26420,13,14460,26420,test_city_oracle_mean,26420,avg,1249,,,,0.0419571513413437,0.0662693141766762,0.0
test_14460_26420,13,14460,26420,train_global_mean,14460,Car_share,1115,0.7720657517114665,0.8547498918210746,0.0826841401096082,0.1657903467540026,0.2422160608658753,-0.1319006252842196
test_14460_26420,13,14460,26420,train_global_mean,14460,Transit_share,1115,0.1220790640614959,0.0822117061503367,-0.0398673579111591,0.0986727284397779,0.1384073053150825,-0.0904759098700405
test_14460_26420,13,14460,26420,train_global_mean,14460,NonTransit_share,1115,0.1058551842270376,0.0630384020285886,-0.0428167821984489,0.0827156538152847,0.1503696555512677,-0.0882326655542109
test_14460_26420,13,14460,26420,train_global_mean,14460,avg,1115,,,,0.1157262430030218,0.1769976739107418,-0.103536400236157
test_14460_26420,13,14460,26420,train_global_mean,26420,Car_share,1249,0.9330075981070628,0.8547498918210746,-0.0782577062859879,0.105366677774357,0.1176363863758562,-0.7939108448757515
test_14460_26420,13,14460,26420,train_global_mean,26420,Transit_share,1249,0.0218770480956112,0.0822117061503368,0.0603346580547255,0.0688640207606152,0.073431590473007,-2.077866194600993
test_14460_26420,13,14460,26420,train_global_mean,26420,NonTransit_share,1249,0.0451153537973261,0.0630384020285886,0.0179230482312625,0.0507791567464602,0.0714081208572732,-0.0672338745418148
test_14460_26420,13,14460,26420,train_global_mean,26420,avg,1249,,,,0.0750032850938108,0.0874920325687121,-0.9796703046728532
test_14460_31080,14,14460,31080,nearest_train_city_mean,14460,Car_share,1115,0.7720657517114665,0.7342278677407742,-0.0378378839706921,0.1449543635103512,0.1843378158301601,0.344411539554146
test_14460_31080,14,14460,31080,nearest_train_city_mean,14460,Transit_share,1115,0.1220790640614959,0.1774588042848396,0.0553797402233437,0.0997328653137605,0.1294839416475827,0.0456012278814389
test_14460_31080,14,14460,31080,nearest_train_city_mean,14460,NonTransit_share,1115,0.1058551842270376,0.0883133279743859,-0.0175418562526516,0.0805469884575816,0.1360775451782767,0.1088018417192149
test_14460_31080,14,14460,31080,nearest_train_city_mean,14460,avg,1115,,,,0.1084114057605644,0.1499664342186731,0.1662715363849333
test_14460_31080,14,14460,31080,nearest_train_city_mean,31080,Car_share,1730,0.893875738545826,0.7907373019812258,-0.1031384365646,0.1445663991404946,0.180736563734211,-2.153781963269381
test_14460_31080,14,14460,31080,nearest_train_city_mean,31080,Transit_share,1730,0.0492006366811609,0.1205207714518407,0.0713201347706798,0.0980172395832824,0.12831262492259,-2.617036409609307
test_14460_31080,14,14460,31080,nearest_train_city_mean,31080,NonTransit_share,1730,0.056923624773013,0.0887419265669333,0.0318183017939202,0.0588027058954971,0.0801550966813693,-0.4564327849896548
test_14460_31080,14,14460,31080,nearest_train_city_mean,31080,avg,1730,,,,0.1004621148730914,0.1297347617793901,-1.7424170526227811
test_14460_31080,14,14460,31080,test_city_oracle_mean,14460,Car_share,1115,0.7720657517114665,0.7720657517114664,-3.1862902948883417e-18,0.181195221125225,0.2276663196779798,1.1102230246251563e-16
test_14460_31080,14,14460,31080,test_city_oracle_mean,14460,Transit_share,1115,0.1220790640614959,0.1220790640614959,0.0,0.105544115146397,0.1325412235410779,0.0
test_14460_31080,14,14460,31080,test_city_oracle_mean,14460,NonTransit_share,1115,0.1058551842270376,0.1058551842270376,1.1152016032109197e-17,0.0963312261757294,0.1441449148349586,0.0
test_14460_31080,14,14460,31080,test_city_oracle_mean,14460,avg,1115,,,,0.1276901874824505,0.1681174860180055,3.7007434154171876e-17
test_14460_31080,14,14460,31080,test_city_oracle_mean,31080,Car_share,1730,0.893875738545826,0.8938757385458261,-2.464310066220001e-17,0.0689295593652233,0.1017724403641563,0.0
test_14460_31080,14,14460,31080,test_city_oracle_mean,31080,Transit_share,1730,0.0492006366811609,0.0492006366811609,-4.107183443700001e-18,0.0446092832820056,0.0674672408126019,0.0
test_14460_31080,14,14460,31080,test_city_oracle_mean,31080,NonTransit_share,1730,0.056923624773013,0.056923624773013,0.0,0.0383785160754033,0.0664180191427133,0.0
test_14460_31080,14,14460,31080,test_city_oracle_mean,31080,avg,1730,,,,0.0506391195742107,0.0785525667731571,0.0
test_14460_31080,14,14460,31080,train_global_mean,14460,Car_share,1115,0.7720657517114665,0.8570958300287999,0.0850300783173335,0.1657082915162436,0.2430268860319121,-0.1394914484991614
test_14460_31080,14,14460,31080,train_global_mean,14460,Transit_share,1115,0.1220790640614959,0.0807873510357038,-0.0412917130257921,0.0985503032747107,0.138824282826782,-0.0970563265629362
test_14460_31080,14,14460,31080,train_global_mean,14460,NonTransit_share,1115,0.1058551842270376,0.0621168189354961,-0.0437383652915414,0.0826019453867603,0.1506346609222253,-0.0920717595705169
test_14460_31080,14,14460,31080,train_global_mean,14460,avg,1115,,,,0.1156201800592382,0.1774952765936398,-0.1095398448775382
test_14460_31080,14,14460,31080,train_global_mean,31080,Car_share,1730,0.893875738545826,0.8570958300287999,-0.0367799085170259,0.0847875689871187,0.1082145613501092,-0.1306053335033579
test_14460_31080,14,14460,31080,train_global_mean,31080,Transit_share,1730,0.0492006366811609,0.0807873510357038,0.0315867143545428,0.0605438596894105,0.074495295868807,-0.2191911460530804
test_14460_31080,14,14460,31080,train_global_mean,31080,NonTransit_share,1730,0.056923624773013,0.0621168189354961,0.005193194162483,0.0399930474085593,0.0666207365048682,-0.0061136036898166
test_14460_31080,14,14460,31080,train_global_mean,31080,avg,1730,,,,0.0617748253616962,0.0831101979079281,-0.1186366944154183
test_14460_33100,15,14460,33100,nearest_train_city_mean,14460,Car_share,1115,0.7720657517114665,0.7405135811035142,-0.0315521706079523,0.146573332099709,0.190039980716322,0.3032252867255069
test_14460_33100,15,14460,33100,nearest_train_city_mean,14460,Transit_share,1115,0.1220790640614959,0.1720995725227588,0.0500205084612628,0.098341906401618,0.1273845508055805,0.0762986696652237
test_14460_33100,15,14460,33100,nearest_train_city_mean,14460,NonTransit_share,1115,0.1058551842270376,0.087386846373727,-0.0184683378533105,0.0812081639397928,0.1379447988979511,0.0841760241088963
test_14460_33100,15,14460,33100,nearest_train_city_mean,14460,avg,1115,,,,0.1087078008137066,0.1517897768066179,0.1545666601665423
test_14460_33100,15,14460,33100,nearest_train_city_mean,33100,Car_share,1477,0.9161203189025324,0.8997009530637143,-0.0164193658388179,0.0760895515514634,0.113786163121949,-0.560435680418784
test_14460_33100,15,14460,33100,nearest_train_city_mean,33100,Transit_share,1477,0.0289907135589175,0.0463801272789968,0.0173894137200793,0.0468115748716315,0.0799022359989509,-2.143167038221826
test_14460_33100,15,14460,33100,nearest_train_city_mean,33100,NonTransit_share,1477,0.0548889675385499,0.0539189196572887,-0.0009700478812612,0.0434459870503477,0.0705353614144853,0.0346996627836678
test_14460_33100,15,14460,33100,nearest_train_city_mean,33100,avg,1477,,,,0.0554490378244809,0.0880745868451284,-0.8896343519523141
test_14460_33100,15,14460,33100,test_city_oracle_mean,14460,Car_share,1115,0.7720657517114665,0.7720657517114664,-3.1862902948883417e-18,0.181195221125225,0.2276663196779798,1.1102230246251563e-16
test_14460_33100,15,14460,33100,test_city_oracle_mean,14460,Transit_share,1115,0.1220790640614959,0.1220790640614959,0.0,0.105544115146397,0.1325412235410779,0.0
test_14460_33100,15,14460,33100,test_city_oracle_mean,14460,NonTransit_share,1115,0.1058551842270376,0.1058551842270376,1.1152016032109197e-17,0.0963312261757294,0.1441449148349586,0.0
test_14460_33100,15,14460,33100,test_city_oracle_mean,14460,avg,1115,,,,0.1276901874824505,0.1681174860180055,3.7007434154171876e-17
test_14460_33100,15,14460,33100,test_city_oracle_mean,33100,Car_share,1477,0.9161203189025324,0.9161203189025324,3.126965323250272e-17,0.0621981199848064,0.0910891222437087,0.0
test_14460_33100,15,14460,33100,test_city_oracle_mean,33100,Transit_share,1477,0.0289907135589175,0.0289907135589175,-6.013394852404368e-19,0.0299046602960782,0.0450687177492427,-2.220446049250313e-16
test_14460_33100,15,14460,33100,test_city_oracle_mean,33100,NonTransit_share,1477,0.0548889675385499,0.0548889675385499,-3.608036911442621e-18,0.0443753394411696,0.0717919363260635,0.0
test_14460_33100,15,14460,33100,test_city_oracle_mean,33100,avg,1477,,,,0.045492706574018,0.0693165921063383,-7.401486830834377e-17
test_14460_33100,15,14460,33100,train_global_mean,14460,Car_share,1115,0.7720657517114665,0.8552933096819152,0.0832275579704488,0.1657713393131301,0.2424021029641462,-0.1336400808640205
test_14460_33100,15,14460,33100,train_global_mean,14460,Transit_share,1115,0.1220790640614959,0.0824604178340087,-0.0396186462274871,0.0986949038144396,0.1383358704988145,-0.089350566901557
test_14460_33100,15,14460,33100,train_global_mean,14460,NonTransit_share,1115,0.1058551842270376,0.0622462724840758,-0.0436089117429617,0.0826171726387714,0.1505971236650385,-0.0915275518748639
test_14460_33100,15,14460,33100,train_global_mean,14460,avg,1115,,,,0.1156944719221137,0.1771116990426664,-0.1048393998801471
test_14460_33100,15,14460,33100,train_global_mean,33100,Car_share,1477,0.9161203189025324,0.8552933096819152,-0.060827009220617,0.0932626911270866,0.1095315171165557,-0.4459230197719139
test_14460_33100,15,14460,33100,train_global_mean,33100,Transit_share,1477,0.0289907135589175,0.0824604178340087,0.0534697042750911,0.0639194846848954,0.0699299549179506,-1.4075543070912535
test_14460_33100,15,14460,33100,train_global_mean,33100,NonTransit_share,1477,0.0548889675385499,0.0622462724840758,0.0073573049455258,0.0470928177995908,0.0721679434202404,-0.010502342567696
test_14460_33100,15,14460,33100,train_global_mean,33100,avg,1477,,,,0.068091664537191,0.0838764718182489,-0.6213265564769545
test_14460_35620,16,14460,35620,nearest_train_city_mean,14460,Car_share,1115,0.7720657517114665,0.8069492381609379,0.0348834864494713,0.1541277951194057,0.2144982526469546,0.1123332689030753
test_14460_35620,16,14460,35620,nearest_train_city_mean,14460,Transit_share,1115,0.1220790640614959,0.1096777642844002,-0.0124012997770956,0.0934122059755343,0.1243051862674191,0.1204175680987261
test_14460_35620,16,14460,35620,nearest_train_city_mean,14460,NonTransit_share,1115,0.1058551842270376,0.0833729975546618,-0.0224821866723757,0.0815989642362914,0.1408003035926766,0.0458678482557163
test_14460_35620,16,14460,35620,nearest_train_city_mean,14460,avg,1115,,,,0.1097129884437438,0.1598679141690167,0.0928728950858392
test_14460_35620,16,14460,35620,nearest_train_city_mean,35620,Car_share,885,0.5502563812813035,0.8201938160340642,0.2699374347527606,0.3375688245235842,0.4327655879356455,-0.8981582591821973
test_14460_35620,16,14460,35620,nearest_train_city_mean,35620,Transit_share,885,0.3300176550685805,0.0990914191683153,-0.2309262359002651,0.2702428326337664,0.3581475674249041,-0.9751156036735258
test_14460_35620,16,14460,35620,nearest_train_city_mean,35620,NonTransit_share,885,0.1197259636501158,0.0807147647976202,-0.0390111988524955,0.09094075185672,0.1329317570114611,-0.1202974034164283
test_14460_35620,16,14460,35620,nearest_train_city_mean,35620,avg,885,,,,0.2329174696713568,0.3079483041240036,-0.6645237554240505
test_14460_35620,16,14460,35620,test_city_oracle_mean,14460,Car_share,1115,0.7720657517114665,0.7720657517114664,-3.1862902948883417e-18,0.181195221125225,0.2276663196779798,1.1102230246251563e-16
test_14460_35620,16,14460,35620,test_city_oracle_mean,14460,Transit_share,1115,0.1220790640614959,0.1220790640614959,0.0,0.105544115146397,0.1325412235410779,0.0
test_14460_35620,16,14460,35620,test_city_oracle_mean,14460,NonTransit_share,1115,0.1058551842270376,0.1058551842270376,1.1152016032109197e-17,0.0963312261757294,0.1441449148349586,0.0
test_14460_35620,16,14460,35620,test_city_oracle_mean,14460,avg,1115,,,,0.1276901874824505,0.1681174860180055,3.7007434154171876e-17
test_14460_35620,16,14460,35620,test_city_oracle_mean,35620,Car_share,885,0.5502563812813035,0.5502563812813035,-2.81005601713034e-17,0.2844608796350297,0.3141134337528695,0.0
test_14460_35620,16,14460,35620,test_city_oracle_mean,35620,Transit_share,885,0.3300176550685805,0.3300176550685805,-3.2114925910061026e-17,0.2279113368824296,0.2548389140423297,0.0
test_14460_35620,16,14460,35620,test_city_oracle_mean,35620,NonTransit_share,885,0.1197259636501158,0.1197259636501158,-2.007182869378814e-18,0.0940906499915756,0.1255920300431169,0.0
test_14460_35620,16,14460,35620,test_city_oracle_mean,35620,avg,885,,,,0.202154288836345,0.231514792612772,0.0
test_14460_35620,16,14460,35620,train_global_mean,14460,Car_share,1115,0.7720657517114665,0.8816387130833501,0.1095729613718835,0.1664084473557973,0.2526621993483006,-0.2316376895348715
test_14460_35620,16,14460,35620,train_global_mean,14460,Transit_share,1115,0.1220790640614959,0.0606354996113459,-0.0614435644501499,0.0980453227996708,0.1460906826259147,-0.2149071441940504
test_14460_35620,16,14460,35620,train_global_mean,14460,NonTransit_share,1115,0.1058551842270376,0.0577257873053039,-0.0481293969217336,0.0822018760145427,0.1519677443434206,-0.1114864759862173
test_14460_35620,16,14460,35620,train_global_mean,14460,avg,1115,,,,0.1155518820566702,0.1835735421058786,-0.1860104365717131
test_14460_35620,16,14460,35620,train_global_mean,35620,Car_share,885,0.5502563812813035,0.8816387130833498,0.3313823318020464,0.3536585297985038,0.4565977431991752,-1.1129756900054613
test_14460_35620,16,14460,35620,train_global_mean,35620,Transit_share,885,0.3300176550685805,0.0606354996113459,-0.2693821554572345,0.282237159899335,0.3708228927521326,-1.117393538671439
test_14460_35620,16,14460,35620,train_global_mean,35620,NonTransit_share,885,0.1197259636501158,0.0577257873053039,-0.0620001763448118,0.0892667769884954,0.1400620572358515,-0.2437034564399764
test_14460_35620,16,14460,35620,train_global_mean,35620,avg,885,,,,0.2417208222287781,0.3224942310623864,-0.824690895038959
test_14460_38060,17,14460,38060,nearest_train_city_mean,14460,Car_share,1115,0.7720657517114665,0.7353101752979774,-0.036755576413489,0.1499179775732439,0.1916294349585754,0.291521192331679
test_14460_38060,17,14460,38060,nearest_train_city_mean,14460,Transit_share,1115,0.1220790640614959,0.176220277148862,0.0541412130873661,0.1011994196993022,0.1295193886008007,0.0450786123533
test_14460_38060,17,14460,38060,nearest_train_city_mean,14460,NonTransit_share,1115,0.1058551842270376,0.0884695475531604,-0.0173856366738771,0.0819231358832843,0.1380826088229358,0.0823452529954908
test_14460_38060,17,14460,38060,nearest_train_city_mean,14460,avg,1115,,,,0.1110135110519435,0.1530771441274373,0.1396483525601566
test_14460_38060,17,14460,38060,nearest_train_city_mean,38060,Car_share,1086,0.938708022053798,0.914088591882006,-0.024619430171792,0.0501009327292722,0.0651300271797963,-0.2458272304566238
test_14460_38060,17,14460,38060,nearest_train_city_mean,38060,Transit_share,1086,0.0140134473721929,0.036713403534468,0.0226999561622751,0.0300412878700249,0.036207426767837,-1.0545196458390451
test_14460_38060,17,14460,38060,nearest_train_city_mean,38060,NonTransit_share,1086,0.0472785305740088,0.0491980045835257,0.0019194740095169,0.0309945415450213,0.0475704217840331,0.0023453251643485
test_14460_38060,17,14460,38060,nearest_train_city_mean,38060,avg,1086,,,,0.0370455873814395,0.0496359585772221,-0.4326671837104401
test_14460_38060,17,14460,38060,test_city_oracle_mean,14460,Car_share,1115,0.7720657517114665,0.7720657517114664,-3.1862902948883417e-18,0.181195221125225,0.2276663196779798,1.1102230246251563e-16
test_14460_38060,17,14460,38060,test_city_oracle_mean,14460,Transit_share,1115,0.1220790640614959,0.1220790640614959,0.0,0.105544115146397,0.1325412235410779,0.0
test_14460_38060,17,14460,38060,test_city_oracle_mean,14460,NonTransit_share,1115,0.1058551842270376,0.1058551842270376,1.1152016032109197e-17,0.0963312261757294,0.1441449148349586,0.0
test_14460_38060,17,14460,38060,test_city_oracle_mean,14460,avg,1115,,,,0.1276901874824505,0.1681174860180055,3.7007434154171876e-17
test_14460_38060,17,14460,38060,test_city_oracle_mean,38060,Car_share,1086,0.938708022053798,0.9387080220537982,8.628252603900847e-17,0.0388244502944113,0.0583515436952534,0.0
test_14460_38060,17,14460,38060,test_city_oracle_mean,38060,Transit_share,1086,0.0140134473721929,0.0140134473721929,-4.089219243554905e-19,0.0168234859954746,0.0252605331022386,0.0
test_14460_38060,17,14460,38060,test_city_oracle_mean,38060,NonTransit_share,1086,0.0472785305740088,0.0472785305740088,-3.475836357021669e-18,0.0303519470022245,0.0476263041536573,0.0
test_14460_38060,17,14460,38060,test_city_oracle_mean,38060,avg,1086,,,,0.0286666277640368,0.0437461269837165,0.0
test_14460_38060,17,14460,38060,train_global_mean,14460,Car_share,1115,0.7720657517114665,0.8552378039582964,0.0831720522468302,0.1657732807689338,0.2423830509558487,-0.1334618871009116
test_14460_38060,17,14460,38060,train_global_mean,14460,Transit_share,1115,0.1220790640614959,0.082115490419266,-0.0399635736422298,0.0986643292084815,0.1384350503161101,-0.0909131452838987
test_14460_38060,17,14460,38060,train_global_mean,14460,NonTransit_share,1115,0.1058551842270376,0.0626467056224372,-0.0432084786046003,0.0826656527871756,0.1504816570087586,-0.0898543895136256
test_14460_38060,17,14460,38060,train_global_mean,14460,avg,1115,,,,0.115701087588197,0.1770999194269058,-0.104743140632812
test_14460_38060,17,14460,38060,train_global_mean,38060,Car_share,1086,0.938708022053798,0.8552378039582964,-0.0834702180955015,0.0928113057733785,0.101843899967203,-2.046248607312623
test_14460_38060,17,14460,38060,train_global_mean,38060,Transit_share,1086,0.0140134473721929,0.082115490419266,0.0681020430470731,0.0701161101100275,0.0726359607893686,-7.26834039498841
test_14460_38060,17,14460,38060,train_global_mean,38060,NonTransit_share,1086,0.0472785305740088,0.0626467056224372,0.0153681750484283,0.036430592458172,0.0500444367702926,-0.1041239979522019
test_14460_38060,17,14460,38060,train_global_mean,38060,avg,1086,,,,0.0664526694471926,0.0748414325089547,-3.139571000084412
test_14460_41860,18,14460,41860,nearest_train_city_mean,14460,Car_share,1115,0.7720657517114665,0.7367742421125167,-0.0352915095989496,0.1466489429537051,0.1899081024734795,0.3041920047936187
test_14460_41860,18,14460,41860,nearest_train_city_mean,14460,Transit_share,1115,0.1220790640614959,0.1759048706844488,0.0538258066229529,0.0995321435968683,0.1295164022931583,0.0451226467823243
test_14460_41860,18,14460,41860,nearest_train_city_mean,14460,NonTransit_share,1115,0.1058551842270376,0.0873208872030343,-0.0185342970240032,0.0810328299092542,0.1376925729098906,0.0875220498716736
test_14460_41860,18,14460,41860,nearest_train_city_mean,14460,avg,1115,,,,0.1090713054866092,0.1523723592255095,0.1456122338158722
test_14460_41860,18,14460,41860,nearest_train_city_mean,41860,Car_share,952,0.7368668640401761,0.7595813494472441,0.022714485407068,0.2084850463256869,0.2797000465728431,-0.6269516437111455
test_14460_41860,18,14460,41860,nearest_train_city_mean,41860,Transit_share,952,0.15000655037683,0.1588638918684446,0.0088573414916145,0.1450019794188108,0.1844834404480188,-1.1945502782211848
test_14460_41860,18,14460,41860,nearest_train_city_mean,41860,NonTransit_share,952,0.1131265855829938,0.0815547586843112,-0.0315718268986826,0.0860803604036163,0.1383966173103279,-0.1345262036781644
test_14460_41860,18,14460,41860,nearest_train_city_mean,41860,avg,952,,,,0.1465224620493713,0.2008600347770633,-0.6520093752034982
test_14460_41860,18,14460,41860,test_city_oracle_mean,14460,Car_share,1115,0.7720657517114665,0.7720657517114664,-3.1862902948883417e-18,0.181195221125225,0.2276663196779798,1.1102230246251563e-16
test_14460_41860,18,14460,41860,test_city_oracle_mean,14460,Transit_share,1115,0.1220790640614959,0.1220790640614959,0.0,0.105544115146397,0.1325412235410779,0.0
test_14460_41860,18,14460,41860,test_city_oracle_mean,14460,NonTransit_share,1115,0.1058551842270376,0.1058551842270376,1.1152016032109197e-17,0.0963312261757294,0.1441449148349586,0.0
test_14460_41860,18,14460,41860,test_city_oracle_mean,14460,avg,1115,,,,0.1276901874824505,0.1681174860180055,3.7007434154171876e-17
test_14460_41860,18,14460,41860,test_city_oracle_mean,41860,Car_share,952,0.7368668640401761,0.7368668640401759,-5.970947359328573e-17,0.1759320687871636,0.2192831272607594,0.0
test_14460_41860,18,14460,41860,test_city_oracle_mean,41860,Transit_share,952,0.15000655037683,0.15000655037683,1.1195526298741076e-17,0.1017127602237355,0.1245330491047004,0.0
test_14460_41860,18,14460,41860,test_city_oracle_mean,41860,NonTransit_share,952,0.1131265855829938,0.1131265855829938,-7.463684199160716e-18,0.0916057625950231,0.1299326241638932,0.0
test_14460_41860,18,14460,41860,test_city_oracle_mean,41860,avg,952,,,,0.1230835305353074,0.1579162668431177,0.0
test_14460_41860,18,14460,41860,train_global_mean,14460,Car_share,1115,0.7720657517114665,0.8702001138665942,0.0981343621551279,0.1656846848817076,0.2479159255701616,-0.185799539795342
test_14460_41860,18,14460,41860,train_global_mean,14460,Transit_share,1115,0.1220790640614959,0.0719174692398162,-0.0501615948216796,0.0980459722057756,0.1417157772896877,-0.1432322192234125
test_14460_41860,18,14460,41860,train_global_mean,14460,NonTransit_share,1115,0.1058551842270376,0.0578824168935893,-0.0479727673334482,0.0822125645558645,0.1519182111479945,-0.1107620261429276
test_14460_41860,18,14460,41860,train_global_mean,14460,avg,1115,,,,0.1153144072144493,0.1805166380026146,-0.1465979283872274
test_14460_41860,18,14460,41860,train_global_mean,41860,Car_share,952,0.7368668640401761,0.8702001138665945,0.1333332498264183,0.1685121627016637,0.2566375759909926,-0.3697145112087816
test_14460_41860,18,14460,41860,train_global_mean,41860,Transit_share,952,0.15000655037683,0.0719174692398162,-0.0780890811370137,0.1026667413311263,0.1469911048741958,-0.3931980740388212
test_14460_41860,18,14460,41860,train_global_mean,41860,NonTransit_share,952,0.1131265855829938,0.0578824168935893,-0.0552441686894045,0.0813441215692838,0.1411892524107232,-0.1807742073984894
test_14460_41860,18,14460,41860,train_global_mean,41860,avg,952,,,,0.1175076752006913,0.1816059777586372,-0.3145622642153641
test_14460_42660,19,14460,42660,nearest_train_city_mean,14460,Car_share,1115,0.7720657517114665,0.7269752190077982,-0.0450905327036684,0.15106133025503,0.1941650971152032,0.2726478036899379
test_14460_42660,19,14460,42660,nearest_train_city_mean,14460,Transit_share,1115,0.1220790640614959,0.1841560178746327,0.0620769538131368,0.1039482740051578,0.1341172695188396,-0.0239233697500342
test_14460_42660,19,14460,42660,nearest_train_city_mean,14460,NonTransit_share,1115,0.1058551842270376,0.0888687631175691,-0.0169864211094684,0.0816160285385681,0.1377322178785135,0.0869965259921786
test_14460_42660,19,14460,42660,nearest_train_city_mean,14460,avg,1115,,,,0.112208544266252,0.1553381948375188,0.1119069866440274
test_14460_42660,19,14460,42660,nearest_train_city_mean,42660,Car_share,860,0.8508559438203965,0.8029628966872825,-0.047893047133114,0.1295745324635588,0.1779988687585554,-0.2268962214941117
test_14460_42660,19,14460,42660,nearest_train_city_mean,42660,Transit_share,860,0.0774116577437936,0.1230540323416577,0.045642374597864,0.0849834058329938,0.11570242859547,-0.8480754770323085
test_14460_42660,19,14460,42660,nearest_train_city_mean,42660,NonTransit_share,860,0.0717323984358097,0.0739830709710596,0.0022506725352499,0.0601204112987098,0.1001839934819318,0.0206681423339468
test_14460_42660,19,14460,42660,nearest_train_city_mean,42660,avg,860,,,,0.0915594498650875,0.1312950969453191,-0.3514345187308245
test_14460_42660,19,14460,42660,test_city_oracle_mean,14460,Car_share,1115,0.7720657517114665,0.7720657517114664,-3.1862902948883417e-18,0.181195221125225,0.2276663196779798,1.1102230246251563e-16
test_14460_42660,19,14460,42660,test_city_oracle_mean,14460,Transit_share,1115,0.1220790640614959,0.1220790640614959,0.0,0.105544115146397,0.1325412235410779,0.0
test_14460_42660,19,14460,42660,test_city_oracle_mean,14460,NonTransit_share,1115,0.1058551842270376,0.1058551842270376,1.1152016032109197e-17,0.0963312261757294,0.1441449148349586,0.0
test_14460_42660,19,14460,42660,test_city_oracle_mean,14460,avg,1115,,,,0.1276901874824505,0.1681174860180055,3.7007434154171876e-17
test_14460_42660,19,14460,42660,test_city_oracle_mean,42660,Car_share,860,0.8508559438203965,0.8508559438203965,-8.26212483441977e-18,0.1134143761191713,0.1606990568051697,0.0
test_14460_42660,19,14460,42660,test_city_oracle_mean,42660,Transit_share,860,0.0774116577437936,0.0774116577437936,0.0,0.0628548273941971,0.0851103982711564,0.0
test_14460_42660,19,14460,42660,test_city_oracle_mean,42660,NonTransit_share,860,0.0717323984358097,0.0717323984358097,-4.1310624172098855e-18,0.0612807422687783,0.1012356319310942,0.0
test_14460_42660,19,14460,42660,test_city_oracle_mean,42660,avg,860,,,,0.0791833152607156,0.1156816956691401,0.0
test_14460_42660,19,14460,42660,train_global_mean,14460,Car_share,1115,0.7720657517114665,0.8621386266867217,0.090072874975255,0.1655733377954874,0.2448368353047066,-0.1565274375865246
test_14460_42660,19,14460,42660,train_global_mean,14460,Transit_share,1115,0.1220790640614959,0.0770055998588059,-0.0450734642026899,0.0982857473642086,0.1399956896229208,-0.1156484788692524
test_14460_42660,19,14460,42660,train_global_mean,14460,NonTransit_share,1115,0.1058551842270376,0.0608557734544724,-0.0449994107725651,0.0824648573952895,0.1510056404332485,-0.0974574407266293
test_14460_42660,19,14460,42660,train_global_mean,14460,avg,1115,,,,0.1154413141849952,0.1786127217869586,-0.1232111190608021
test_14460_42660,19,14460,42660,train_global_mean,42660,Car_share,860,0.8508559438203965,0.8621386266867217,0.0112826828663249,0.1093275992785418,0.1610946485477815,-0.0049294459245392
test_14460_42660,19,14460,42660,train_global_mean,42660,Transit_share,860,0.0774116577437936,0.0770055998588059,-0.0004060578849877,0.0627169230949458,0.0851113669076042,-2.2762012150678856e-05
test_14460_42660,19,14460,42660,train_global_mean,42660,NonTransit_share,860,0.0717323984358097,0.0608557734544724,-0.0108766249813372,0.0569884285529618,0.1018182407207699,-0.0115430748795579
test_14460_42660,19,14460,42660,train_global_mean,42660,avg,860,,,,0.0763443169754831,0.1160080853920518,-0.0054984276054159
test_14460_47900,20,14460,47900,nearest_train_city_mean,14460,Car_share,1115,0.7720657517114665,0.7822959605649904,0.010230208853524,0.1254195431351667,0.1827583204933288,0.3555982033905878
test_14460_47900,20,14460,47900,nearest_train_city_mean,14460,Transit_share,1115,0.1220790640614959,0.1412637623816539,0.019184698320158,0.0847064345320495,0.1240721002726495,0.1237131044510944
test_14460_47900,20,14460,47900,nearest_train_city_mean,14460,NonTransit_share,1115,0.1058551842270376,0.0764402770533555,-0.029414907173682,0.0746047840184102,0.1365590633642104,0.1024835712487483
test_14460_47900,20,14460,47900,nearest_train_city_mean,14460,avg,1115,,,,0.0949102538952088,0.1477964947100629,0.1939316263634768
test_14460_47900,20,14460,47900,nearest_train_city_mean,47900,Car_share,1454,0.8102936687390263,0.882045506058155,0.0717518373191287,0.1130031010624763,0.1828005235329564,0.0680060162828513
test_14460_47900,20,14460,47900,nearest_train_city_mean,47900,Transit_share,1454,0.1140755674436493,0.0630312657164189,-0.0510443017272304,0.0800421278484267,0.1248694869394826,-0.0461157761270196
test_14460_47900,20,14460,47900,nearest_train_city_mean,47900,NonTransit_share,1454,0.0756307638173242,0.0549232282254259,-0.0207075355918982,0.0527538385580937,0.1014600754033359,0.0632692193718312
test_14460_47900,20,14460,47900,nearest_train_city_mean,47900,avg,1454,,,,0.0819330224896655,0.136376695291925,0.0283864865092209
test_14460_47900,20,14460,47900,test_city_oracle_mean,14460,Car_share,1115,0.7720657517114665,0.7720657517114664,-3.1862902948883417e-18,0.181195221125225,0.2276663196779798,1.1102230246251563e-16
test_14460_47900,20,14460,47900,test_city_oracle_mean,14460,Transit_share,1115,0.1220790640614959,0.1220790640614959,0.0,0.105544115146397,0.1325412235410779,0.0
test_14460_47900,20,14460,47900,test_city_oracle_mean,14460,NonTransit_share,1115,0.1058551842270376,0.1058551842270376,1.1152016032109197e-17,0.0963312261757294,0.1441449148349586,0.0
test_14460_47900,20,14460,47900,test_city_oracle_mean,14460,avg,1115,,,,0.1276901874824505,0.1681174860180055,3.7007434154171876e-17
test_14460_47900,20,14460,47900,test_city_oracle_mean,47900,Car_share,1454,0.8102936687390263,0.8102936687390264,-5.3754952499044714e-17,0.1415997401385011,0.1893524290754373,0.0
test_14460_47900,20,14460,47900,test_city_oracle_mean,47900,Transit_share,1454,0.1140755674436493,0.1140755674436493,-1.22170346588738e-17,0.0942252919974983,0.1220861649209111,0.0
test_14460_47900,20,14460,47900,test_city_oracle_mean,47900,NonTransit_share,1454,0.0756307638173242,0.0756307638173241,-3.66511039766214e-18,0.0632373416255354,0.1048305308766666,1.1102230246251563e-16
test_14460_47900,20,14460,47900,test_city_oracle_mean,47900,avg,1454,,,,0.0996874579205116,0.1387563749576717,3.7007434154171876e-17
test_14460_47900,20,14460,47900,train_global_mean,14460,Car_share,1115,0.7720657517114665,0.8671569229574204,0.0950911712459541,0.1655964724373979,0.2467271447665284,-0.1744547582210558
test_14460_47900,20,14460,47900,train_global_mean,14460,Transit_share,1115,0.1220790640614959,0.0729140256620399,-0.0491650383994559,0.0980830298954139,0.1413661095828345,-0.1375975859400069
test_14460_47900,20,14460,47900,train_global_mean,14460,NonTransit_share,1115,0.1058551842270376,0.0599290513805393,-0.0459261328464982,0.0823758660883888,0.1512843883254702,-0.1015128693513005
test_14460_47900,20,14460,47900,train_global_mean,14460,avg,1115,,,,0.1153517894737336,0.1797925475582777,-0.1378550711707877
test_14460_47900,20,14460,47900,train_global_mean,47900,Car_share,1454,0.8102936687390263,0.8671569229574203,0.0568632542183941,0.1285734479086078,0.1977062772829286,-0.0901823730170305
test_14460_47900,20,14460,47900,train_global_mean,47900,Transit_share,1454,0.1140755674436493,0.0729140256620399,-0.0411615417816093,0.08649737066759,0.1288382869605735,-0.1136711789621194
test_14460_47900,20,14460,47900,train_global_mean,47900,NonTransit_share,1454,0.0756307638173242,0.0599290513805394,-0.0157017124367848,0.0577265080305643,0.1059999244213468,-0.0224346071204202
test_14460_47900,20,14460,47900,train_global_mean,47900,avg,1454,,,,0.090932442202254,0.1441814962216163,-0.0754293863665234
test_16980_19100,21,16980,19100,nearest_train_city_mean,16980,Car_share,1889,0.8199207145684457,0.8856371781488157,0.0657164635803698,0.1304635637640344,0.1898570873808726,-0.1658103112058604
test_16980_19100,21,16980,19100,nearest_train_city_mean,16980,Transit_share,1889,0.1202228473938361,0.0575742432882673,-0.0626486041055688,0.1017190966835189,0.1516479636972043,-0.3185242297684785
test_16980_19100,21,16980,19100,nearest_train_city_mean,16980,NonTransit_share,1889,0.059856438037718,0.056788578562917,-0.003067859474801,0.0477653599062545,0.0812462705366168,0.0391471266546691
test_16980_19100,21,16980,19100,nearest_train_city_mean,16980,avg,1889,,,,0.0933160067846026,0.1409171072048979,-0.1483958047732232
test_16980_19100,21,16980,19100,nearest_train_city_mean,19100,Car_share,1461,0.95638894917424,0.92077307815315,-0.03561587102109,0.0566558813211087,0.0809346239925886,-1.402857562256758
test_16980_19100,21,16980,19100,nearest_train_city_mean,19100,Transit_share,1461,0.0106595390894972,0.0303282488170685,0.0196687097275712,0.0295742343043399,0.0499442201769196,-2.7524808909894047
test_16980_19100,21,16980,19100,nearest_train_city_mean,19100,NonTransit_share,1461,0.0329515117362626,0.0488986730297816,0.0159471612935189,0.0349006345575789,0.0468327557714076,-0.2246477668468689
test_16980_19100,21,16980,19100,nearest_train_city_mean,19100,avg,1461,,,,0.0403769167276758,0.0592371999803053,-1.4599954066976772
test_16980_19100,21,16980,19100,test_city_oracle_mean,16980,Car_share,1889,0.8199207145684457,0.8199207145684455,1.504590229243198e-17,0.1404013456084663,0.1758380536613731,0.0
test_16980_19100,21,16980,19100,test_city_oracle_mean,16980,Transit_share,1889,0.1202228473938361,0.1202228473938361,-3.761475573107995e-18,0.1049060271036958,0.1320664565613299,-2.220446049250313e-16
test_16980_19100,21,16980,19100,test_city_oracle_mean,16980,NonTransit_share,1889,0.059856438037718,0.059856438037718,-4.701844466384993e-18,0.0496492569997173,0.082884817966976,0.0
test_16980_19100,21,16980,19100,test_city_oracle_mean,16980,avg,1889,,,,0.0983188765706265,0.1302631093965597,-7.401486830834377e-17
test_16980_19100,21,16980,19100,test_city_oracle_mean,19100,Car_share,1461,0.95638894917424,0.95638894917424,4.1338899753325473e-17,0.0344301213021885,0.0522120012550674,-2.220446049250313e-16
test_16980_19100,21,16980,19100,test_city_oracle_mean,19100,Transit_share,1461,0.0106595390894972,0.0106595390894972,-6.079249963724334e-19,0.0144631572402117,0.0257825573128054,0.0
test_16980_19100,21,16980,19100,test_city_oracle_mean,19100,NonTransit_share,1461,0.0329515117362626,0.0329515117362626,-4.559437472793251e-19,0.0271096088727625,0.0423198496586982,0.0
test_16980_19100,21,16980,19100,test_city_oracle_mean,19100,avg,1461,,,,0.0253342958050542,0.0401048027421903,-7.401486830834377e-17
test_16980_19100,21,16980,19100,train_global_mean,16980,Car_share,1889,0.8199207145684457,0.8484809970429995,0.0285602824745534,0.1333166556014204,0.1781423892577121,-0.0263814863989817
test_16980_19100,21,16980,19100,train_global_mean,16980,Transit_share,1889,0.1202228473938361,0.0823603034061672,-0.0378625439876688,0.0971174005027672,0.1373867576802211,-0.0821929429225283
test_16980_19100,21,16980,19100,train_global_mean,16980,NonTransit_share,1889,0.059856438037718,0.0691586995508334,0.0093022615131153,0.0534068716464159,0.083405186401549,-0.0125958393581844
test_16980_19100,21,16980,19100,train_global_mean,16980,avg,1889,,,,0.0946136425835345,0.1329781111131608,-0.0403900895598981
test_16980_19100,21,16980,19100,train_global_mean,19100,Car_share,1461,0.95638894917424,0.8484809970429994,-0.1079079521312407,0.1141229191830475,0.1198758491449271,-4.271360446086539
test_16980_19100,21,16980,19100,train_global_mean,19100,Transit_share,1461,0.0106595390894972,0.0823603034061673,0.07170076431667,0.0741785593172028,0.0761954058010242,-7.733847189145086
test_16980_19100,21,16980,19100,train_global_mean,19100,NonTransit_share,1461,0.0329515117362626,0.0691586995508334,0.0362071878145707,0.047876413372422,0.0556949739615202,-0.7319836106889486
test_16980_19100,21,16980,19100,train_global_mean,19100,avg,1461,,,,0.0787259639575574,0.0839220763024905,-4.245730415306857
test_16980_26420,22,16980,26420,nearest_train_city_mean,16980,Car_share,1889,0.8199207145684457,0.8900203748498041,0.0700996602813583,0.1273990776594424,0.1882089751094907,-0.1456578194870128
test_16980_26420,22,16980,26420,nearest_train_city_mean,16980,Transit_share,1889,0.1202228473938361,0.0548331297000788,-0.0653897176937573,0.0997334184623214,0.1507011623965564,-0.3021114360035526
test_16980_26420,22,16980,26420,nearest_train_city_mean,16980,NonTransit_share,1889,0.059856438037718,0.055146495450117,-0.0047099425876009,0.0466829817532717,0.0808175666684218,0.0492604418699915
test_16980_26420,22,16980,26420,nearest_train_city_mean,16980,avg,1889,,,,0.0912718259583452,0.139909234724823,-0.1328362712068579
test_16980_26420,22,16980,26420,nearest_train_city_mean,26420,Car_share,1249,0.9330075981070628,0.93128600165362,-0.0017215964534426,0.0618486051140509,0.0977093369512867,-0.2376266072174915
test_16980_26420,22,16980,26420,nearest_train_city_mean,26420,Transit_share,1249,0.0218770480956112,0.0255281238078254,0.0036510757122141,0.0316923211512923,0.054459258863602,-0.692884464401277
test_16980_26420,22,16980,26420,nearest_train_city_mean,26420,NonTransit_share,1249,0.0451153537973261,0.0431858745385546,-0.0019294792587714,0.0404321695993681,0.068840213499502,0.0081435780501321
test_16980_26420,22,16980,26420,nearest_train_city_mean,26420,avg,1249,,,,0.0446576986215704,0.0736696031047969,-0.3074558311895455
test_16980_26420,22,16980,26420,test_city_oracle_mean,16980,Car_share,1889,0.8199207145684457,0.8199207145684455,1.504590229243198e-17,0.1404013456084663,0.1758380536613731,0.0
test_16980_26420,22,16980,26420,test_city_oracle_mean,16980,Transit_share,1889,0.1202228473938361,0.1202228473938361,-3.761475573107995e-18,0.1049060271036958,0.1320664565613299,-2.220446049250313e-16
test_16980_26420,22,16980,26420,test_city_oracle_mean,16980,NonTransit_share,1889,0.059856438037718,0.059856438037718,-4.701844466384993e-18,0.0496492569997173,0.082884817966976,0.0
test_16980_26420,22,16980,26420,test_city_oracle_mean,16980,avg,1889,,,,0.0983188765706265,0.1302631093965597,-7.401486830834377e-17
test_16980_26420,22,16980,26420,test_city_oracle_mean,26420,Car_share,1249,0.9330075981070628,0.9330075981070628,1.2942231576094698e-16,0.0578307466320973,0.0878296692833678,0.0
test_16980_26420,22,16980,26420,test_city_oracle_mean,26420,Transit_share,1249,0.0218770480956112,0.0218770480956112,-2.844446500240593e-18,0.0264340083911753,0.0418560332188175,0.0
test_16980_26420,22,16980,26420,test_city_oracle_mean,26420,NonTransit_share,1249,0.0451153537973261,0.0451153537973261,0.0,0.0416066990007584,0.0691222400278432,0.0
test_16980_26420,22,16980,26420,test_city_oracle_mean,26420,avg,1249,,,,0.0419571513413437,0.0662693141766762,0.0
test_16980_26420,22,16980,26420,train_global_mean,16980,Car_share,1889,0.8199207145684457,0.8526410572183108,0.0327203426498652,0.1325046301682486,0.1788564841948553,-0.034626607974683
test_16980_26420,22,16980,26420,train_global_mean,16980,Transit_share,1889,0.1202228473938361,0.080026951638153,-0.040195895755683,0.0968941485540358,0.1380480314393052,-0.0926356965403207
test_16980_26420,22,16980,26420,train_global_mean,16980,NonTransit_share,1889,0.059856438037718,0.0673319911435359,0.0074755531058178,0.0525898029218096,0.0832212529565414,-0.0081346090595442
test_16980_26420,22,16980,26420,train_global_mean,16980,avg,1889,,,,0.0939961938813647,0.1333752561969007,-0.0451323045248493
test_16980_26420,22,16980,26420,train_global_mean,26420,Car_share,1249,0.9330075981070628,0.8526410572183111,-0.0803665408887516,0.1069565193461246,0.1190497026491421,-0.8372748710759392
test_16980_26420,22,16980,26420,train_global_mean,26420,Transit_share,1249,0.0218770480956112,0.0800269516381531,0.0581499035425417,0.0670052526350099,0.0716473223423016,-1.9301091224109383
test_16980_26420,22,16980,26420,train_global_mean,26420,NonTransit_share,1249,0.0451153537973261,0.0673319911435359,0.0222166373462098,0.0533853992870491,0.0726048417217459,-0.1033049291499459
test_16980_26420,22,16980,26420,train_global_mean,26420,avg,1249,,,,0.0757823904227279,0.0877672889043965,-0.956896307545608
test_16980_31080,23,16980,31080,nearest_train_city_mean,16980,Car_share,1889,0.8199207145684457,0.860929347104431,0.0410086325359853,0.1389720206902187,0.1999130416541379,-0.292577280316213
test_16980_31080,23,16980,31080,nearest_train_city_mean,16980,Transit_share,1889,0.1202228473938361,0.0786474041620427,-0.0415754432317933,0.10581118053463,0.1571235792793064,-0.41546024600236
test_16980_31080,23,16980,31080,nearest_train_city_mean,16980,NonTransit_share,1889,0.059856438037718,0.0604232487335261,0.000566810695808,0.0504975898752521,0.0832637401089421,-0.0091642427411628
test_16980_31080,23,16980,31080,nearest_train_city_mean,16980,avg,1889,,,,0.0984269303667002,0.1467667870141288,-0.2390672563532453
test_16980_31080,23,16980,31080,nearest_train_city_mean,31080,Car_share,1730,0.893875738545826,0.7930123341643203,-0.1008634043815056,0.1429208489297342,0.1806891683381681,-2.1521281180997844
test_16980_31080,23,16980,31080,nearest_train_city_mean,31080,Transit_share,1730,0.0492006366811609,0.1195934530863997,0.0703928164052388,0.0976850714783176,0.1292792834143998,-2.671740448015494
test_16980_31080,23,16980,31080,nearest_train_city_mean,31080,NonTransit_share,1730,0.056923624773013,0.0873942127492798,0.0304705879762668,0.0577781307740617,0.0793426416940591,-0.4270575059835886
test_16980_31080,23,16980,31080,nearest_train_city_mean,31080,avg,1730,,,,0.0994613503940378,0.129770364482209,-1.7503086906996224
test_16980_31080,23,16980,31080,test_city_oracle_mean,16980,Car_share,1889,0.8199207145684457,0.8199207145684455,1.504590229243198e-17,0.1404013456084663,0.1758380536613731,0.0
test_16980_31080,23,16980,31080,test_city_oracle_mean,16980,Transit_share,1889,0.1202228473938361,0.1202228473938361,-3.761475573107995e-18,0.1049060271036958,0.1320664565613299,-2.220446049250313e-16
test_16980_31080,23,16980,31080,test_city_oracle_mean,16980,NonTransit_share,1889,0.059856438037718,0.059856438037718,-4.701844466384993e-18,0.0496492569997173,0.082884817966976,0.0
test_16980_31080,23,16980,31080,test_city_oracle_mean,16980,avg,1889,,,,0.0983188765706265,0.1302631093965597,-7.401486830834377e-17
test_16980_31080,23,16980,31080,test_city_oracle_mean,31080,Car_share,1730,0.893875738545826,0.8938757385458261,-2.464310066220001e-17,0.0689295593652233,0.1017724403641563,0.0
test_16980_31080,23,16980,31080,test_city_oracle_mean,31080,Transit_share,1730,0.0492006366811609,0.0492006366811609,-4.107183443700001e-18,0.0446092832820056,0.0674672408126019,0.0
test_16980_31080,23,16980,31080,test_city_oracle_mean,31080,NonTransit_share,1730,0.056923624773013,0.056923624773013,0.0,0.0383785160754033,0.0664180191427133,0.0
test_16980_31080,23,16980,31080,test_city_oracle_mean,31080,avg,1730,,,,0.0506391195742107,0.0785525667731571,0.0
test_16980_31080,23,16980,31080,train_global_mean,16980,Car_share,1889,0.8199207145684457,0.8550535685053563,0.0351328539369104,0.1320603195189763,0.1793135202408681,-0.0399209736021268
test_16980_31080,23,16980,31080,train_global_mean,16980,Transit_share,1889,0.1202228473938361,0.0784237198181631,-0.0417991275756729,0.0967631571018499,0.1385233410467457,-0.1001727009011459
test_16980_31080,23,16980,31080,train_global_mean,16980,NonTransit_share,1889,0.059856438037718,0.0665227116764806,0.0066662736387625,0.0522440708709251,0.083152463906042,-0.0064686893823799
test_16980_31080,23,16980,31080,train_global_mean,16980,avg,1889,,,,0.0936891824972504,0.1336631083978853,-0.0488541212952176
test_16980_31080,23,16980,31080,train_global_mean,31080,Car_share,1730,0.893875738545826,0.8550535685053562,-0.0388221700404697,0.0859280568572368,0.1089256191367618,-0.145512143442464
test_16980_31080,23,16980,31080,train_global_mean,31080,Transit_share,1730,0.0492006366811609,0.0784237198181631,0.0292230831370022,0.0590770390052078,0.0735242624641537,-0.1876143999022288
test_16980_31080,23,16980,31080,train_global_mean,31080,NonTransit_share,1730,0.056923624773013,0.0665227116764806,0.0095990869034675,0.0416774312001563,0.0671080899461619,-0.0208875743579453
test_16980_31080,23,16980,31080,train_global_mean,31080,avg,1730,,,,0.062227509020867,0.0831859905156924,-0.1180047059008793
test_16980_33100,24,16980,33100,nearest_train_city_mean,16980,Car_share,1889,0.8199207145684457,0.8899516116621149,0.0700308970936691,0.1274951962995829,0.1878829204983191,-0.1416917658293166
test_16980_33100,24,16980,33100,nearest_train_city_mean,16980,Transit_share,1889,0.1202228473938361,0.0548832071588357,-0.0653396402350003,0.0997257429618956,0.1504644959509192,-0.2980248834778056
test_16980_33100,24,16980,33100,nearest_train_city_mean,16980,NonTransit_share,1889,0.059856438037718,0.0551651811790493,-0.0046912568586687,0.0466708305985978,0.0808232454238446,0.0491268271788134
test_16980_33100,24,16980,33100,nearest_train_city_mean,16980,avg,1889,,,,0.0912972566200254,0.1397235539576943,-0.1301966073761029
test_16980_33100,24,16980,33100,nearest_train_city_mean,33100,Car_share,1477,0.9161203189025324,0.9017710428663204,-0.014349276036212,0.0739678092990216,0.1102653836910939,-0.4653634395089852
test_16980_33100,24,16980,33100,nearest_train_city_mean,33100,Transit_share,1477,0.0289907135589175,0.0446055576604265,0.0156148441015089,0.0450012198070167,0.0767840238107825,-1.9026276653765333
test_16980_33100,24,16980,33100,nearest_train_city_mean,33100,NonTransit_share,1477,0.0548889675385499,0.0536233994732531,-0.0012655680652968,0.0431988081661103,0.0703603300909495,0.0394844447843426
test_16980_33100,24,16980,33100,nearest_train_city_mean,33100,avg,1477,,,,0.0540559457573829,0.0858032458642753,-0.776168886700392
test_16980_33100,24,16980,33100,test_city_oracle_mean,16980,Car_share,1889,0.8199207145684457,0.8199207145684455,1.504590229243198e-17,0.1404013456084663,0.1758380536613731,0.0
test_16980_33100,24,16980,33100,test_city_oracle_mean,16980,Transit_share,1889,0.1202228473938361,0.1202228473938361,-3.761475573107995e-18,0.1049060271036958,0.1320664565613299,-2.220446049250313e-16
test_16980_33100,24,16980,33100,test_city_oracle_mean,16980,NonTransit_share,1889,0.059856438037718,0.059856438037718,-4.701844466384993e-18,0.0496492569997173,0.082884817966976,0.0
test_16980_33100,24,16980,33100,test_city_oracle_mean,16980,avg,1889,,,,0.0983188765706265,0.1302631093965597,-7.401486830834377e-17
test_16980_33100,24,16980,33100,test_city_oracle_mean,33100,Car_share,1477,0.9161203189025324,0.9161203189025324,3.126965323250272e-17,0.0621981199848064,0.0910891222437087,0.0
test_16980_33100,24,16980,33100,test_city_oracle_mean,33100,Transit_share,1477,0.0289907135589175,0.0289907135589175,-6.013394852404368e-19,0.0299046602960782,0.0450687177492427,-2.220446049250313e-16
test_16980_33100,24,16980,33100,test_city_oracle_mean,33100,NonTransit_share,1477,0.0548889675385499,0.0548889675385499,-3.608036911442621e-18,0.0443753394411696,0.0717919363260635,0.0
test_16980_33100,24,16980,33100,test_city_oracle_mean,33100,avg,1477,,,,0.045492706574018,0.0693165921063383,-7.401486830834377e-17
test_16980_33100,24,16980,33100,train_global_mean,16980,Car_share,1889,0.8199207145684457,0.8531795764651142,0.0332588618966682,0.1324034261806282,0.1789557850701719,-0.0357757734480794
test_16980_33100,24,16980,33100,train_global_mean,16980,Transit_share,1889,0.1202228473938361,0.0802507978767338,-0.0399720495171022,0.096913645591803,0.137983019575828,-0.0916068146986404
test_16980_33100,24,16980,33100,train_global_mean,16980,NonTransit_share,1889,0.059856438037718,0.0665696256581521,0.006713187620434,0.0522639143179106,0.083156238115044,-0.00656005671456
test_16980_33100,24,16980,33100,train_global_mean,16980,avg,1889,,,,0.0938603286967806,0.1333650142536813,-0.0446475482870933
test_16980_33100,24,16980,33100,train_global_mean,33100,Car_share,1477,0.9161203189025324,0.853179576465114,-0.0629407424374184,0.0947006318817544,0.1107193083870322,-0.4774530683401932
test_16980_33100,24,16980,33100,train_global_mean,33100,Transit_share,1477,0.0289907135589175,0.0802507978767338,0.0512600843178163,0.0621511364698928,0.0682552969653677,-1.2936244883552552
test_16980_33100,24,16980,33100,train_global_mean,33100,NonTransit_share,1477,0.0548889675385499,0.0665696256581521,0.0116806581196021,0.0490113442112806,0.0727359601266979,-0.0264717889416867
test_16980_33100,24,16980,33100,train_global_mean,33100,avg,1477,,,,0.068621037520976,0.083903521826366,-0.5991831152123784
test_16980_35620,25,16980,35620,nearest_train_city_mean,16980,Car_share,1889,0.8199207145684457,0.8959102752353244,0.0759895606668785,0.128156746443952,0.190676627802845,-0.1758967483007556
test_16980_35620,25,16980,35620,nearest_train_city_mean,16980,Transit_share,1889,0.1202228473938361,0.0495263349800917,-0.0706965124137443,0.0996978050424772,0.1505868661101242,-0.3001370641799172
test_16980_35620,25,16980,35620,nearest_train_city_mean,16980,NonTransit_share,1889,0.059856438037718,0.0545633897845838,-0.0052930482531342,0.0467335498092763,0.0820099797597205,0.0209983282405227
test_16980_35620,25,16980,35620,nearest_train_city_mean,16980,avg,1889,,,,0.0915293670985685,0.1410911578908966,-0.1516784947467167
test_16980_35620,25,16980,35620,nearest_train_city_mean,35620,Car_share,885,0.5502563812813035,0.8156156888167145,0.2653593075354109,0.339207059581895,0.4329479785732451,-0.8997585678008317
test_16980_35620,25,16980,35620,nearest_train_city_mean,35620,Transit_share,885,0.3300176550685805,0.1006150076262267,-0.2294026474423537,0.270142912548129,0.3580905673092697,-0.9744869641450442
test_16980_35620,25,16980,35620,nearest_train_city_mean,35620,NonTransit_share,885,0.1197259636501158,0.0837693035570586,-0.0359566600930572,0.0929711995669676,0.133667262900531,-0.1327288177694692
test_16980_35620,25,16980,35620,nearest_train_city_mean,35620,avg,885,,,,0.2341070572323305,0.3082352695943486,-0.668991449905115
test_16980_35620,25,16980,35620,test_city_oracle_mean,16980,Car_share,1889,0.8199207145684457,0.8199207145684455,1.504590229243198e-17,0.1404013456084663,0.1758380536613731,0.0
test_16980_35620,25,16980,35620,test_city_oracle_mean,16980,Transit_share,1889,0.1202228473938361,0.1202228473938361,-3.761475573107995e-18,0.1049060271036958,0.1320664565613299,-2.220446049250313e-16
test_16980_35620,25,16980,35620,test_city_oracle_mean,16980,NonTransit_share,1889,0.059856438037718,0.059856438037718,-4.701844466384993e-18,0.0496492569997173,0.082884817966976,0.0
test_16980_35620,25,16980,35620,test_city_oracle_mean,16980,avg,1889,,,,0.0983188765706265,0.1302631093965597,-7.401486830834377e-17
test_16980_35620,25,16980,35620,test_city_oracle_mean,35620,Car_share,885,0.5502563812813035,0.5502563812813035,-2.81005601713034e-17,0.2844608796350297,0.3141134337528695,0.0
test_16980_35620,25,16980,35620,test_city_oracle_mean,35620,Transit_share,885,0.3300176550685805,0.3300176550685805,-3.2114925910061026e-17,0.2279113368824296,0.2548389140423297,0.0
test_16980_35620,25,16980,35620,test_city_oracle_mean,35620,NonTransit_share,885,0.1197259636501158,0.1197259636501158,-2.007182869378814e-18,0.0940906499915756,0.1255920300431169,0.0
test_16980_35620,25,16980,35620,test_city_oracle_mean,35620,avg,885,,,,0.202154288836345,0.231514792612772,0.0
test_16980_35620,25,16980,35620,train_global_mean,16980,Car_share,1889,0.8199207145684457,0.8812049202761626,0.0612842057077167,0.1289991475429832,0.1862116403038373,-0.1214706589579794
test_16980_35620,25,16980,35620,train_global_mean,16980,Transit_share,1889,0.1202228473938361,0.0572161931144735,-0.0630066542793625,0.0965953556950653,0.146326304648702,-0.2276081381970853
test_16980_35620,25,16980,35620,train_global_mean,16980,NonTransit_share,1889,0.059856438037718,0.0615788866093638,0.0017224485716457,0.0502726453868741,0.0829027133361793,-0.0004318595734493
test_16980_35620,25,16980,35620,train_global_mean,16980,avg,1889,,,,0.0919557162083075,0.1384802194295729,-0.116503552242838
test_16980_35620,25,16980,35620,train_global_mean,35620,Car_share,885,0.5502563812813035,0.8812049202761626,0.330948538994859,0.353395313146007,0.4562830094654523,-1.110063737256468
test_16980_35620,25,16980,35620,train_global_mean,35620,Transit_share,885,0.3300176550685805,0.0572161931144735,-0.272801461954107,0.2844167321048326,0.3733142238846144,-1.1459400427799182
test_16980_35620,25,16980,35620,train_global_mean,35620,NonTransit_share,885,0.1197259636501158,0.0615788866093638,-0.058147077040752,0.0887414160501019,0.1383995685641192,-0.2143540117560471
test_16980_35620,25,16980,35620,train_global_mean,35620,avg,885,,,,0.2421844871003138,0.322665600638062,-0.8234525972641444
test_16980_38060,26,16980,38060,nearest_train_city_mean,16980,Car_share,1889,0.8199207145684457,0.8929213047440452,0.0730005901755992,0.1237681792692545,0.1840846606909923,-0.0959972560327135
test_16980_38060,26,16980,38060,nearest_train_city_mean,16980,Transit_share,1889,0.1202228473938361,0.0527676925656235,-0.0674551548282126,0.0972179135632984,0.1477154467358094,-0.251027260742749
test_16980_38060,26,16980,38060,nearest_train_city_mean,16980,NonTransit_share,1889,0.059856438037718,0.0543110026903313,-0.0055454353473866,0.0459555828810404,0.0803981639340704,0.0591025628096862
test_16980_38060,26,16980,38060,nearest_train_city_mean,16980,avg,1889,,,,0.0889805585711978,0.1373994237869574,-0.0959739846552587
test_16980_38060,26,16980,38060,nearest_train_city_mean,38060,Car_share,1086,0.938708022053798,0.9138938341729592,-0.024814187880839,0.0498543115685951,0.0648647306238795,-0.2356985527641346
test_16980_38060,26,16980,38060,nearest_train_city_mean,38060,Transit_share,1086,0.0140134473721929,0.036745293386428,0.0227318460142351,0.0300132576483046,0.0358743956266295,-1.0168990577512824
test_16980_38060,26,16980,38060,nearest_train_city_mean,38060,NonTransit_share,1086,0.0472785305740088,0.0493608724406127,0.0020823418666039,0.0309186118124207,0.0474902177301981,0.0057065943116187
test_16980_38060,26,16980,38060,nearest_train_city_mean,38060,avg,1086,,,,0.0369287270097735,0.0494097813269024,-0.4156303387345994
test_16980_38060,26,16980,38060,test_city_oracle_mean,16980,Car_share,1889,0.8199207145684457,0.8199207145684455,1.504590229243198e-17,0.1404013456084663,0.1758380536613731,0.0
test_16980_38060,26,16980,38060,test_city_oracle_mean,16980,Transit_share,1889,0.1202228473938361,0.1202228473938361,-3.761475573107995e-18,0.1049060271036958,0.1320664565613299,-2.220446049250313e-16
test_16980_38060,26,16980,38060,test_city_oracle_mean,16980,NonTransit_share,1889,0.059856438037718,0.059856438037718,-4.701844466384993e-18,0.0496492569997173,0.082884817966976,0.0
test_16980_38060,26,16980,38060,test_city_oracle_mean,16980,avg,1889,,,,0.0983188765706265,0.1302631093965597,-7.401486830834377e-17
test_16980_38060,26,16980,38060,test_city_oracle_mean,38060,Car_share,1086,0.938708022053798,0.9387080220537982,8.628252603900847e-17,0.0388244502944113,0.0583515436952534,0.0
test_16980_38060,26,16980,38060,test_city_oracle_mean,38060,Transit_share,1086,0.0140134473721929,0.0140134473721929,-4.089219243554905e-19,0.0168234859954746,0.0252605331022386,0.0
test_16980_38060,26,16980,38060,test_city_oracle_mean,38060,NonTransit_share,1086,0.0472785305740088,0.0472785305740088,-3.475836357021669e-18,0.0303519470022245,0.0476263041536573,0.0
test_16980_38060,26,16980,38060,test_city_oracle_mean,38060,avg,1086,,,,0.0286666277640368,0.0437461269837165,0.0
test_16980_38060,26,16980,38060,train_global_mean,16980,Car_share,1889,0.8199207145684457,0.8531858518688953,0.0332651373004495,0.1324022468432314,0.1789569514577114,-0.0357892753294797
test_16980_38060,26,16980,38060,train_global_mean,16980,Transit_share,1889,0.1202228473938361,0.0799529440769007,-0.0402699033169353,0.0968877625124878,0.138069598615412,-0.0929771270847703
test_16980_38060,26,16980,38060,train_global_mean,16980,NonTransit_share,1889,0.059856438037718,0.0668612040542038,0.0070047660164857,0.0523878008945257,0.0831802849019193,-0.0071422868729906
test_16980_38060,26,16980,38060,train_global_mean,16980,avg,1889,,,,0.0938926034167483,0.1334022783250142,-0.0453028964290802
test_16980_38060,26,16980,38060,train_global_mean,38060,Car_share,1086,0.938708022053798,0.8531858518688953,-0.0855221701849028,0.09460278828369,0.1035323342958834,-2.148091250026654
test_16980_38060,26,16980,38060,train_global_mean,38060,Transit_share,1086,0.0140134473721929,0.0799529440769007,0.0659394967047078,0.0680766079976821,0.0706124051302564,-6.814064379912891
test_16980_38060,26,16980,38060,train_global_mean,38060,NonTransit_share,1086,0.0472785305740088,0.0668612040542038,0.0195826734801949,0.0387964573746528,0.0514951060584266,-0.169063635175672
test_16980_38060,26,16980,38060,train_global_mean,38060,avg,1086,,,,0.0671586178853416,0.0752132818281888,-3.043739755038405
test_16980_41860,27,16980,41860,nearest_train_city_mean,16980,Car_share,1889,0.8199207145684457,0.8832037307945415,0.0632830162260957,0.1275555951034342,0.1876519206363401,-0.1388860982065738
test_16980_41860,27,16980,41860,nearest_train_city_mean,16980,Transit_share,1889,0.1202228473938361,0.0607485534661958,-0.0594742939276403,0.0995994159096199,0.1500375704838525,-0.2906693449620041
test_16980_41860,27,16980,41860,nearest_train_city_mean,16980,NonTransit_share,1889,0.059856438037718,0.0560477157392626,-0.0038087222984554,0.0472133329180592,0.0811123580359753,0.0423119284640232
test_16980_41860,27,16980,41860,nearest_train_city_mean,16980,avg,1889,,,,0.0914561146437044,0.1396006163853893,-0.1290811715681849
test_16980_41860,27,16980,41860,nearest_train_city_mean,41860,Car_share,952,0.7368668640401761,0.7666377500866741,0.029770886046498,0.1999525793778333,0.272948116542184,-0.5493508377942309
test_16980_41860,27,16980,41860,nearest_train_city_mean,41860,Transit_share,952,0.15000655037683,0.1513600445827102,0.0013534942058801,0.1370149210637926,0.1772828222308314,-1.0265814838729064
test_16980_41860,27,16980,41860,nearest_train_city_mean,41860,NonTransit_share,952,0.1131265855829938,0.0820022053306156,-0.0311243802523782,0.0857657218107814,0.1381386501089478,-0.1303006988831245
test_16980_41860,27,16980,41860,nearest_train_city_mean,41860,avg,952,,,,0.1409110740841358,0.1961231962939877,-0.5687443401834206
test_16980_41860,27,16980,41860,test_city_oracle_mean,16980,Car_share,1889,0.8199207145684457,0.8199207145684455,1.504590229243198e-17,0.1404013456084663,0.1758380536613731,0.0
test_16980_41860,27,16980,41860,test_city_oracle_mean,16980,Transit_share,1889,0.1202228473938361,0.1202228473938361,-3.761475573107995e-18,0.1049060271036958,0.1320664565613299,-2.220446049250313e-16
test_16980_41860,27,16980,41860,test_city_oracle_mean,16980,NonTransit_share,1889,0.059856438037718,0.059856438037718,-4.701844466384993e-18,0.0496492569997173,0.082884817966976,0.0
test_16980_41860,27,16980,41860,test_city_oracle_mean,16980,avg,1889,,,,0.0983188765706265,0.1302631093965597,-7.401486830834377e-17
test_16980_41860,27,16980,41860,test_city_oracle_mean,41860,Car_share,952,0.7368668640401761,0.7368668640401759,-5.970947359328573e-17,0.1759320687871636,0.2192831272607594,0.0
test_16980_41860,27,16980,41860,test_city_oracle_mean,41860,Transit_share,952,0.15000655037683,0.15000655037683,1.1195526298741076e-17,0.1017127602237355,0.1245330491047004,0.0
test_16980_41860,27,16980,41860,test_city_oracle_mean,41860,NonTransit_share,952,0.1131265855829938,0.1131265855829938,-7.463684199160716e-18,0.0916057625950231,0.1299326241638932,0.0
test_16980_41860,27,16980,41860,test_city_oracle_mean,41860,avg,952,,,,0.1230835305353074,0.1579162668431177,0.0
test_16980_41860,27,16980,41860,train_global_mean,16980,Car_share,1889,0.8199207145684457,0.8690732389813912,0.0491525244129453,0.1299892370917013,0.182578727598768,-0.0781386528100755
test_16980_41860,27,16980,41860,train_global_mean,16980,Transit_share,1889,0.1202228473938361,0.0691616420623216,-0.0510612053315144,0.0962904989791471,0.1415937697731532,-0.1494848133947728
test_16980_41860,27,16980,41860,train_global_mean,16980,NonTransit_share,1889,0.059856438037718,0.0617651189562871,0.001908680918569,0.0503418585394316,0.0829067917137532,-0.000530293968582
test_16980_41860,27,16980,41860,train_global_mean,16980,avg,1889,,,,0.0922071982034267,0.1356930963618915,-0.0760512533911434
test_16980_41860,27,16980,41860,train_global_mean,41860,Car_share,952,0.7368668640401761,0.8690732389813911,0.132206374941215,0.1682237011490867,0.2560539307965327,-0.3634915856659284
test_16980_41860,27,16980,41860,train_global_mean,41860,Transit_share,952,0.15000655037683,0.0691616420623216,-0.0808449083145083,0.1035503022170052,0.1484734977014248,-0.4214403388217012
test_16980_41860,27,16980,41860,train_global_mean,41860,NonTransit_share,952,0.1131265855829938,0.0617651189562871,-0.0513614666267066,0.0811212827024854,0.1397157366804535,-0.156256615618417
test_16980_41860,27,16980,41860,train_global_mean,41860,avg,952,,,,0.1176317620228591,0.1814143883928037,-0.3137295133686822
test_16980_42660,28,16980,42660,nearest_train_city_mean,16980,Car_share,1889,0.8199207145684457,0.8865274909353977,0.0666067763669519,0.1294501476507913,0.1898808911379017,-0.166102661682987
test_16980_42660,28,16980,42660,nearest_train_city_mean,16980,Transit_share,1889,0.1202228473938361,0.0572621130032328,-0.0629607343906033,0.1006203128875993,0.1514750680103251,-0.3155194126544591
test_16980_42660,28,16980,42660,nearest_train_city_mean,16980,NonTransit_share,1889,0.059856438037718,0.0562103960613694,-0.0036460419763486,0.0472707584458578,0.0812409854929082,0.0392721289282153
test_16980_42660,28,16980,42660,nearest_train_city_mean,16980,avg,1889,,,,0.0924470729947494,0.1408656482137117,-0.1474499818030769
test_16980_42660,28,16980,42660,nearest_train_city_mean,42660,Car_share,860,0.8508559438203965,0.8111028662239407,-0.0397530775964558,0.1251234834593973,0.1683747486426655,-0.0978102093317292
test_16980_42660,28,16980,42660,nearest_train_city_mean,42660,Transit_share,860,0.0774116577437936,0.1075007016991997,0.030089043955406,0.074877977545974,0.0975603957443466,-0.3139591424970951
test_16980_42660,28,16980,42660,nearest_train_city_mean,42660,NonTransit_share,860,0.0717323984358097,0.0813964320768594,0.0096640336410497,0.0649470400466386,0.1029186608844594,-0.0335261209428705
test_16980_42660,28,16980,42660,nearest_train_city_mean,42660,avg,860,,,,0.0883161670173366,0.1229512684238239,-0.1484318242572316
test_16980_42660,28,16980,42660,test_city_oracle_mean,16980,Car_share,1889,0.8199207145684457,0.8199207145684455,1.504590229243198e-17,0.1404013456084663,0.1758380536613731,0.0
test_16980_42660,28,16980,42660,test_city_oracle_mean,16980,Transit_share,1889,0.1202228473938361,0.1202228473938361,-3.761475573107995e-18,0.1049060271036958,0.1320664565613299,-2.220446049250313e-16
test_16980_42660,28,16980,42660,test_city_oracle_mean,16980,NonTransit_share,1889,0.059856438037718,0.059856438037718,-4.701844466384993e-18,0.0496492569997173,0.082884817966976,0.0
test_16980_42660,28,16980,42660,test_city_oracle_mean,16980,avg,1889,,,,0.0983188765706265,0.1302631093965597,-7.401486830834377e-17
test_16980_42660,28,16980,42660,test_city_oracle_mean,42660,Car_share,860,0.8508559438203965,0.8508559438203965,-8.26212483441977e-18,0.1134143761191713,0.1606990568051697,0.0
test_16980_42660,28,16980,42660,test_city_oracle_mean,42660,Transit_share,860,0.0774116577437936,0.0774116577437936,0.0,0.0628548273941971,0.0851103982711564,0.0
test_16980_42660,28,16980,42660,test_city_oracle_mean,42660,NonTransit_share,860,0.0717323984358097,0.0717323984358097,-4.1310624172098855e-18,0.0612807422687783,0.1012356319310942,0.0
test_16980_42660,28,16980,42660,test_city_oracle_mean,42660,avg,860,,,,0.0791833152607156,0.1156816956691401,0.0
test_16980_42660,28,16980,42660,train_global_mean,16980,Car_share,1889,0.8199207145684457,0.8605363939933538,0.0406156794249084,0.1311557991412908,0.1804678767275962,-0.0533533519379185
test_16980_42660,28,16980,42660,train_global_mean,16980,Transit_share,1889,0.1202228473938361,0.0745745130903156,-0.0456483343035204,0.0965148731066097,0.1397330289278509,-0.1194716381451534
test_16980_42660,28,16980,42660,train_global_mean,16980,NonTransit_share,1889,0.059856438037718,0.0648890929163301,0.0050326548786121,0.0515664697488348,0.0830374654270346,-0.0036867553752326
test_16980_42660,28,16980,42660,train_global_mean,16980,avg,1889,,,,0.0930790473322451,0.1344127903608272,-0.0588372484861015
test_16980_42660,28,16980,42660,train_global_mean,42660,Car_share,860,0.8508559438203965,0.8605363939933541,0.0096804501729576,0.1098710633475221,0.1609903660894722,-0.0036288118602201
test_16980_42660,28,16980,42660,train_global_mean,42660,Transit_share,860,0.0774116577437936,0.0745745130903156,-0.002837144653478,0.0619061611884844,0.085157673075652,-0.0011112140212274
test_16980_42660,28,16980,42660,train_global_mean,42660,NonTransit_share,860,0.0717323984358097,0.0648890929163301,-0.0068433055194794,0.0584107427162608,0.1014666644909594,-0.0045694619229239
test_16980_42660,28,16980,42660,train_global_mean,42660,avg,860,,,,0.0767293224174224,0.1158715678853612,-0.0031031626014571
test_16980_47900,29,16980,47900,nearest_train_city_mean,16980,Car_share,1889,0.8199207145684457,0.9022093616518292,0.0822886470833833,0.1210318770418901,0.1865395705946195,-0.1254240963104447
test_16980_47900,29,16980,47900,nearest_train_city_mean,16980,Transit_share,1889,0.1202228473938361,0.0459821827689017,-0.0742406646249344,0.0954956202571856,0.1497953175023207,-0.286504840347779
test_16980_47900,29,16980,47900,nearest_train_city_mean,16980,NonTransit_share,1889,0.059856438037718,0.0518084555792691,-0.0080479824584489,0.0450042038983143,0.0803958418800624,0.0591569118894996
test_16980_47900,29,16980,47900,nearest_train_city_mean,16980,avg,1889,,,,0.0871772337324634,0.1389102433256676,-0.117590674922908
test_16980_47900,29,16980,47900,nearest_train_city_mean,47900,Car_share,1454,0.8102936687390263,0.8743970998498667,0.0641034311108404,0.1137683461936789,0.1812074434466205,0.0841796177129274
test_16980_47900,29,16980,47900,nearest_train_city_mean,47900,Transit_share,1454,0.1140755674436493,0.0664068038494191,-0.0476687635942302,0.0794837098768218,0.1233220456957672,-0.0203485169510384
test_16980_47900,29,16980,47900,nearest_train_city_mean,47900,NonTransit_share,1454,0.0756307638173242,0.059196096300714,-0.0164346675166101,0.0550881887367214,0.102350278389944,0.0467594989236226
test_16980_47900,29,16980,47900,nearest_train_city_mean,47900,avg,1454,,,,0.0827800816024074,0.1356265891774438,0.0368635332285038
test_16980_47900,29,16980,47900,test_city_oracle_mean,16980,Car_share,1889,0.8199207145684457,0.8199207145684455,1.504590229243198e-17,0.1404013456084663,0.1758380536613731,0.0
test_16980_47900,29,16980,47900,test_city_oracle_mean,16980,Transit_share,1889,0.1202228473938361,0.1202228473938361,-3.761475573107995e-18,0.1049060271036958,0.1320664565613299,-2.220446049250313e-16
test_16980_47900,29,16980,47900,test_city_oracle_mean,16980,NonTransit_share,1889,0.059856438037718,0.059856438037718,-4.701844466384993e-18,0.0496492569997173,0.082884817966976,0.0
test_16980_47900,29,16980,47900,test_city_oracle_mean,16980,avg,1889,,,,0.0983188765706265,0.1302631093965597,-7.401486830834377e-17
test_16980_47900,29,16980,47900,test_city_oracle_mean,47900,Car_share,1454,0.8102936687390263,0.8102936687390264,-5.3754952499044714e-17,0.1415997401385011,0.1893524290754373,0.0
test_16980_47900,29,16980,47900,test_city_oracle_mean,47900,Transit_share,1454,0.1140755674436493,0.1140755674436493,-1.22170346588738e-17,0.0942252919974983,0.1220861649209111,0.0
test_16980_47900,29,16980,47900,test_city_oracle_mean,47900,NonTransit_share,1454,0.0756307638173242,0.0756307638173241,-3.66511039766214e-18,0.0632373416255354,0.1048305308766666,1.1102230246251563e-16
test_16980_47900,29,16980,47900,test_city_oracle_mean,47900,avg,1454,,,,0.0996874579205116,0.1387563749576717,3.7007434154171876e-17
test_16980_47900,29,16980,47900,train_global_mean,16980,Car_share,1889,0.8199207145684457,0.8657928285695319,0.0458721140010859,0.1304015660865989,0.1817230639141563,-0.0680568390271318
test_16980_47900,29,16980,47900,train_global_mean,16980,Transit_share,1889,0.1202228473938361,0.070108491600324,-0.050114355793512,0.0963165087039567,0.1412550799272874,-0.1439922947205245
test_16980_47900,29,16980,47900,train_global_mean,16980,NonTransit_share,1889,0.059856438037718,0.0640986798301442,0.0042422417924262,0.0512491839186722,0.0829933109644636,-0.0026196354580703
test_16980_47900,29,16980,47900,train_global_mean,16980,avg,1889,,,,0.0926557529030759,0.1353238182686358,-0.0715562564019089
test_16980_47900,29,16980,47900,train_global_mean,47900,Car_share,1454,0.8102936687390263,0.8657928285695318,0.0554991598305052,0.1287028503588388,0.1973182686389187,-0.0859074950477847
test_16980_47900,29,16980,47900,train_global_mean,47900,Transit_share,1454,0.1140755674436493,0.070108491600324,-0.0439670758433252,0.086369398796319,0.1297618411679976,-0.1296947099240044
test_16980_47900,29,16980,47900,train_global_mean,47900,NonTransit_share,1454,0.0756307638173242,0.0640986798301442,-0.0115320839871798,0.0589056825884498,0.1054629279176864,-0.0121015227909762
test_16980_47900,29,16980,47900,train_global_mean,47900,avg,1454,,,,0.0913259772478692,0.1441810125748676,-0.0759012425875884
test_19100_26420,30,19100,26420,nearest_train_city_mean,19100,Car_share,1461,0.95638894917424,0.8817815260109146,-0.0746074231633253,0.0915642141185435,0.115434893376692,-3.8880262859693584
test_19100_26420,30,19100,26420,nearest_train_city_mean,19100,Transit_share,1461,0.0106595390894972,0.0630602053297741,0.0524006662402768,0.0604625513097224,0.0813748952381369,-8.96159546466735
test_19100_26420,30,19100,26420,nearest_train_city_mean,19100,NonTransit_share,1461,0.0329515117362626,0.0551582686593112,0.0222067569230485,0.0390530921984544,0.0498011522619409,-0.3848111450744311
test_19100_26420,30,19100,26420,nearest_train_city_mean,19100,avg,1461,,,,0.0636932858755735,0.0822036469589233,-4.411477631903714
test_19100_26420,30,19100,26420,nearest_train_city_mean,26420,Car_share,1249,0.9330075981070628,0.8988395430911548,-0.0341680550159076,0.0818076940271924,0.1105723328798318,-0.584931329244543
test_19100_26420,30,19100,26420,nearest_train_city_mean,26420,Transit_share,1249,0.0218770480956112,0.0464781494744157,0.0246011013788045,0.0459439150524233,0.0658213191663983,-1.4729596488568495
test_19100_26420,30,19100,26420,nearest_train_city_mean,26420,NonTransit_share,1249,0.0451153537973261,0.0546823074344292,0.0095669536371031,0.0467663244765057,0.0708671752984896,-0.0511256583294879
test_19100_26420,30,19100,26420,nearest_train_city_mean,26420,avg,1249,,,,0.0581726445187071,0.0824202757815732,-0.70300554547696
test_19100_26420,30,19100,26420,test_city_oracle_mean,19100,Car_share,1461,0.95638894917424,0.95638894917424,4.1338899753325473e-17,0.0344301213021885,0.0522120012550674,-2.220446049250313e-16
test_19100_26420,30,19100,26420,test_city_oracle_mean,19100,Transit_share,1461,0.0106595390894972,0.0106595390894972,-6.079249963724334e-19,0.0144631572402117,0.0257825573128054,0.0
test_19100_26420,30,19100,26420,test_city_oracle_mean,19100,NonTransit_share,1461,0.0329515117362626,0.0329515117362626,-4.559437472793251e-19,0.0271096088727625,0.0423198496586982,0.0
test_19100_26420,30,19100,26420,test_city_oracle_mean,19100,avg,1461,,,,0.0253342958050542,0.0401048027421903,-7.401486830834377e-17
test_19100_26420,30,19100,26420,test_city_oracle_mean,26420,Car_share,1249,0.9330075981070628,0.9330075981070628,1.2942231576094698e-16,0.0578307466320973,0.0878296692833678,0.0
test_19100_26420,30,19100,26420,test_city_oracle_mean,26420,Transit_share,1249,0.0218770480956112,0.0218770480956112,-2.844446500240593e-18,0.0264340083911753,0.0418560332188175,0.0
test_19100_26420,30,19100,26420,test_city_oracle_mean,26420,NonTransit_share,1249,0.0451153537973261,0.0451153537973261,0.0,0.0416066990007584,0.0691222400278432,0.0
test_19100_26420,30,19100,26420,test_city_oracle_mean,26420,avg,1249,,,,0.0419571513413437,0.0662693141766762,0.0
test_19100_26420,30,19100,26420,train_global_mean,19100,Car_share,1461,0.95638894917424,0.8361596794927212,-0.1202292696815186,0.1256563400456281,0.1310769635107958,-5.302488539514596
test_19100_26420,30,19100,26420,train_global_mean,19100,Transit_share,1461,0.0106595390894972,0.0937193774368764,0.0830598383473791,0.0850431085478476,0.0869694027108433,-10.37839460755826
test_19100_26420,30,19100,26420,train_global_mean,19100,NonTransit_share,1461,0.0329515117362626,0.070120943070402,0.0371694313341393,0.0486126416952618,0.056325272310377,-0.7714070455153312
test_19100_26420,30,19100,26420,train_global_mean,19100,avg,1461,,,,0.0864373634295792,0.0914572128440054,-5.484096730862729
test_19100_26420,30,19100,26420,train_global_mean,26420,Car_share,1249,0.9330075981070628,0.8361596794927212,-0.0968479186143412,0.1197248311744378,0.1307423808348151,-1.2159006435525384
test_19100_26420,30,19100,26420,train_global_mean,26420,Transit_share,1249,0.0218770480956112,0.0937193774368764,0.0718423293412651,0.0788434049781636,0.0831459427873276,-2.9460809512044093
test_19100_26420,30,19100,26420,train_global_mean,26420,NonTransit_share,1249,0.0451153537973261,0.070120943070402,0.0250055892730759,0.0551247381238297,0.0735062144404168,-0.1308695410343359
test_19100_26420,30,19100,26420,train_global_mean,26420,avg,1249,,,,0.0845643247588104,0.0957981793541865,-1.4309503785970945
test_19100_31080,31,19100,31080,nearest_train_city_mean,19100,Car_share,1461,0.95638894917424,0.9158221940377308,-0.040566755136509,0.0611895097950025,0.08684074968364,-1.7663456815218783
test_19100_31080,31,19100,31080,nearest_train_city_mean,19100,Transit_share,1461,0.0106595390894972,0.0346297797725357,0.0239702406830384,0.0338838671938604,0.056317307018206,-3.771245632400373
test_19100_31080,31,19100,31080,nearest_train_city_mean,19100,NonTransit_share,1461,0.0329515117362626,0.0495480261897334,0.0165965144534707,0.0352241910006962,0.0471444671427756,-0.2410041404017309
test_19100_31080,31,19100,31080,nearest_train_city_mean,19100,avg,1461,,,,0.0434325226631864,0.0634341746148739,-1.9261984847746607
test_19100_31080,31,19100,31080,nearest_train_city_mean,31080,Car_share,1730,0.893875738545826,0.8001466670241701,-0.0937290715216556,0.1367667306796929,0.1743366109331454,-1.9343831584581377
test_19100_31080,31,19100,31080,nearest_train_city_mean,31080,Transit_share,1730,0.0492006366811609,0.1135713058781923,0.0643706691970314,0.0926338222995542,0.1237302734275233,-2.3633034029615727
test_19100_31080,31,19100,31080,nearest_train_city_mean,31080,NonTransit_share,1730,0.056923624773013,0.0862820270976372,0.0293584023246242,0.0567850090884123,0.0786727797876466,-0.4030629389939217
test_19100_31080,31,19100,31080,nearest_train_city_mean,31080,avg,1730,,,,0.0953951873558865,0.1255798880494384,-1.5669165001378775
test_19100_31080,31,19100,31080,test_city_oracle_mean,19100,Car_share,1461,0.95638894917424,0.95638894917424,4.1338899753325473e-17,0.0344301213021885,0.0522120012550674,-2.220446049250313e-16
test_19100_31080,31,19100,31080,test_city_oracle_mean,19100,Transit_share,1461,0.0106595390894972,0.0106595390894972,-6.079249963724334e-19,0.0144631572402117,0.0257825573128054,0.0
test_19100_31080,31,19100,31080,test_city_oracle_mean,19100,NonTransit_share,1461,0.0329515117362626,0.0329515117362626,-4.559437472793251e-19,0.0271096088727625,0.0423198496586982,0.0
test_19100_31080,31,19100,31080,test_city_oracle_mean,19100,avg,1461,,,,0.0253342958050542,0.0401048027421903,-7.401486830834377e-17
test_19100_31080,31,19100,31080,test_city_oracle_mean,31080,Car_share,1730,0.893875738545826,0.8938757385458261,-2.464310066220001e-17,0.0689295593652233,0.1017724403641563,0.0
test_19100_31080,31,19100,31080,test_city_oracle_mean,31080,Transit_share,1730,0.0492006366811609,0.0492006366811609,-4.107183443700001e-18,0.0446092832820056,0.0674672408126019,0.0
test_19100_31080,31,19100,31080,test_city_oracle_mean,31080,NonTransit_share,1730,0.056923624773013,0.056923624773013,0.0,0.0383785160754033,0.0664180191427133,0.0
test_19100_31080,31,19100,31080,test_city_oracle_mean,31080,avg,1730,,,,0.0506391195742107,0.0785525667731571,0.0
test_19100_31080,31,19100,31080,train_global_mean,19100,Car_share,1461,0.95638894917424,0.8378534279435026,-0.1185355212307372,0.1240599734359594,0.1295251437694694,-5.1541416256074095
test_19100_31080,31,19100,31080,train_global_mean,19100,Transit_share,1461,0.0106595390894972,0.0926995115745426,0.0820399724850454,0.0840609379329923,0.0859959147107297,-10.125093174388736
test_19100_31080,31,19100,31080,train_global_mean,19100,NonTransit_share,1461,0.0329515117362626,0.0694470604819543,0.0364955487456917,0.0480964834875486,0.0558828663669284,-0.7436893526122359
test_19100_31080,31,19100,31080,train_global_mean,19100,avg,1461,,,,0.0854057982855001,0.0904679749490425,-5.340974717536128
test_19100_31080,31,19100,31080,train_global_mean,31080,Car_share,1730,0.893875738545826,0.8378534279435025,-0.0560223106023232,0.0961704945241262,0.1161728406422901,-0.3030132763066937
test_19100_31080,31,19100,31080,train_global_mean,31080,Transit_share,1730,0.0492006366811609,0.0926995115745427,0.0434988748933817,0.0683309950369232,0.0802744087480916,-0.4156905477751687
test_19100_31080,31,19100,31080,train_global_mean,31080,NonTransit_share,1730,0.056923624773013,0.0694470604819543,0.0125234357089413,0.0429398093953744,0.067588384422161,-0.0355529091571191
test_19100_31080,31,19100,31080,train_global_mean,31080,avg,1730,,,,0.0691470996521413,0.0880118779375142,-0.2514189110796605
test_19100_33100,32,19100,33100,nearest_train_city_mean,19100,Car_share,1461,0.95638894917424,0.919134072988789,-0.0372548761854507,0.0579028900343698,0.0826532434334039,-1.5059887765986364
test_19100_33100,32,19100,33100,nearest_train_city_mean,19100,Transit_share,1461,0.0106595390894972,0.0319756789587829,0.0213161398692856,0.031094905192138,0.0520152528920172,-3.0701409103109443
test_19100_33100,32,19100,33100,nearest_train_city_mean,19100,NonTransit_share,1461,0.0329515117362626,0.0488902480524279,0.0159387363161652,0.034945867294214,0.0469505687588382,-0.2308169911433391
test_19100_33100,32,19100,33100,nearest_train_city_mean,19100,avg,1461,,,,0.0413145541735739,0.0605396883614198,-1.6023155593509733
test_19100_33100,32,19100,33100,nearest_train_city_mean,33100,Car_share,1477,0.9161203189025324,0.9019121157995122,-0.0142082031030199,0.0735373885202775,0.1092805712512253,-0.4393051484062793
test_19100_33100,32,19100,33100,nearest_train_city_mean,33100,Transit_share,1477,0.0289907135589175,0.0446380576551618,0.0156473440962443,0.0447071406501694,0.0758258848408703,-1.830639545280714
test_19100_33100,32,19100,33100,nearest_train_city_mean,33100,NonTransit_share,1477,0.0548889675385499,0.0534498265453257,-0.0014391409932242,0.0432000399812424,0.0703419689961611,0.0399856879134993
test_19100_33100,32,19100,33100,nearest_train_city_mean,33100,avg,1477,,,,0.0538148563838964,0.0851494750294189,-0.7433196685911647
test_19100_33100,32,19100,33100,test_city_oracle_mean,19100,Car_share,1461,0.95638894917424,0.95638894917424,4.1338899753325473e-17,0.0344301213021885,0.0522120012550674,-2.220446049250313e-16
test_19100_33100,32,19100,33100,test_city_oracle_mean,19100,Transit_share,1461,0.0106595390894972,0.0106595390894972,-6.079249963724334e-19,0.0144631572402117,0.0257825573128054,0.0
test_19100_33100,32,19100,33100,test_city_oracle_mean,19100,NonTransit_share,1461,0.0329515117362626,0.0329515117362626,-4.559437472793251e-19,0.0271096088727625,0.0423198496586982,0.0
test_19100_33100,32,19100,33100,test_city_oracle_mean,19100,avg,1461,,,,0.0253342958050542,0.0401048027421903,-7.401486830834377e-17
test_19100_33100,32,19100,33100,test_city_oracle_mean,33100,Car_share,1477,0.9161203189025324,0.9161203189025324,3.126965323250272e-17,0.0621981199848064,0.0910891222437087,0.0
test_19100_33100,32,19100,33100,test_city_oracle_mean,33100,Transit_share,1477,0.0289907135589175,0.0289907135589175,-6.013394852404368e-19,0.0299046602960782,0.0450687177492427,-2.220446049250313e-16
test_19100_33100,32,19100,33100,test_city_oracle_mean,33100,NonTransit_share,1477,0.0548889675385499,0.0548889675385499,-3.608036911442621e-18,0.0443753394411696,0.0717919363260635,0.0
test_19100_33100,32,19100,33100,test_city_oracle_mean,33100,avg,1477,,,,0.045492706574018,0.0693165921063383,-7.401486830834377e-17
test_19100_33100,32,19100,33100,train_global_mean,19100,Car_share,1461,0.95638894917424,0.8363846331794125,-0.1200043159948276,0.1254443200411287,0.1308706572629846,-5.2826647736794055
test_19100_33100,32,19100,33100,train_global_mean,19100,Transit_share,1461,0.0106595390894972,0.0941811407201931,0.0835216016306958,0.0854878046050869,0.0874105153888521,-10.494110770861097
test_19100_33100,32,19100,33100,train_global_mean,19100,NonTransit_share,1461,0.0329515117362626,0.0694342261003945,0.0364827143641318,0.0480866885967619,0.0558744854339585,-0.7431663784450382
test_19100_33100,32,19100,33100,train_global_mean,19100,avg,1461,,,,0.0863396044143258,0.0913852193619317,-5.506647307661847
test_19100_33100,32,19100,33100,train_global_mean,33100,Car_share,1477,0.9161203189025324,0.8363846331794123,-0.07973568572312,0.1067526473762709,0.1210578695040743,-0.7662534320236443
test_19100_33100,32,19100,33100,train_global_mean,33100,Transit_share,1477,0.0289907135589175,0.0941811407201931,0.0651904271612755,0.0737222911730446,0.0792526410476678,-2.092267693879112
test_19100_33100,32,19100,33100,train_global_mean,33100,NonTransit_share,1477,0.0548889675385499,0.0694342261003945,0.0145452585618445,0.0503618967215415,0.0732505745238662,-0.041047958035169
test_19100_33100,32,19100,33100,train_global_mean,33100,avg,1477,,,,0.0769456117569523,0.0911870283585361,-0.9665230279793082
test_19100_35620,33,19100,35620,nearest_train_city_mean,19100,Car_share,1461,0.95638894917424,0.9201373382548552,-0.0362516109193847,0.056828534490749,0.0753304296962251,-1.0816140469065822
test_19100_35620,33,19100,35620,nearest_train_city_mean,19100,Transit_share,1461,0.0106595390894972,0.0307445664594378,0.0200850273699405,0.0298093148340299,0.0436506848813938,-1.8663560802872072
test_19100_35620,33,19100,35620,nearest_train_city_mean,19100,NonTransit_share,1461,0.0329515117362626,0.0491180952857069,0.0161665835494442,0.0349448801595,0.0467778053684824,-0.2217756143341231
test_19100_35620,33,19100,35620,nearest_train_city_mean,19100,avg,1461,,,,0.0405275764947596,0.0552529733153671,-1.0565819138426376
test_19100_35620,33,19100,35620,nearest_train_city_mean,35620,Car_share,885,0.5502563812813035,0.8144105811384582,0.2641541998571546,0.3375206057772827,0.4312531962819754,-0.8849144036210845
test_19100_35620,33,19100,35620,nearest_train_city_mean,35620,Transit_share,885,0.3300176550685805,0.1013335893185671,-0.2286840657500134,0.2689975573533129,0.3569319987053209,-0.9617310962694638
test_19100_35620,33,19100,35620,nearest_train_city_mean,35620,NonTransit_share,885,0.1197259636501158,0.0842558295429746,-0.0354701341071412,0.0928351031035241,0.133480489287,-0.12956549953438
test_19100_35620,33,19100,35620,nearest_train_city_mean,35620,avg,885,,,,0.2331177554113732,0.3072218947580988,-0.6587369998083095
test_19100_35620,33,19100,35620,test_city_oracle_mean,19100,Car_share,1461,0.95638894917424,0.95638894917424,4.1338899753325473e-17,0.0344301213021885,0.0522120012550674,-2.220446049250313e-16
test_19100_35620,33,19100,35620,test_city_oracle_mean,19100,Transit_share,1461,0.0106595390894972,0.0106595390894972,-6.079249963724334e-19,0.0144631572402117,0.0257825573128054,0.0
test_19100_35620,33,19100,35620,test_city_oracle_mean,19100,NonTransit_share,1461,0.0329515117362626,0.0329515117362626,-4.559437472793251e-19,0.0271096088727625,0.0423198496586982,0.0
test_19100_35620,33,19100,35620,test_city_oracle_mean,19100,avg,1461,,,,0.0253342958050542,0.0401048027421903,-7.401486830834377e-17
test_19100_35620,33,19100,35620,test_city_oracle_mean,35620,Car_share,885,0.5502563812813035,0.5502563812813035,-2.81005601713034e-17,0.2844608796350297,0.3141134337528695,0.0
test_19100_35620,33,19100,35620,test_city_oracle_mean,35620,Transit_share,885,0.3300176550685805,0.3300176550685805,-3.2114925910061026e-17,0.2279113368824296,0.2548389140423297,0.0
test_19100_35620,33,19100,35620,test_city_oracle_mean,35620,NonTransit_share,885,0.1197259636501158,0.1197259636501158,-2.007182869378814e-18,0.0940906499915756,0.1255920300431169,0.0
test_19100_35620,33,19100,35620,test_city_oracle_mean,35620,avg,885,,,,0.202154288836345,0.231514792612772,0.0
test_19100_35620,33,19100,35620,train_global_mean,19100,Car_share,1461,0.95638894917424,0.8642558006907095,-0.0921331484835305,0.0996331681056984,0.1058990562967747,-3.113803093206585
test_19100_35620,33,19100,35620,train_global_mean,19100,Transit_share,1461,0.0106595390894972,0.0712676424018453,0.060608103312348,0.0636976722055487,0.0658641211032862,-5.525981198046401
test_19100_35620,33,19100,35620,train_global_mean,19100,NonTransit_share,1461,0.0329515117362626,0.0644765569074452,0.0315250451711825,0.0443688096794437,0.0527711867232481,-0.5549108322955205
test_19100_35620,33,19100,35620,train_global_mean,19100,avg,1461,,,,0.0692332166635636,0.074844788041103,-3.064898374516169
test_19100_35620,33,19100,35620,train_global_mean,35620,Car_share,885,0.5502563812813035,0.8642558006907096,0.3139994194094059,0.3436027679728358,0.4441428651385298,-0.9992741879893424
test_19100_35620,33,19100,35620,train_global_mean,35620,Transit_share,885,0.3300176550685805,0.0712676424018453,-0.2587500126667351,0.2757610925099909,0.3631727428721896,-1.0309302141942671
test_19100_35620,33,19100,35620,train_global_mean,35620,NonTransit_share,885,0.1197259636501158,0.0644765569074452,-0.0552494067426706,0.0884231310135896,0.1372073429367693,-0.1935223269144004
test_19100_35620,33,19100,35620,train_global_mean,35620,avg,885,,,,0.2359289971654721,0.3148409836491629,-0.7412422430326702
test_19100_38060,34,19100,38060,nearest_train_city_mean,19100,Car_share,1461,0.95638894917424,0.908118492144306,-0.0482704570299339,0.065725867211957,0.0881798480440417,-1.85231845978022
test_19100_38060,34,19100,38060,nearest_train_city_mean,19100,Transit_share,1461,0.0106595390894972,0.0418031203032357,0.0311435812137384,0.0390349959782218,0.0584388672945348,-4.137497166952734
test_19100_38060,34,19100,38060,nearest_train_city_mean,19100,NonTransit_share,1461,0.0329515117362626,0.0500783875524582,0.0171268758161955,0.0352283374565869,0.0467506620544767,-0.2203581293844969
test_19100_38060,34,19100,38060,nearest_train_city_mean,19100,avg,1461,,,,0.0466630668822553,0.0644564591310177,-2.070057918705817
test_19100_38060,34,19100,38060,nearest_train_city_mean,38060,Car_share,1086,0.938708022053798,0.8750962969030756,-0.0636117251507225,0.0802994158370936,0.0967200802694519,-1.747442404228773
test_19100_38060,34,19100,38060,nearest_train_city_mean,38060,Transit_share,1086,0.0140134473721929,0.0673386004724118,0.0533251531002188,0.0587549793085187,0.069876238997953,-6.651983408371726
test_19100_38060,34,19100,38060,nearest_train_city_mean,38060,NonTransit_share,1086,0.0472785305740088,0.0575651026245125,0.0102865720505036,0.0340599199715682,0.0488897465957446,-0.0537602454151793
test_19100_38060,34,19100,38060,nearest_train_city_mean,38060,avg,1086,,,,0.0577047717057268,0.0718286886210498,-2.817728686005226
test_19100_38060,34,19100,38060,test_city_oracle_mean,19100,Car_share,1461,0.95638894917424,0.95638894917424,4.1338899753325473e-17,0.0344301213021885,0.0522120012550674,-2.220446049250313e-16
test_19100_38060,34,19100,38060,test_city_oracle_mean,19100,Transit_share,1461,0.0106595390894972,0.0106595390894972,-6.079249963724334e-19,0.0144631572402117,0.0257825573128054,0.0
test_19100_38060,34,19100,38060,test_city_oracle_mean,19100,NonTransit_share,1461,0.0329515117362626,0.0329515117362626,-4.559437472793251e-19,0.0271096088727625,0.0423198496586982,0.0
test_19100_38060,34,19100,38060,test_city_oracle_mean,19100,avg,1461,,,,0.0253342958050542,0.0401048027421903,-7.401486830834377e-17
test_19100_38060,34,19100,38060,test_city_oracle_mean,38060,Car_share,1086,0.938708022053798,0.9387080220537982,8.628252603900847e-17,0.0388244502944113,0.0583515436952534,0.0
test_19100_38060,34,19100,38060,test_city_oracle_mean,38060,Transit_share,1086,0.0140134473721929,0.0140134473721929,-4.089219243554905e-19,0.0168234859954746,0.0252605331022386,0.0
test_19100_38060,34,19100,38060,test_city_oracle_mean,38060,NonTransit_share,1086,0.0472785305740088,0.0472785305740088,-3.475836357021669e-18,0.0303519470022245,0.0476263041536573,0.0
test_19100_38060,34,19100,38060,test_city_oracle_mean,38060,avg,1086,,,,0.0286666277640368,0.0437461269837165,0.0
test_19100_38060,34,19100,38060,train_global_mean,19100,Car_share,1461,0.95638894917424,0.8368916055284179,-0.119497343645822,0.1249664959996635,0.1304059362662101,-5.238124578009046
test_19100_38060,34,19100,38060,train_global_mean,19100,Transit_share,1461,0.0106595390894972,0.093477544538555,0.0828180054490577,0.084810214031805,0.0867384706352853,-10.318048150376976
test_19100_38060,34,19100,38060,train_global_mean,19100,NonTransit_share,1461,0.0329515117362626,0.0696308499330268,0.0366793381967642,0.0482370470919612,0.0560030671096452,-0.7511985653533355
test_19100_38060,34,19100,38060,train_global_mean,19100,avg,1461,,,,0.0860045857078099,0.0910491580037135,-5.435790431246453
test_19100_38060,34,19100,38060,train_global_mean,38060,Car_share,1086,0.938708022053798,0.836891605528418,-0.1018164165253802,0.1092265414775083,0.1173519719718795,-3.04460471700719
test_19100_38060,34,19100,38060,train_global_mean,38060,Transit_share,1086,0.0140134473721929,0.093477544538555,0.079464097166362,0.0809079798714096,0.0833824758032185,-9.895936128215364
test_19100_38060,34,19100,38060,train_global_mean,38060,NonTransit_share,1086,0.0472785305740088,0.0696308499330268,0.022352319359018,0.0404448663987551,0.0526107501188133,-0.2202680085238615
test_19100_38060,34,19100,38060,train_global_mean,38060,avg,1086,,,,0.076859795915891,0.0844483992979704,-4.386936284582139
test_19100_41860,35,19100,41860,nearest_train_city_mean,19100,Car_share,1461,0.95638894917424,0.9175319128110844,-0.0388570363631554,0.0594993609762174,0.0870039186584801,-1.7767510695749569
test_19100_41860,35,19100,41860,nearest_train_city_mean,19100,Transit_share,1461,0.0106595390894972,0.0333010384810859,0.0226414993915886,0.032428931866158,0.0564807628117254,-3.79898202671393
test_19100_41860,35,19100,41860,nearest_train_city_mean,19100,NonTransit_share,1461,0.0329515117362626,0.0491670487078295,0.0162155369715669,0.0350527359769901,0.0469981347543296,-0.2333121554500108
test_19100_41860,35,19100,41860,nearest_train_city_mean,19100,avg,1461,,,,0.0423270096064551,0.063494272074845,-1.9363484172462997
test_19100_41860,35,19100,41860,nearest_train_city_mean,41860,Car_share,952,0.7368668640401761,0.7645988076653646,0.0277319436251884,0.194703182572182,0.2681182995963259,-0.4950044333086254
test_19100_41860,35,19100,41860,nearest_train_city_mean,41860,Transit_share,952,0.15000655037683,0.1526072526505182,0.0026007022736882,0.134267131937891,0.1743657922355022,-0.9604389905341616
test_19100_41860,35,19100,41860,nearest_train_city_mean,41860,NonTransit_share,952,0.1131265855829938,0.0827939396841171,-0.0303326458988767,0.0848650945427861,0.137258041905847,-0.1159357188508352
test_19100_41860,35,19100,41860,nearest_train_city_mean,41860,avg,952,,,,0.1379451363509531,0.1932473779125584,-0.5237930475645408
test_19100_41860,35,19100,41860,test_city_oracle_mean,19100,Car_share,1461,0.95638894917424,0.95638894917424,4.1338899753325473e-17,0.0344301213021885,0.0522120012550674,-2.220446049250313e-16
test_19100_41860,35,19100,41860,test_city_oracle_mean,19100,Transit_share,1461,0.0106595390894972,0.0106595390894972,-6.079249963724334e-19,0.0144631572402117,0.0257825573128054,0.0
test_19100_41860,35,19100,41860,test_city_oracle_mean,19100,NonTransit_share,1461,0.0329515117362626,0.0329515117362626,-4.559437472793251e-19,0.0271096088727625,0.0423198496586982,0.0
test_19100_41860,35,19100,41860,test_city_oracle_mean,19100,avg,1461,,,,0.0253342958050542,0.0401048027421903,-7.401486830834377e-17
test_19100_41860,35,19100,41860,test_city_oracle_mean,41860,Car_share,952,0.7368668640401761,0.7368668640401759,-5.970947359328573e-17,0.1759320687871636,0.2192831272607594,0.0
test_19100_41860,35,19100,41860,test_city_oracle_mean,41860,Transit_share,952,0.15000655037683,0.15000655037683,1.1195526298741076e-17,0.1017127602237355,0.1245330491047004,0.0
test_19100_41860,35,19100,41860,test_city_oracle_mean,41860,NonTransit_share,952,0.1131265855829938,0.1131265855829938,-7.463684199160716e-18,0.0916057625950231,0.1299326241638932,0.0
test_19100_41860,35,19100,41860,test_city_oracle_mean,41860,avg,952,,,,0.1230835305353074,0.1579162668431177,0.0
test_19100_41860,35,19100,41860,train_global_mean,19100,Car_share,1461,0.95638894917424,0.8524304293160477,-0.103958519858192,0.1104586373182824,0.1163334299596005,-3.964418511598896
test_19100_41860,35,19100,41860,train_global_mean,19100,Transit_share,1461,0.0106595390894972,0.0828981408024702,0.0722386017129729,0.074689891379807,0.0767017329597814,-7.850307675028587
test_19100_41860,35,19100,41860,train_global_mean,19100,NonTransit_share,1461,0.0329515117362626,0.0646714298814818,0.0317199181452191,0.0445121967068834,0.0528878330268335,-0.5617924307197806
test_19100_41860,35,19100,41860,train_global_mean,19100,avg,1461,,,,0.0765535751349909,0.0819743319820718,-4.125506205782421
test_19100_41860,35,19100,41860,train_global_mean,41860,Car_share,952,0.7368668640401761,0.8524304293160477,0.1155635652758718,0.1649727221554868,0.247870989671097,-0.2777355235623917
test_19100_41860,35,19100,41860,train_global_mean,41860,Transit_share,952,0.15000655037683,0.0828981408024702,-0.0671084095743598,0.1000247567340054,0.1414638432777568,-0.2903920012066867
test_19100_41860,35,19100,41860,train_global_mean,41860,NonTransit_share,952,0.1131265855829938,0.0646714298814818,-0.0484551557015119,0.0810793876258718,0.1386736778778629,-0.1390732383680635
test_19100_41860,35,19100,41860,train_global_mean,41860,avg,952,,,,0.1153589555051213,0.1760028369422389,-0.2357335877123806
test_19100_42660,36,19100,42660,nearest_train_city_mean,19100,Car_share,1461,0.95638894917424,0.9183647327811788,-0.0380242163930609,0.0589512939425305,0.0853270658675807,-1.67074819865145
test_19100_42660,36,19100,42660,nearest_train_city_mean,19100,Transit_share,1461,0.0106595390894972,0.0322380149246493,0.021578475835152,0.0314338666265315,0.0533041505503264,-3.274349892849572
test_19100_42660,36,19100,42660,nearest_train_city_mean,19100,NonTransit_share,1461,0.0329515117362626,0.0493972522941717,0.016445740557909,0.0354357203982507,0.0476759012611719,-0.2691401717306663
test_19100_42660,36,19100,42660,nearest_train_city_mean,19100,avg,1461,,,,0.0419402936557709,0.062102372559693,-1.7380794210772292
test_19100_42660,36,19100,42660,nearest_train_city_mean,42660,Car_share,860,0.8508559438203965,0.8082358580320499,-0.0426200857883466,0.1255588243006138,0.1677661299854744,-0.089888116322486
test_19100_42660,36,19100,42660,nearest_train_city_mean,42660,Transit_share,860,0.0774116577437936,0.1092355496359401,0.0318238918921464,0.0750988317024858,0.0975198068500416,-0.3128660543801027
test_19100_42660,36,19100,42660,nearest_train_city_mean,42660,NonTransit_share,860,0.0717323984358097,0.0825285923320098,0.0107961938962001,0.0654400311102003,0.1030066575964587,-0.0352942314095587
test_19100_42660,36,19100,42660,nearest_train_city_mean,42660,avg,860,,,,0.0886992290377666,0.1227641981439916,-0.1460161340373825
test_19100_42660,36,19100,42660,test_city_oracle_mean,19100,Car_share,1461,0.95638894917424,0.95638894917424,4.1338899753325473e-17,0.0344301213021885,0.0522120012550674,-2.220446049250313e-16
test_19100_42660,36,19100,42660,test_city_oracle_mean,19100,Transit_share,1461,0.0106595390894972,0.0106595390894972,-6.079249963724334e-19,0.0144631572402117,0.0257825573128054,0.0
test_19100_42660,36,19100,42660,test_city_oracle_mean,19100,NonTransit_share,1461,0.0329515117362626,0.0329515117362626,-4.559437472793251e-19,0.0271096088727625,0.0423198496586982,0.0
test_19100_42660,36,19100,42660,test_city_oracle_mean,19100,avg,1461,,,,0.0253342958050542,0.0401048027421903,-7.401486830834377e-17
test_19100_42660,36,19100,42660,test_city_oracle_mean,42660,Car_share,860,0.8508559438203965,0.8508559438203965,-8.26212483441977e-18,0.1134143761191713,0.1606990568051697,0.0
test_19100_42660,36,19100,42660,test_city_oracle_mean,42660,Transit_share,860,0.0774116577437936,0.0774116577437936,0.0,0.0628548273941971,0.0851103982711564,0.0
test_19100_42660,36,19100,42660,test_city_oracle_mean,42660,NonTransit_share,860,0.0717323984358097,0.0717323984358097,-4.1310624172098855e-18,0.0612807422687783,0.1012356319310942,0.0
test_19100_42660,36,19100,42660,test_city_oracle_mean,42660,avg,860,,,,0.0791833152607156,0.1156816956691401,0.0
test_19100_42660,36,19100,42660,train_global_mean,19100,Car_share,1461,0.95638894917424,0.8442823746807466,-0.1121065744934929,0.1180313313945136,0.1236688203215517,-4.610218249570328
test_19100_42660,36,19100,42660,train_global_mean,19100,Transit_share,1461,0.0106595390894972,0.0880425305254195,0.0773829914359222,0.0795914666589074,0.0815651127943811,-9.008221270163633
test_19100_42660,36,19100,42660,train_global_mean,19100,NonTransit_share,1461,0.0329515117362626,0.0676750947938332,0.0347235830575705,0.0467523263739452,0.0547420943652215,-0.6732259273263439
test_19100_42660,36,19100,42660,train_global_mean,19100,avg,1461,,,,0.0814583748091221,0.0866586758270514,-4.763888482353435
test_19100_42660,36,19100,42660,train_global_mean,42660,Car_share,860,0.8508559438203965,0.8442823746807467,-0.0065735691396494,0.1160828772500519,0.1608334500945152,-0.0016733077200548
test_19100_42660,36,19100,42660,train_global_mean,42660,Transit_share,860,0.0774116577437936,0.0880425305254195,0.0106308727816258,0.0668628931330592,0.0857717631273485,-0.0156017242040549
test_19100_42660,36,19100,42660,train_global_mean,42660,NonTransit_share,860,0.0717323984358097,0.0676750947938332,-0.0040573036419764,0.059513085287845,0.1013169032557312,-0.0016062318205269
test_19100_42660,36,19100,42660,train_global_mean,42660,avg,860,,,,0.0808196185569853,0.1159740388258649,-0.0062937545815455
test_19100_47900,37,19100,47900,nearest_train_city_mean,19100,Car_share,1461,0.95638894917424,0.920205106842604,-0.0361838423316357,0.0571839066705404,0.0813639640785462,-1.4284184245731495
test_19100_47900,37,19100,47900,nearest_train_city_mean,19100,Transit_share,1461,0.0106595390894972,0.0314845219317578,0.0208249828422605,0.030901427909019,0.0513735770821526,-2.9703393561729
test_19100_47900,37,19100,47900,nearest_train_city_mean,19100,NonTransit_share,1461,0.0329515117362626,0.0483103712256379,0.0153588594893752,0.0343606415614525,0.0464804880469995,-0.2062938859780707
test_19100_47900,37,19100,47900,nearest_train_city_mean,19100,avg,1461,,,,0.0408153253803373,0.0597393430692327,-1.5350172222413734
test_19100_47900,37,19100,47900,nearest_train_city_mean,47900,Car_share,1454,0.8102936687390263,0.8756662093308402,0.0653725405918137,0.1144603819406855,0.1821581994287412,0.0745441862542251
test_19100_47900,37,19100,47900,nearest_train_city_mean,47900,Transit_share,1454,0.1140755674436493,0.0652482776113123,-0.048827289832337,0.0805750099573783,0.124198393253195,-0.0349015844627536
test_19100_47900,37,19100,47900,nearest_train_city_mean,47900,NonTransit_share,1454,0.0756307638173242,0.0590855130578475,-0.0165452507594766,0.0548688909035967,0.1024132882057183,0.0455854523508116
test_19100_47900,37,19100,47900,nearest_train_city_mean,47900,avg,1454,,,,0.0833014276005535,0.1362566269625515,0.028409351380761
test_19100_47900,37,19100,47900,test_city_oracle_mean,19100,Car_share,1461,0.95638894917424,0.95638894917424,4.1338899753325473e-17,0.0344301213021885,0.0522120012550674,-2.220446049250313e-16
test_19100_47900,37,19100,47900,test_city_oracle_mean,19100,Transit_share,1461,0.0106595390894972,0.0106595390894972,-6.079249963724334e-19,0.0144631572402117,0.0257825573128054,0.0
test_19100_47900,37,19100,47900,test_city_oracle_mean,19100,NonTransit_share,1461,0.0329515117362626,0.0329515117362626,-4.559437472793251e-19,0.0271096088727625,0.0423198496586982,0.0
test_19100_47900,37,19100,47900,test_city_oracle_mean,19100,avg,1461,,,,0.0253342958050542,0.0401048027421903,-7.401486830834377e-17
test_19100_47900,37,19100,47900,test_city_oracle_mean,47900,Car_share,1454,0.8102936687390263,0.8102936687390264,-5.3754952499044714e-17,0.1415997401385011,0.1893524290754373,0.0
test_19100_47900,37,19100,47900,test_city_oracle_mean,47900,Transit_share,1454,0.1140755674436493,0.1140755674436493,-1.22170346588738e-17,0.0942252919974983,0.1220861649209111,0.0
test_19100_47900,37,19100,47900,test_city_oracle_mean,47900,NonTransit_share,1454,0.0756307638173242,0.0756307638173241,-3.66511039766214e-18,0.0632373416255354,0.1048305308766666,1.1102230246251563e-16
test_19100_47900,37,19100,47900,test_city_oracle_mean,47900,avg,1454,,,,0.0996874579205116,0.1387563749576717,3.7007434154171876e-17
test_19100_47900,37,19100,47900,train_global_mean,19100,Car_share,1461,0.95638894917424,0.8486045256695524,-0.1077844235046872,0.1140080147316538,0.1197646651784112,-4.261586684814726
test_19100_47900,37,19100,47900,train_global_mean,19100,Transit_share,1461,0.0106595390894972,0.0843543664796414,0.0736948273901441,0.0760758555893303,0.0780747580569497,-8.169999468797641
test_19100_47900,37,19100,47900,train_global_mean,19100,NonTransit_share,1461,0.0329515117362626,0.0670411078508057,0.034089596114543,0.0462754886340886,0.0543421589411709,-0.6488666890270987
test_19100_47900,37,19100,47900,train_global_mean,19100,avg,1461,,,,0.0787864529850242,0.0840605273921773,-4.360150947546489
test_19100_47900,37,19100,47900,train_global_mean,47900,Car_share,1454,0.8102936687390263,0.8486045256695525,0.0383108569305263,0.1312706933469736,0.1931891926467933,-0.0409356764240513
test_19100_47900,37,19100,47900,train_global_mean,47900,Transit_share,1454,0.1140755674436493,0.0843543664796414,-0.0297212009640079,0.0876908813028947,0.1256518262972682,-0.059265206984534
test_19100_47900,37,19100,47900,train_global_mean,47900,NonTransit_share,1454,0.0756307638173242,0.0670411078508057,-0.0085896559665184,0.0598539939267851,0.1051818539174267,-0.0067139170198196
test_19100_47900,37,19100,47900,train_global_mean,47900,avg,1454,,,,0.0929385228588845,0.1413409576204961,-0.0356382668094683
test_26420_31080,38,26420,31080,nearest_train_city_mean,26420,Car_share,1249,0.9330075981070628,0.9290905695439262,-0.0039170285631364,0.062813799536135,0.0995312245887343,-0.2842104513858063
test_26420_31080,38,26420,31080,nearest_train_city_mean,26420,Transit_share,1249,0.0218770480956112,0.0275856374101753,0.005708589314564,0.0327562543963712,0.0569038715304188,-0.8482788608958112
test_26420_31080,38,26420,31080,nearest_train_city_mean,26420,NonTransit_share,1249,0.0451153537973261,0.0433237930458984,-0.0017915607514276,0.0403727215367272,0.0689393459068612,0.0052849026995295
test_26420_31080,38,26420,31080,nearest_train_city_mean,26420,avg,1249,,,,0.0453142584897444,0.0751248140086714,-0.3757348031940293
test_26420_31080,38,26420,31080,nearest_train_city_mean,31080,Car_share,1730,0.893875738545826,0.8014638154394943,-0.0924119231063315,0.1356948365593762,0.1733591091269331,-1.9015693577222028
test_26420_31080,38,26420,31080,nearest_train_city_mean,31080,Transit_share,1730,0.0492006366811609,0.1125812902882071,0.0633806536070461,0.0917006429856519,0.122815122932255,-2.313735160775546
test_26420_31080,38,26420,31080,nearest_train_city_mean,31080,NonTransit_share,1730,0.056923624773013,0.0859548942722984,0.0290312694992854,0.056544524026386,0.0786051791314545,-0.4006527730914557
test_26420_31080,38,26420,31080,nearest_train_city_mean,31080,avg,1730,,,,0.094646667857138,0.1249264703968809,-1.538652430529735
test_26420_31080,38,26420,31080,test_city_oracle_mean,26420,Car_share,1249,0.9330075981070628,0.9330075981070628,1.2942231576094698e-16,0.0578307466320973,0.0878296692833678,0.0
test_26420_31080,38,26420,31080,test_city_oracle_mean,26420,Transit_share,1249,0.0218770480956112,0.0218770480956112,-2.844446500240593e-18,0.0264340083911753,0.0418560332188175,0.0
test_26420_31080,38,26420,31080,test_city_oracle_mean,26420,NonTransit_share,1249,0.0451153537973261,0.0451153537973261,0.0,0.0416066990007584,0.0691222400278432,0.0
test_26420_31080,38,26420,31080,test_city_oracle_mean,26420,avg,1249,,,,0.0419571513413437,0.0662693141766762,0.0
test_26420_31080,38,26420,31080,test_city_oracle_mean,31080,Car_share,1730,0.893875738545826,0.8938757385458261,-2.464310066220001e-17,0.0689295593652233,0.1017724403641563,0.0
test_26420_31080,38,26420,31080,test_city_oracle_mean,31080,Transit_share,1730,0.0492006366811609,0.0492006366811609,-4.107183443700001e-18,0.0446092832820056,0.0674672408126019,0.0
test_26420_31080,38,26420,31080,test_city_oracle_mean,31080,NonTransit_share,1730,0.056923624773013,0.056923624773013,0.0,0.0383785160754033,0.0664180191427133,0.0
test_26420_31080,38,26420,31080,test_city_oracle_mean,31080,avg,1730,,,,0.0506391195742107,0.0785525667731571,0.0
test_26420_31080,38,26420,31080,train_global_mean,26420,Car_share,1249,0.9330075981070628,0.8421390280368789,-0.0908685700701836,0.1150253064294674,0.1263770067418343,-1.0703970240540484
test_26420_31080,38,26420,31080,train_global_mean,26420,Transit_share,1249,0.0218770480956112,0.0902225323258074,0.0683454842301961,0.0757781895981323,0.0801438252860115,-2.666266252357678
test_26420_31080,38,26420,31080,train_global_mean,26420,NonTransit_share,1249,0.0451153537973261,0.0676384396373137,0.0225230858399876,0.0535738718563698,0.0726991984977979,-0.1061744882668507
test_26420_31080,38,26420,31080,train_global_mean,26420,avg,1249,,,,0.0814591226279898,0.0930733435085479,-1.2809459215595258
test_26420_31080,38,26420,31080,train_global_mean,31080,Car_share,1730,0.893875738545826,0.8421390280368789,-0.051736710508947,0.0935163794852729,0.1141679325903834,-0.258426620094496
test_26420_31080,38,26420,31080,train_global_mean,31080,Transit_share,1730,0.0492006366811609,0.0902225323258074,0.0410218956446464,0.0666615391796467,0.0789596384562763,-0.3696966815962248
test_26420_31080,38,26420,31080,train_global_mean,31080,NonTransit_share,1730,0.056923624773013,0.0676384396373137,0.0107148148643006,0.0421474292414886,0.0672767457924212,-0.0260254055006643
test_26420_31080,38,26420,31080,train_global_mean,31080,avg,1730,,,,0.0674417826354694,0.0868014389463603,-0.218049569063795
test_26420_33100,39,26420,33100,nearest_train_city_mean,26420,Car_share,1249,0.9330075981070628,0.9317710857005216,-0.0012365124065409,0.0637111274237252,0.100268163576209,-0.3032976939393148
test_26420_33100,39,26420,33100,nearest_train_city_mean,26420,Transit_share,1249,0.0218770480956112,0.0274499298139293,0.0055728817183181,0.0341123204329529,0.0573291780932235,-0.8760106393100575
test_26420_33100,39,26420,33100,nearest_train_city_mean,26420,NonTransit_share,1249,0.0451153537973261,0.0407789844855489,-0.0043363693117771,0.0399687595649698,0.0693668432436514,-0.007089932415959
test_26420_33100,39,26420,33100,nearest_train_city_mean,26420,avg,1249,,,,0.045930735807216,0.0756547283043613,-0.3954660885551104
test_26420_33100,39,26420,33100,nearest_train_city_mean,33100,Car_share,1477,0.9161203189025324,0.8836945115104863,-0.0324258073920462,0.0844462218718963,0.1176341627700998,-0.6677613212345463
test_26420_33100,39,26420,33100,nearest_train_city_mean,33100,Transit_share,1477,0.0289907135589175,0.0626574189074199,0.0336667053485024,0.0565544978388415,0.0849260840477473,-2.5508456460593223
test_26420_33100,39,26420,33100,nearest_train_city_mean,33100,NonTransit_share,1477,0.0548889675385499,0.0536480695820938,-0.0012408979564561,0.0432221063210982,0.0706868104363411,0.030549950131212
test_26420_33100,39,26420,33100,nearest_train_city_mean,33100,avg,1477,,,,0.0614076086772787,0.0910823524180627,-1.0626856723875522
test_26420_33100,39,26420,33100,test_city_oracle_mean,26420,Car_share,1249,0.9330075981070628,0.9330075981070628,1.2942231576094698e-16,0.0578307466320973,0.0878296692833678,0.0
test_26420_33100,39,26420,33100,test_city_oracle_mean,26420,Transit_share,1249,0.0218770480956112,0.0218770480956112,-2.844446500240593e-18,0.0264340083911753,0.0418560332188175,0.0
test_26420_33100,39,26420,33100,test_city_oracle_mean,26420,NonTransit_share,1249,0.0451153537973261,0.0451153537973261,0.0,0.0416066990007584,0.0691222400278432,0.0
test_26420_33100,39,26420,33100,test_city_oracle_mean,26420,avg,1249,,,,0.0419571513413437,0.0662693141766762,0.0
test_26420_33100,39,26420,33100,test_city_oracle_mean,33100,Car_share,1477,0.9161203189025324,0.9161203189025324,3.126965323250272e-17,0.0621981199848064,0.0910891222437087,0.0
test_26420_33100,39,26420,33100,test_city_oracle_mean,33100,Transit_share,1477,0.0289907135589175,0.0289907135589175,-6.013394852404368e-19,0.0299046602960782,0.0450687177492427,-2.220446049250313e-16
test_26420_33100,39,26420,33100,test_city_oracle_mean,33100,NonTransit_share,1477,0.0548889675385499,0.0548889675385499,-3.608036911442621e-18,0.0443753394411696,0.0717919363260635,0.0
test_26420_33100,39,26420,33100,test_city_oracle_mean,33100,avg,1477,,,,0.045492706574018,0.0693165921063383,-7.401486830834377e-17
test_26420_33100,39,26420,33100,train_global_mean,26420,Car_share,1249,0.9330075981070628,0.8406104643196032,-0.0923971337874594,0.1162232840856671,0.1274805127796537,-1.10671170651692
test_26420_33100,39,26420,33100,train_global_mean,26420,Transit_share,1249,0.0218770480956112,0.0917283336446116,0.0698512855490003,0.0770933268271633,0.0814317481677923,-2.7850479235117183
test_26420_33100,39,26420,33100,train_global_mean,26420,NonTransit_share,1249,0.0451153537973261,0.067661202035785,0.022545848238459,0.0535878864956208,0.0727062537836904,-0.1063892019396615
test_26420_33100,39,26420,33100,train_global_mean,26420,avg,1249,,,,0.0823014991361504,0.0938728382437121,-1.3327162773227663
test_26420_33100,39,26420,33100,train_global_mean,33100,Car_share,1477,0.9161203189025324,0.8406104643196031,-0.0755098545829293,0.1036378278791188,0.1183172275294872,-0.6871858900097438
test_26420_33100,39,26420,33100,train_global_mean,33100,Transit_share,1477,0.0289907135589175,0.0917283336446116,0.0627376200856941,0.0716186884104349,0.0772476426409103,-1.937785383229448
test_26420_33100,39,26420,33100,train_global_mean,33100,NonTransit_share,1477,0.0548889675385499,0.067661202035785,0.0127722344972351,0.0495183901562936,0.0729192162293172,-0.0316506354009373
test_26420_33100,39,26420,33100,train_global_mean,33100,avg,1477,,,,0.0749249688152824,0.0894946954665716,-0.8855406362133763
test_26420_35620,40,26420,35620,nearest_train_city_mean,26420,Car_share,1249,0.9330075981070628,0.932665306939056,-0.0003422911680062,0.0603952899486422,0.0942504692432137,-0.1515546339371214
test_26420_35620,40,26420,35620,nearest_train_city_mean,26420,Transit_share,1249,0.0218770480956112,0.0246965031227825,0.0028194550271712,0.0304740592826855,0.049772798567945,-0.4140604868113222
test_26420_35620,40,26420,35620,nearest_train_city_mean,26420,NonTransit_share,1249,0.0451153537973261,0.0426381899381611,-0.0024771638591649,0.0401866774254018,0.068802308134453,0.0092355656237558
test_26420_35620,40,26420,35620,nearest_train_city_mean,26420,avg,1249,,,,0.0436853422189098,0.0709418586485372,-0.1854598517082293
test_26420_35620,40,26420,35620,nearest_train_city_mean,35620,Car_share,885,0.5502563812813035,0.8141447894204453,0.2638884081391418,0.3376323733777357,0.4312371381600089,-0.8847740330818363
test_26420_35620,40,26420,35620,nearest_train_city_mean,35620,Transit_share,885,0.3300176550685805,0.1015275825303727,-0.2284900725382078,0.269064625057769,0.3568246356605344,-0.9605511194219352
test_26420_35620,40,26420,35620,nearest_train_city_mean,35620,NonTransit_share,885,0.1197259636501158,0.0843276280491818,-0.035398335600934,0.0930660009546025,0.1336074599440491,-0.1317154749791467
test_26420_35620,40,26420,35620,nearest_train_city_mean,35620,avg,885,,,,0.2332543331300357,0.3072230779215308,-0.6590135424943061
test_26420_35620,40,26420,35620,test_city_oracle_mean,26420,Car_share,1249,0.9330075981070628,0.9330075981070628,1.2942231576094698e-16,0.0578307466320973,0.0878296692833678,0.0
test_26420_35620,40,26420,35620,test_city_oracle_mean,26420,Transit_share,1249,0.0218770480956112,0.0218770480956112,-2.844446500240593e-18,0.0264340083911753,0.0418560332188175,0.0
test_26420_35620,40,26420,35620,test_city_oracle_mean,26420,NonTransit_share,1249,0.0451153537973261,0.0451153537973261,0.0,0.0416066990007584,0.0691222400278432,0.0
test_26420_35620,40,26420,35620,test_city_oracle_mean,26420,avg,1249,,,,0.0419571513413437,0.0662693141766762,0.0
test_26420_35620,40,26420,35620,test_city_oracle_mean,35620,Car_share,885,0.5502563812813035,0.5502563812813035,-2.81005601713034e-17,0.2844608796350297,0.3141134337528695,0.0
test_26420_35620,40,26420,35620,test_city_oracle_mean,35620,Transit_share,885,0.3300176550685805,0.3300176550685805,-3.2114925910061026e-17,0.2279113368824296,0.2548389140423297,0.0
test_26420_35620,40,26420,35620,test_city_oracle_mean,35620,NonTransit_share,885,0.1197259636501158,0.1197259636501158,-2.007182869378814e-18,0.0940906499915756,0.1255920300431169,0.0
test_26420_35620,40,26420,35620,test_city_oracle_mean,35620,avg,885,,,,0.202154288836345,0.231514792612772,0.0
test_26420_35620,40,26420,35620,train_global_mean,26420,Car_share,1249,0.9330075981070628,0.8678597003402999,-0.0651478977667625,0.0956390397493184,0.109354009482297,-0.5501971259889944
test_26420_35620,40,26420,35620,train_global_mean,26420,Transit_share,1249,0.0218770480956112,0.0692814273126747,0.0474043792170634,0.058100171141157,0.0632384589136225,-1.2826872957854034
test_26420_35620,40,26420,35620,train_global_mean,26420,NonTransit_share,1249,0.0451153537973261,0.0628588723470252,0.0177435185496991,0.0506732083290794,0.071363271484639,-0.0658936981608966
test_26420_35620,40,26420,35620,train_global_mean,26420,avg,1249,,,,0.0681374730731849,0.0813185799601862,-0.6329260399784314
test_26420_35620,40,26420,35620,train_global_mean,35620,Car_share,885,0.5502563812813035,0.8678597003403001,0.3176033190589964,0.3456092035164329,0.4466980160481005,-1.0223439796864433
test_26420_35620,40,26420,35620,train_global_mean,35620,Transit_share,885,0.3300176550685805,0.0692814273126747,-0.2607362277559057,0.2769275134861034,0.364590527269502,-1.046818199677754
test_26420_35620,40,26420,35620,train_global_mean,35620,NonTransit_share,885,0.1197259636501158,0.0628588723470252,-0.0568670913030905,0.088592506509656,0.1378666895360341,-0.2050207743431575
test_26420_35620,40,26420,35620,train_global_mean,35620,avg,885,,,,0.2370430745040641,0.3163850776178789,-0.7580609845691182
test_26420_38060,41,26420,38060,nearest_train_city_mean,26420,Car_share,1249,0.9330075981070628,0.9293661791259094,-0.003641418981153,0.0608620192426985,0.0956851315035735,-0.1868789330800819
test_26420_38060,41,26420,38060,nearest_train_city_mean,26420,Transit_share,1249,0.0218770480956112,0.0271434133611045,0.0052663652654933,0.0315809260505839,0.0541352612354571,-0.6728012323018115
test_26420_38060,41,26420,38060,nearest_train_city_mean,26420,NonTransit_share,1249,0.0451153537973261,0.0434904075129859,-0.0016249462843402,0.0400794026664119,0.0683067992727821,0.0234549934690005
test_26420_38060,41,26420,38060,nearest_train_city_mean,26420,avg,1249,,,,0.0441741159865648,0.0727090640039376,-0.2787417239709643
test_26420_38060,41,26420,38060,nearest_train_city_mean,38060,Car_share,1086,0.938708022053798,0.9102972703056044,-0.0284107517481938,0.0526546571649248,0.0682881564022413,-0.3695758093405497
test_26420_38060,41,26420,38060,nearest_train_city_mean,38060,Transit_share,1086,0.0140134473721929,0.0396242286104017,0.0256107812382087,0.0328028210887367,0.0404350677202976,-1.5623079622062224
test_26420_38060,41,26420,38060,nearest_train_city_mean,38060,NonTransit_share,1086,0.0472785305740088,0.0500785010839939,0.0027999705099851,0.0312180916966064,0.0475811327693944,0.0018960095083201
test_26420_38060,41,26420,38060,nearest_train_city_mean,38060,avg,1086,,,,0.0388918566500893,0.0521014522973111,-0.6433292540128174
test_26420_38060,41,26420,38060,test_city_oracle_mean,26420,Car_share,1249,0.9330075981070628,0.9330075981070628,1.2942231576094698e-16,0.0578307466320973,0.0878296692833678,0.0
test_26420_38060,41,26420,38060,test_city_oracle_mean,26420,Transit_share,1249,0.0218770480956112,0.0218770480956112,-2.844446500240593e-18,0.0264340083911753,0.0418560332188175,0.0
test_26420_38060,41,26420,38060,test_city_oracle_mean,26420,NonTransit_share,1249,0.0451153537973261,0.0451153537973261,0.0,0.0416066990007584,0.0691222400278432,0.0
test_26420_38060,41,26420,38060,test_city_oracle_mean,26420,avg,1249,,,,0.0419571513413437,0.0662693141766762,0.0
test_26420_38060,41,26420,38060,test_city_oracle_mean,38060,Car_share,1086,0.938708022053798,0.9387080220537982,8.628252603900847e-17,0.0388244502944113,0.0583515436952534,0.0
test_26420_38060,41,26420,38060,test_city_oracle_mean,38060,Transit_share,1086,0.0140134473721929,0.0140134473721929,-4.089219243554905e-19,0.0168234859954746,0.0252605331022386,0.0
test_26420_38060,41,26420,38060,test_city_oracle_mean,38060,NonTransit_share,1086,0.0472785305740088,0.0472785305740088,-3.475836357021669e-18,0.0303519470022245,0.0476263041536573,0.0
test_26420_38060,41,26420,38060,test_city_oracle_mean,38060,avg,1086,,,,0.0286666277640368,0.0437461269837165,0.0
test_26420_38060,41,26420,38060,train_global_mean,26420,Car_share,1249,0.9330075981070628,0.8409853410287801,-0.0920222570782828,0.1159294455762324,0.1272090665173176,-1.0977495495269074
test_26420_38060,41,26420,38060,train_global_mean,26420,Transit_share,1249,0.0218770480956112,0.0911079239182399,0.0692308758226287,0.0765501603300451,0.0809001958216604,-2.735794786694371
test_26420_38060,41,26420,38060,train_global_mean,26420,NonTransit_share,1249,0.0451153537973261,0.0679067350529801,0.022791381255654,0.0537390593460796,0.0727827666828306,-0.1087190589630004
test_26420_38060,41,26420,38060,train_global_mean,26420,avg,1249,,,,0.0820728884174524,0.0936306763406028,-1.3140877983947596
test_26420_38060,41,26420,38060,train_global_mean,38060,Car_share,1086,0.938708022053798,0.8409853410287801,-0.0977226810250183,0.1055062808089253,0.1138183862051143,-2.804697626869442
test_26420_38060,41,26420,38060,train_global_mean,38060,Transit_share,1086,0.0140134473721929,0.0911079239182399,0.077094476546047,0.0786447241804855,0.0811273865381986,-9.314541984248946
test_26420_38060,41,26420,38060,train_global_mean,38060,NonTransit_share,1086,0.0472785305740088,0.0679067350529801,0.0206282044789713,0.0394106659751682,0.0519017116034041,-0.1875983840801864
test_26420_38060,41,26420,38060,train_global_mean,38060,avg,1086,,,,0.074520556988193,0.082282494782239,-4.102279331732858
test_26420_41860,42,26420,41860,nearest_train_city_mean,26420,Car_share,1249,0.9330075981070628,0.9305263166558034,-0.0024812814512591,0.0622127737530826,0.0991520334912308,-0.274443997342729
test_26420_41860,42,26420,41860,nearest_train_city_mean,26420,Transit_share,1249,0.0218770480956112,0.0264912275388895,0.0046141794432782,0.0321870562436254,0.0565130765555314,-0.8229794275838436
test_26420_41860,42,26420,41860,nearest_train_city_mean,26420,NonTransit_share,1249,0.0451153537973261,0.042982455805307,-0.002132897992019,0.0402862932057582,0.0689300414614754,0.0055533893700495
test_26420_41860,42,26420,41860,nearest_train_city_mean,26420,avg,1249,,,,0.0448953744008221,0.0748650505027459,-0.363956678518841
test_26420_41860,42,26420,41860,nearest_train_city_mean,41860,Car_share,952,0.7368668640401761,0.7654574189929529,0.0285905549527767,0.1958117224155109,0.2685457174609077,-0.4997747225737494
test_26420_41860,42,26420,41860,nearest_train_city_mean,41860,Transit_share,952,0.15000655037683,0.1522559747889218,0.0022494244120917,0.134840733734164,0.1747361455903245,-0.9687757889300544
test_26420_41860,42,26420,41860,nearest_train_city_mean,41860,NonTransit_share,952,0.1131265855829938,0.0822866062181253,-0.0308399793648685,0.0847695982712783,0.1372799682779947,-0.1162922790331955
test_26420_41860,42,26420,41860,nearest_train_city_mean,41860,avg,952,,,,0.1384740181403178,0.1935206104430756,-0.5282809301789998
test_26420_41860,42,26420,41860,test_city_oracle_mean,26420,Car_share,1249,0.9330075981070628,0.9330075981070628,1.2942231576094698e-16,0.0578307466320973,0.0878296692833678,0.0
test_26420_41860,42,26420,41860,test_city_oracle_mean,26420,Transit_share,1249,0.0218770480956112,0.0218770480956112,-2.844446500240593e-18,0.0264340083911753,0.0418560332188175,0.0
test_26420_41860,42,26420,41860,test_city_oracle_mean,26420,NonTransit_share,1249,0.0451153537973261,0.0451153537973261,0.0,0.0416066990007584,0.0691222400278432,0.0
test_26420_41860,42,26420,41860,test_city_oracle_mean,26420,avg,1249,,,,0.0419571513413437,0.0662693141766762,0.0
test_26420_41860,42,26420,41860,test_city_oracle_mean,41860,Car_share,952,0.7368668640401761,0.7368668640401759,-5.970947359328573e-17,0.1759320687871636,0.2192831272607594,0.0
test_26420_41860,42,26420,41860,test_city_oracle_mean,41860,Transit_share,952,0.15000655037683,0.15000655037683,1.1195526298741076e-17,0.1017127602237355,0.1245330491047004,0.0
test_26420_41860,42,26420,41860,test_city_oracle_mean,41860,NonTransit_share,952,0.1131265855829938,0.1131265855829938,-7.463684199160716e-18,0.0916057625950231,0.1299326241638932,0.0
test_26420_41860,42,26420,41860,test_city_oracle_mean,41860,avg,952,,,,0.1230835305353074,0.1579162668431177,0.0
test_26420_41860,42,26420,41860,train_global_mean,26420,Car_share,1249,0.9330075981070628,0.8562385828306762,-0.0767690152763862,0.1042450939152415,0.1166513288091129,-0.76399311521215
test_26420_41860,42,26420,41860,train_global_mean,26420,Transit_share,1249,0.0218770480956112,0.0807187968435086,0.0588417487478973,0.0675934342168536,0.072209964080627,-1.976309728844092
test_26420_41860,42,26420,41860,train_global_mean,26420,NonTransit_share,1249,0.0451153537973261,0.0630426203258149,0.0179272665284888,0.0507816526004636,0.0714091797435753,-0.0672655260597687
test_26420_41860,42,26420,41860,train_global_mean,26420,avg,1249,,,,0.0742067269108529,0.0867568242111051,-0.9358561233720036
test_26420_41860,42,26420,41860,train_global_mean,41860,Car_share,952,0.7368668640401761,0.8562385828306761,0.1193717187905002,0.1655709082351042,0.2496691754066903,-0.2963414912244004
test_26420_41860,42,26420,41860,train_global_mean,41860,Transit_share,952,0.15000655037683,0.0807187968435086,-0.0692877535333213,0.1004293461224825,0.1425106070052612,-0.3095592018590982
test_26420_41860,42,26420,41860,train_global_mean,41860,NonTransit_share,952,0.1131265855829938,0.0630426203258149,-0.0500839652571789,0.0810863937784016,0.1392511773666486,-0.1485802182055531
test_26420_41860,42,26420,41860,train_global_mean,41860,avg,952,,,,0.1156955493786628,0.1771436532595334,-0.2514936370963506
test_26420_42660,43,26420,42660,nearest_train_city_mean,26420,Car_share,1249,0.9330075981070628,0.9312175475501578,-0.0017900505569046,0.0620920737655735,0.0982872773572338,-0.2523107680663374
test_26420_42660,43,26420,42660,nearest_train_city_mean,26420,Transit_share,1249,0.0218770480956112,0.0257855919506678,0.0039085438550565,0.0320842843715335,0.0545899928554941,-0.7010220407868617
test_26420_42660,43,26420,42660,nearest_train_city_mean,26420,NonTransit_share,1249,0.0451153537973261,0.0429968604991741,-0.0021184932981519,0.0404117604836161,0.0690422653354141,0.0023126688859194
test_26420_42660,43,26420,42660,nearest_train_city_mean,26420,avg,1249,,,,0.0448627062069077,0.0739731785160473,-0.3170067133224266
test_26420_42660,43,26420,42660,nearest_train_city_mean,42660,Car_share,860,0.8508559438203965,0.8089666098287295,-0.0418893339916669,0.1255316956337162,0.1681767048552396,-0.0952292210171403
test_26420_42660,43,26420,42660,nearest_train_city_mean,42660,Transit_share,860,0.0774116577437936,0.1086849214977005,0.0312732637539068,0.0753245777230107,0.0978348259542426,-0.3213616799138894
test_26420_42660,43,26420,42660,nearest_train_city_mean,42660,NonTransit_share,860,0.0717323984358097,0.0823484686735697,0.01061607023776,0.0652345247714866,0.1029166427058122,-0.0334855875764315
test_26420_42660,43,26420,42660,nearest_train_city_mean,42660,avg,860,,,,0.0886969327094045,0.1229760578384315,-0.1500254961691537
test_26420_42660,43,26420,42660,test_city_oracle_mean,26420,Car_share,1249,0.9330075981070628,0.9330075981070628,1.2942231576094698e-16,0.0578307466320973,0.0878296692833678,0.0
test_26420_42660,43,26420,42660,test_city_oracle_mean,26420,Transit_share,1249,0.0218770480956112,0.0218770480956112,-2.844446500240593e-18,0.0264340083911753,0.0418560332188175,0.0
test_26420_42660,43,26420,42660,test_city_oracle_mean,26420,NonTransit_share,1249,0.0451153537973261,0.0451153537973261,0.0,0.0416066990007584,0.0691222400278432,0.0
test_26420_42660,43,26420,42660,test_city_oracle_mean,26420,avg,1249,,,,0.0419571513413437,0.0662693141766762,0.0
test_26420_42660,43,26420,42660,test_city_oracle_mean,42660,Car_share,860,0.8508559438203965,0.8508559438203965,-8.26212483441977e-18,0.1134143761191713,0.1606990568051697,0.0
test_26420_42660,43,26420,42660,test_city_oracle_mean,42660,Transit_share,860,0.0774116577437936,0.0774116577437936,0.0,0.0628548273941971,0.0851103982711564,0.0
test_26420_42660,43,26420,42660,test_city_oracle_mean,42660,NonTransit_share,860,0.0717323984358097,0.0717323984358097,-4.1310624172098855e-18,0.0612807422687783,0.1012356319310942,0.0
test_26420_42660,43,26420,42660,test_city_oracle_mean,42660,avg,860,,,,0.0791833152607156,0.1156816956691401,0.0
test_26420_42660,43,26420,42660,train_global_mean,26420,Car_share,1249,0.9330075981070628,0.8481921695785567,-0.0848154285285057,0.1103392184559929,0.1220971241385309,-0.9325394785424256
test_26420_42660,43,26420,42660,train_global_mean,26420,Transit_share,1249,0.0218770480956112,0.0857974860219465,0.0639204379263353,0.0719352593857722,0.0764051693376125,-2.3321868887150403
test_26420_42660,43,26420,42660,train_global_mean,26420,NonTransit_share,1249,0.0451153537973261,0.0660103443994965,0.0208949906021704,0.0525758130590403,0.0722113889821513,-0.0913794948121575
test_26420_42660,43,26420,42660,train_global_mean,26420,avg,1249,,,,0.0782834303002685,0.0902378941527649,-1.1187019540232075
test_26420_42660,43,26420,42660,train_global_mean,42660,Car_share,860,0.8508559438203965,0.8481921695785567,-0.0026637742418397,0.1144678595999464,0.1607211328708289,-0.0002747692792994
test_26420_42660,43,26420,42660,train_global_mean,42660,Transit_share,860,0.0774116577437936,0.0857974860219465,0.0083858282781528,0.0659623673714823,0.0855225234063258,-0.0097079310720267
test_26420_42660,43,26420,42660,train_global_mean,42660,NonTransit_share,860,0.0717323984358097,0.0660103443994965,-0.0057220540363131,0.0588452674868059,0.1013972143349238,-0.0031947517242929
test_26420_42660,43,26420,42660,train_global_mean,42660,avg,860,,,,0.0797584981527449,0.1158802902040262,-0.0043924840252063
test_26420_47900,44,26420,47900,nearest_train_city_mean,26420,Car_share,1249,0.9330075981070628,0.932317895459182,-0.0006897026478809,0.0597148734627044,0.0963172388184371,-0.2026120551189707
test_26420_47900,44,26420,47900,nearest_train_city_mean,26420,Transit_share,1249,0.0218770480956112,0.0253039070460875,0.0034268589504762,0.0305197752194343,0.0540449533409866,-0.6672247873244972
test_26420_47900,44,26420,47900,nearest_train_city_mean,26420,NonTransit_share,1249,0.0451153537973261,0.0423781974947308,-0.0027371563025952,0.0396260423970504,0.0684630025413985,0.0189835810625474
test_26420_47900,44,26420,47900,nearest_train_city_mean,26420,avg,1249,,,,0.0432868970263964,0.0729417315669407,-0.2836177537936401
test_26420_47900,44,26420,47900,nearest_train_city_mean,47900,Car_share,1454,0.8102936687390263,0.8753603039369485,0.0650666351979221,0.1146980163502875,0.1819137713147098,0.0770261568952075
test_26420_47900,44,26420,47900,nearest_train_city_mean,47900,Transit_share,1454,0.1140755674436493,0.0654758767289966,-0.0485996907146527,0.0804112692866476,0.1240722875939412,-0.032801063069368
test_26420_47900,44,26420,47900,nearest_train_city_mean,47900,NonTransit_share,1454,0.0756307638173242,0.0591638193340548,-0.0164669444832693,0.055093112621436,0.1024570758207577,0.0447691428330793
test_26420_47900,44,26420,47900,nearest_train_city_mean,47900,avg,1454,,,,0.083400799419457,0.1361477115764696,0.0296647455529729
test_26420_47900,44,26420,47900,test_city_oracle_mean,26420,Car_share,1249,0.9330075981070628,0.9330075981070628,1.2942231576094698e-16,0.0578307466320973,0.0878296692833678,0.0
test_26420_47900,44,26420,47900,test_city_oracle_mean,26420,Transit_share,1249,0.0218770480956112,0.0218770480956112,-2.844446500240593e-18,0.0264340083911753,0.0418560332188175,0.0
test_26420_47900,44,26420,47900,test_city_oracle_mean,26420,NonTransit_share,1249,0.0451153537973261,0.0451153537973261,0.0,0.0416066990007584,0.0691222400278432,0.0
test_26420_47900,44,26420,47900,test_city_oracle_mean,26420,avg,1249,,,,0.0419571513413437,0.0662693141766762,0.0
test_26420_47900,44,26420,47900,test_city_oracle_mean,47900,Car_share,1454,0.8102936687390263,0.8102936687390264,-5.3754952499044714e-17,0.1415997401385011,0.1893524290754373,0.0
test_26420_47900,44,26420,47900,test_city_oracle_mean,47900,Transit_share,1454,0.1140755674436493,0.1140755674436493,-1.22170346588738e-17,0.0942252919974983,0.1220861649209111,0.0
test_26420_47900,44,26420,47900,test_city_oracle_mean,47900,NonTransit_share,1454,0.0756307638173242,0.0756307638173241,-3.66511039766214e-18,0.0632373416255354,0.1048305308766666,1.1102230246251563e-16
test_26420_47900,44,26420,47900,test_city_oracle_mean,47900,avg,1454,,,,0.0996874579205116,0.1387563749576717,3.7007434154171876e-17
test_26420_47900,44,26420,47900,train_global_mean,26420,Car_share,1249,0.9330075981070628,0.8526228679009791,-0.0803847302060833,0.1069702814797343,0.1190619824155913,-0.8376539139361436
test_26420_47900,44,26420,47900,train_global_mean,26420,Transit_share,1249,0.0218770480956112,0.0820667354656421,0.0601896873700308,0.0687406389849303,0.0733125226855331,-2.067892895642617
test_26420_47900,44,26420,47900,train_global_mean,26420,NonTransit_share,1249,0.0451153537973261,0.0653103966333785,0.0201950428360524,0.0521482228704511,0.0720119699884454,-0.0853599102607762
test_26420_47900,44,26420,47900,train_global_mean,26420,avg,1249,,,,0.0759530477783719,0.0881288250298566,-0.996968906613179
test_26420_47900,44,26420,47900,train_global_mean,47900,Car_share,1454,0.8102936687390263,0.8526228679009791,0.0423291991619528,0.1305354454219668,0.1940260381970956,-0.0499733360568832
test_26420_47900,44,26420,47900,train_global_mean,47900,Transit_share,1454,0.1140755674436493,0.0820667354656421,-0.0320088319780072,0.0873893545688997,0.1262125072633145,-0.0687395604127152
test_26420_47900,44,26420,47900,train_global_mean,47900,NonTransit_share,1454,0.0756307638173242,0.0653103966333785,-0.0103203671839455,0.0592811410177121,0.1053373161927681,-0.0096920295151903
test_26420_47900,44,26420,47900,train_global_mean,47900,avg,1454,,,,0.0924019803361929,0.1418586205510594,-0.0428016419949296
test_31080_33100,45,31080,33100,nearest_train_city_mean,31080,Car_share,1730,0.893875738545826,0.7956808641815102,-0.0981948743643158,0.1396955496819512,0.1764089161661453,-2.0045586540192804
test_31080_33100,45,31080,33100,nearest_train_city_mean,31080,Transit_share,1730,0.0492006366811609,0.1168270068008468,0.0676263701196858,0.0945736982680686,0.1250777273039806,-2.436956726889736
test_31080_33100,45,31080,33100,nearest_train_city_mean,31080,NonTransit_share,1730,0.056923624773013,0.087492129017643,0.0305685042446299,0.0576589771715178,0.0793383563576905,-0.4269033579453709
test_31080_33100,45,31080,33100,nearest_train_city_mean,31080,avg,1730,,,,0.0973094083738459,0.1269416666092721,-1.622806246284796
test_31080_33100,45,31080,33100,nearest_train_city_mean,33100,Car_share,1477,0.9161203189025324,0.8958441479353543,-0.0202761709671782,0.0757404868977709,0.1119347810449557,-0.5100699798732242
test_31080_33100,45,31080,33100,nearest_train_city_mean,33100,Transit_share,1477,0.0289907135589175,0.0499999526810815,0.021009239122164,0.0481959340539808,0.0806463708742288,-2.2019847054875408
test_31080_33100,45,31080,33100,nearest_train_city_mean,33100,NonTransit_share,1477,0.0548889675385499,0.0541558993835642,-0.0007330681549857,0.0435343502352494,0.0702164904607264,0.0434076492288265
test_31080_33100,45,31080,33100,nearest_train_city_mean,33100,avg,1477,,,,0.055823590395667,0.087599214126637,-0.8895490120439794
test_31080_33100,45,31080,33100,test_city_oracle_mean,31080,Car_share,1730,0.893875738545826,0.8938757385458261,-2.464310066220001e-17,0.0689295593652233,0.1017724403641563,0.0
test_31080_33100,45,31080,33100,test_city_oracle_mean,31080,Transit_share,1730,0.0492006366811609,0.0492006366811609,-4.107183443700001e-18,0.0446092832820056,0.0674672408126019,0.0
test_31080_33100,45,31080,33100,test_city_oracle_mean,31080,NonTransit_share,1730,0.056923624773013,0.056923624773013,0.0,0.0383785160754033,0.0664180191427133,0.0
test_31080_33100,45,31080,33100,test_city_oracle_mean,31080,avg,1730,,,,0.0506391195742107,0.0785525667731571,0.0
test_31080_33100,45,31080,33100,test_city_oracle_mean,33100,Car_share,1477,0.9161203189025324,0.9161203189025324,3.126965323250272e-17,0.0621981199848064,0.0910891222437087,0.0
test_31080_33100,45,31080,33100,test_city_oracle_mean,33100,Transit_share,1477,0.0289907135589175,0.0289907135589175,-6.013394852404368e-19,0.0299046602960782,0.0450687177492427,-2.220446049250313e-16
test_31080_33100,45,31080,33100,test_city_oracle_mean,33100,NonTransit_share,1477,0.0548889675385499,0.0548889675385499,-3.608036911442621e-18,0.0443753394411696,0.0717919363260635,0.0
test_31080_33100,45,31080,33100,test_city_oracle_mean,33100,avg,1477,,,,0.045492706574018,0.0693165921063383,-7.401486830834377e-17
test_31080_33100,45,31080,33100,train_global_mean,31080,Car_share,1730,0.893875738545826,0.8424783434914236,-0.0513973950544019,0.0933101798358967,0.1140145685254915,-0.2550479516925468
test_31080_33100,45,31080,33100,train_global_mean,31080,Transit_share,1730,0.0492006366811609,0.0906302340539344,0.0414295973727735,0.0669347917874824,0.0791722181155469,-0.3770817611478572
test_31080_33100,45,31080,33100,train_global_mean,31080,NonTransit_share,1730,0.056923624773013,0.0668914224546413,0.0099677976816283,0.041831303474013,0.067161821427532,-0.0225230183600795
test_31080_33100,45,31080,33100,train_global_mean,31080,avg,1730,,,,0.0673587583657974,0.0867828693561901,-0.2182175770668278
test_31080_33100,45,31080,33100,train_global_mean,33100,Car_share,1477,0.9161203189025324,0.8424783434914237,-0.0736419754111083,0.1022776709324621,0.1171339777074935,-0.653608701306811
test_31080_33100,45,31080,33100,train_global_mean,33100,Transit_share,1477,0.0289907135589175,0.0906302340539344,0.0616395204950169,0.0706837914801875,0.0763584953126796,-1.8705447346862545
test_31080_33100,45,31080,33100,train_global_mean,33100,NonTransit_share,1477,0.0548889675385499,0.0668914224546413,0.0120024549160913,0.0491596434227505,0.0727883304208742,-0.0279504518201978
test_31080_33100,45,31080,33100,train_global_mean,33100,avg,1477,,,,0.0740403686118,0.0887602678136825,-0.8507012959377543
test_31080_35620,46,31080,35620,nearest_train_city_mean,31080,Car_share,1730,0.893875738545826,0.8095891961459589,-0.0842865423998671,0.1291662323695983,0.1573187072773893,-1.3894632819456445
test_31080_35620,46,31080,35620,nearest_train_city_mean,31080,Transit_share,1730,0.0492006366811609,0.1017175676618058,0.0525169309806448,0.0819883714678642,0.1009874466062906,-1.240520306596855
test_31080_35620,46,31080,35620,nearest_train_city_mean,31080,NonTransit_share,1730,0.056923624773013,0.0886932361922353,0.0317696114192222,0.0588309097583751,0.0801431961030735,-0.4560003457202124
test_31080_35620,46,31080,35620,nearest_train_city_mean,31080,avg,1730,,,,0.0899951711986126,0.1128164499955844,-1.028661311420904
test_31080_35620,46,31080,35620,nearest_train_city_mean,35620,Car_share,885,0.5502563812813035,0.7721962688144507,0.2219398875331472,0.296736869965489,0.3783661865519407,-0.4509472210255034
test_31080_35620,46,31080,35620,nearest_train_city_mean,35620,Transit_share,885,0.3300176550685805,0.1285453938925121,-0.2014722611760683,0.2430515662858346,0.3226446932084845,-0.6029410876506125
test_31080_35620,46,31080,35620,nearest_train_city_mean,35620,NonTransit_share,885,0.1197259636501158,0.099258337293037,-0.0204676263570788,0.0874319310307106,0.1248071393409704,0.0124599961368906
test_31080_35620,46,31080,35620,nearest_train_city_mean,35620,avg,885,,,,0.2090734557606781,0.2752726730337986,-0.3471427708464085
test_31080_35620,46,31080,35620,test_city_oracle_mean,31080,Car_share,1730,0.893875738545826,0.8938757385458261,-2.464310066220001e-17,0.0689295593652233,0.1017724403641563,0.0
test_31080_35620,46,31080,35620,test_city_oracle_mean,31080,Transit_share,1730,0.0492006366811609,0.0492006366811609,-4.107183443700001e-18,0.0446092832820056,0.0674672408126019,0.0
test_31080_35620,46,31080,35620,test_city_oracle_mean,31080,NonTransit_share,1730,0.056923624773013,0.056923624773013,0.0,0.0383785160754033,0.0664180191427133,0.0
test_31080_35620,46,31080,35620,test_city_oracle_mean,31080,avg,1730,,,,0.0506391195742107,0.0785525667731571,0.0
test_31080_35620,46,31080,35620,test_city_oracle_mean,35620,Car_share,885,0.5502563812813035,0.5502563812813035,-2.81005601713034e-17,0.2844608796350297,0.3141134337528695,0.0
test_31080_35620,46,31080,35620,test_city_oracle_mean,35620,Transit_share,885,0.3300176550685805,0.3300176550685805,-3.2114925910061026e-17,0.2279113368824296,0.2548389140423297,0.0
test_31080_35620,46,31080,35620,test_city_oracle_mean,35620,NonTransit_share,885,0.1197259636501158,0.1197259636501158,-2.007182869378814e-18,0.0940906499915756,0.1255920300431169,0.0
test_31080_35620,46,31080,35620,test_city_oracle_mean,35620,avg,885,,,,0.202154288836345,0.231514792612772,0.0
test_31080_35620,46,31080,35620,train_global_mean,31080,Car_share,1730,0.893875738545826,0.8706477679844595,-0.0232279705613666,0.0777866799818634,0.1043895025089949,-0.0520909355050662
test_31080_35620,46,31080,35620,train_global_mean,31080,Transit_share,1730,0.0492006366811609,0.0674053115444188,0.0182046748632579,0.0527564327315318,0.0698801743682895,-0.0728081431107616
test_31080_35620,46,31080,35620,train_global_mean,31080,NonTransit_share,1730,0.056923624773013,0.0619469204711218,0.0050232956981087,0.0399348594143818,0.066607708011254,-0.0057201267149262
test_31080_35620,46,31080,35620,train_global_mean,31080,avg,1730,,,,0.056825990709259,0.0802924616295128,-0.0435397351102514
test_31080_35620,46,31080,35620,train_global_mean,35620,Car_share,885,0.5502563812813035,0.8706477679844594,0.3203913867031557,0.3471884242129046,0.4486846219089634,-1.0403719718474551
test_31080_35620,46,31080,35620,train_global_mean,35620,Transit_share,885,0.3300176550685805,0.0674053115444188,-0.2626123435241617,0.278055107376377,0.3659345775975894,-1.06193706453494
test_31080_35620,46,31080,35620,train_global_mean,35620,NonTransit_share,885,0.1197259636501158,0.0619469204711218,-0.057779043178994,0.0886969762776319,0.1382453465438574,-0.2116491509600706
test_31080_35620,46,31080,35620,train_global_mean,35620,avg,885,,,,0.2379801692889711,0.3176215153501368,-0.771319395780822
test_31080_38060,47,31080,38060,nearest_train_city_mean,31080,Car_share,1730,0.893875738545826,0.7695977130089096,-0.1242780255369164,0.1503866355510392,0.1742711342407753,-1.932179403069005
test_31080_38060,47,31080,38060,nearest_train_city_mean,31080,Transit_share,1730,0.0492006366811609,0.1346599583748485,0.0854593216936876,0.1016205342393932,0.1198118346342723,-2.15365033131214
test_31080_38060,47,31080,38060,nearest_train_city_mean,31080,NonTransit_share,1730,0.056923624773013,0.0957423286162418,0.0388187038432288,0.0612029285025084,0.0807095965031653,-0.4766532113097517
test_31080_38060,47,31080,38060,nearest_train_city_mean,31080,avg,1730,,,,0.1044033660976469,0.1249308551260709,-1.520827648563632
test_31080_38060,47,31080,38060,nearest_train_city_mean,38060,Car_share,1086,0.938708022053798,0.8730752393991883,-0.0656327826546099,0.0871764217254305,0.106216636254632,-2.313449743382263
test_31080_38060,47,31080,38060,nearest_train_city_mean,38060,Transit_share,1086,0.0140134473721929,0.0769724704233084,0.0629590230511154,0.0687919943085474,0.0845107453593028,-10.19280250213019
test_31080_38060,47,31080,38060,nearest_train_city_mean,38060,NonTransit_share,1086,0.0472785305740088,0.0499522901775033,0.0026737596034944,0.0318074849979748,0.0483208075917106,-0.0293773450030243
test_31080_38060,47,31080,38060,nearest_train_city_mean,38060,avg,1086,,,,0.0625919670106509,0.0796827297352151,-4.1785431968384925
test_31080_38060,47,31080,38060,test_city_oracle_mean,31080,Car_share,1730,0.893875738545826,0.8938757385458261,-2.464310066220001e-17,0.0689295593652233,0.1017724403641563,0.0
test_31080_38060,47,31080,38060,test_city_oracle_mean,31080,Transit_share,1730,0.0492006366811609,0.0492006366811609,-4.107183443700001e-18,0.0446092832820056,0.0674672408126019,0.0
test_31080_38060,47,31080,38060,test_city_oracle_mean,31080,NonTransit_share,1730,0.056923624773013,0.056923624773013,0.0,0.0383785160754033,0.0664180191427133,0.0
test_31080_38060,47,31080,38060,test_city_oracle_mean,31080,avg,1730,,,,0.0506391195742107,0.0785525667731571,0.0
test_31080_38060,47,31080,38060,test_city_oracle_mean,38060,Car_share,1086,0.938708022053798,0.9387080220537982,8.628252603900847e-17,0.0388244502944113,0.0583515436952534,0.0
test_31080_38060,47,31080,38060,test_city_oracle_mean,38060,Transit_share,1086,0.0140134473721929,0.0140134473721929,-4.089219243554905e-19,0.0168234859954746,0.0252605331022386,0.0
test_31080_38060,47,31080,38060,test_city_oracle_mean,38060,NonTransit_share,1086,0.0472785305740088,0.0472785305740088,-3.475836357021669e-18,0.0303519470022245,0.0476263041536573,0.0
test_31080_38060,47,31080,38060,test_city_oracle_mean,38060,avg,1086,,,,0.0286666277640368,0.0437461269837165,0.0
test_31080_38060,47,31080,38060,train_global_mean,31080,Car_share,1730,0.893875738545826,0.8428103866939373,-0.0510653518518889,0.0931088481728516,0.113865270286567,-0.251763217648477
test_31080_38060,47,31080,38060,train_global_mean,31080,Transit_share,1730,0.0492006366811609,0.0900200213419362,0.0408193846607753,0.0665261148239478,0.0788546177909065,-0.366055560694108
test_31080_38060,47,31080,38060,train_global_mean,31080,NonTransit_share,1730,0.056923624773013,0.0671695919641266,0.0102459671911135,0.0419484522632142,0.0672036688769534,-0.023797650591818
test_31080_38060,47,31080,38060,train_global_mean,31080,avg,1730,,,,0.0671944717533379,0.0866411856514757,-0.2138721429781343
test_31080_38060,47,31080,38060,train_global_mean,38060,Car_share,1086,0.938708022053798,0.8428103866939372,-0.0958976353598611,0.1038579213488939,0.1122553300259366,-2.70091612259161
test_31080_38060,47,31080,38060,train_global_mean,38060,Transit_share,1086,0.0140134473721929,0.0900200213419362,0.0760065739697433,0.0776085465286288,0.0800942808147208,-9.053516354378958
test_31080_38060,47,31080,38060,train_global_mean,38060,NonTransit_share,1086,0.0472785305740088,0.0671695919641266,0.0198910613901177,0.0389768606879224,0.0516131685770416,-0.1744303905648392
test_31080_38060,47,31080,38060,train_global_mean,38060,avg,1086,,,,0.0734811095218151,0.0813209264725663,-3.9762876225118022
test_31080_41860,48,31080,41860,nearest_train_city_mean,31080,Car_share,1730,0.893875738545826,0.7371386975247611,-0.1567370410210649,0.1992311202926191,0.2557757226822297,-5.31623476880972
test_31080_41860,48,31080,41860,nearest_train_city_mean,31080,Transit_share,1730,0.0492006366811609,0.1777626800282891,0.1285620433471282,0.1555060213980303,0.2034144237755838,-8.090286913639341
test_31080_41860,48,31080,41860,nearest_train_city_mean,31080,NonTransit_share,1730,0.056923624773013,0.0850986224469496,0.0281749976739366,0.0563877397908823,0.0789463494145332,-0.4128376733572165
test_31080_41860,48,31080,41860,nearest_train_city_mean,31080,avg,1730,,,,0.1370416271605106,0.1793788319574489,-4.606453118602093
test_31080_41860,48,31080,41860,nearest_train_city_mean,41860,Car_share,952,0.7368668640401761,0.6696515676264174,-0.0672152964137586,0.195121347340638,0.2447676766687858,-0.2459416352316596
test_31080_41860,48,31080,41860,nearest_train_city_mean,41860,Transit_share,952,0.15000655037683,0.2308840727878353,0.0808775224110052,0.1383222255072702,0.1728912196178152,-0.927421204752727
test_31080_41860,48,31080,41860,nearest_train_city_mean,41860,NonTransit_share,952,0.1131265855829938,0.0994643595857471,-0.0136622259972466,0.0857953713211024,0.1294321689537983,0.0076884681385267
test_31080_41860,48,31080,41860,nearest_train_city_mean,41860,avg,952,,,,0.1397463147230035,0.1823636884134665,-0.38855812394862
test_31080_41860,48,31080,41860,test_city_oracle_mean,31080,Car_share,1730,0.893875738545826,0.8938757385458261,-2.464310066220001e-17,0.0689295593652233,0.1017724403641563,0.0
test_31080_41860,48,31080,41860,test_city_oracle_mean,31080,Transit_share,1730,0.0492006366811609,0.0492006366811609,-4.107183443700001e-18,0.0446092832820056,0.0674672408126019,0.0
test_31080_41860,48,31080,41860,test_city_oracle_mean,31080,NonTransit_share,1730,0.056923624773013,0.056923624773013,0.0,0.0383785160754033,0.0664180191427133,0.0
test_31080_41860,48,31080,41860,test_city_oracle_mean,31080,avg,1730,,,,0.0506391195742107,0.0785525667731571,0.0
test_31080_41860,48,31080,41860,test_city_oracle_mean,41860,Car_share,952,0.7368668640401761,0.7368668640401759,-5.970947359328573e-17,0.1759320687871636,0.2192831272607594,0.0
test_31080_41860,48,31080,41860,test_city_oracle_mean,41860,Transit_share,952,0.15000655037683,0.15000655037683,1.1195526298741076e-17,0.1017127602237355,0.1245330491047004,0.0
test_31080_41860,48,31080,41860,test_city_oracle_mean,41860,NonTransit_share,952,0.1131265855829938,0.1131265855829938,-7.463684199160716e-18,0.0916057625950231,0.1299326241638932,0.0
test_31080_41860,48,31080,41860,test_city_oracle_mean,41860,avg,952,,,,0.1230835305353074,0.1579162668431177,0.0
test_31080_41860,48,31080,41860,train_global_mean,31080,Car_share,1730,0.893875738545826,0.8586102376047032,-0.0352655009411227,0.0839568950972787,0.1077092622493724,-0.1200714451601911
test_31080_41860,48,31080,41860,train_global_mean,31080,Transit_share,1730,0.0492006366811609,0.079256991286263,0.030056354605102,0.059588133803699,0.0738594139904539,-0.19846627255434
test_31080_41860,48,31080,41860,train_global_mean,31080,NonTransit_share,1730,0.056923624773013,0.0621327711090337,0.0052091463360207,0.0399985529233874,0.0666219819008104,-0.0061512202511737
test_31080_41860,48,31080,41860,train_global_mean,31080,avg,1730,,,,0.061181193941455,0.0827302193802122,-0.1082296459885683
test_31080_41860,48,31080,41860,train_global_mean,41860,Car_share,952,0.7368668640401761,0.8586102376047031,0.1217433735645271,0.1660135768040106,0.2508117599079645,-0.3082337796873733
test_31080_41860,48,31080,41860,train_global_mean,41860,Transit_share,952,0.15000655037683,0.079256991286263,-0.070749559090567,0.100727996254656,0.1432270240940003,-0.3227589040607646
test_31080_41860,48,31080,41860,train_global_mean,41860,NonTransit_share,952,0.1131265855829938,0.0621327711090337,-0.05099381447396,0.0811070739219371,0.1395810013458858,-0.1540276110980436
test_31080_41860,48,31080,41860,train_global_mean,41860,avg,952,,,,0.1159495489935346,0.1778732617826169,-0.2616734316153938
test_31080_42660,49,31080,42660,nearest_train_city_mean,31080,Car_share,1730,0.893875738545826,0.7859145607782033,-0.1079611777676226,0.150822418054739,0.1915099200796007,-2.540969395768484
test_31080_42660,49,31080,42660,nearest_train_city_mean,31080,Transit_share,1730,0.0492006366811609,0.1266991480059403,0.0774985113247793,0.1054385964302107,0.1400811826784573,-3.310957098529792
test_31080_42660,49,31080,42660,nearest_train_city_mean,31080,NonTransit_share,1730,0.056923624773013,0.0873862912158563,0.0304626664428432,0.0578309721228803,0.0796962703600855,-0.4398065911087199
test_31080_42660,49,31080,42660,nearest_train_city_mean,31080,avg,1730,,,,0.1046973288692767,0.1370957910393812,-2.097244361802332
test_31080_42660,49,31080,42660,nearest_train_city_mean,42660,Car_share,860,0.8508559438203965,0.7989262761394483,-0.0519296676809481,0.1180967394996573,0.1504580042487352,0.1233950107731201
test_31080_42660,49,31080,42660,nearest_train_city_mean,42660,Transit_share,860,0.0774116577437936,0.1166598071084929,0.0392481493646991,0.0728228587720338,0.0948952679657186,-0.2431509535373937
test_31080_42660,49,31080,42660,nearest_train_city_mean,42660,NonTransit_share,860,0.0717323984358097,0.0844139167520586,0.0126815183162489,0.062875940498409,0.0971135357286065,0.0797777363538365
test_31080_42660,49,31080,42660,nearest_train_city_mean,42660,avg,860,,,,0.0845985129233667,0.1141556026476868,-0.013326068803479
test_31080_42660,49,31080,42660,test_city_oracle_mean,31080,Car_share,1730,0.893875738545826,0.8938757385458261,-2.464310066220001e-17,0.0689295593652233,0.1017724403641563,0.0
test_31080_42660,49,31080,42660,test_city_oracle_mean,31080,Transit_share,1730,0.0492006366811609,0.0492006366811609,-4.107183443700001e-18,0.0446092832820056,0.0674672408126019,0.0
test_31080_42660,49,31080,42660,test_city_oracle_mean,31080,NonTransit_share,1730,0.056923624773013,0.056923624773013,0.0,0.0383785160754033,0.0664180191427133,0.0
test_31080_42660,49,31080,42660,test_city_oracle_mean,31080,avg,1730,,,,0.0506391195742107,0.0785525667731571,0.0
test_31080_42660,49,31080,42660,test_city_oracle_mean,42660,Car_share,860,0.8508559438203965,0.8508559438203965,-8.26212483441977e-18,0.1134143761191713,0.1606990568051697,0.0
test_31080_42660,49,31080,42660,test_city_oracle_mean,42660,Transit_share,860,0.0774116577437936,0.0774116577437936,0.0,0.0628548273941971,0.0851103982711564,0.0
test_31080_42660,49,31080,42660,test_city_oracle_mean,42660,NonTransit_share,860,0.0717323984358097,0.0717323984358097,-4.1310624172098855e-18,0.0612807422687783,0.1012356319310942,0.0
test_31080_42660,49,31080,42660,test_city_oracle_mean,42660,avg,860,,,,0.0791833152607156,0.1156816956691401,0.0
test_31080_42660,49,31080,42660,train_global_mean,31080,Car_share,1730,0.893875738545826,0.8502509356242237,-0.0436248029216024,0.0886733459236154,0.1107282847678243,-0.1837412130185547
test_31080_42660,49,31080,42660,train_global_mean,31080,Transit_share,1730,0.0492006366811609,0.0845329205049622,0.0353322838238013,0.0629269403476153,0.0761590366474738,-0.2742568744580755
test_31080_42660,49,31080,42660,train_global_mean,31080,NonTransit_share,1730,0.056923624773013,0.065216143870814,0.0082925190978009,0.0411426288588373,0.0669336921126365,-0.0155883849757116
test_31080_42660,49,31080,42660,train_global_mean,31080,avg,1730,,,,0.0642476383766894,0.0846070045093115,-0.157862157484114
test_31080_42660,49,31080,42660,train_global_mean,42660,Car_share,860,0.8508559438203965,0.8502509356242238,-0.000605008196173,0.1136507514144203,0.1607001956843507,-1.4174112023201957e-05
test_31080_42660,49,31080,42660,train_global_mean,42660,Transit_share,860,0.0774116577437936,0.0845329205049622,0.0071212627611686,0.0654680354679407,0.0854077998615377,-0.0070008178128782
test_31080_42660,49,31080,42660,train_global_mean,42660,NonTransit_share,860,0.0717323984358097,0.065216143870814,-0.0065162545649956,0.0585362268413297,0.1014451317020379,-0.0041431369411359
test_31080_42660,49,31080,42660,train_global_mean,42660,avg,860,,,,0.0792183379078969,0.1158510424159754,-0.0037193762886791
test_31080_47900,50,31080,47900,nearest_train_city_mean,31080,Car_share,1730,0.893875738545826,0.7957126151075101,-0.0981631234383158,0.1439430316621426,0.1824142268977419,-2.212602825449148
test_31080_47900,50,31080,47900,nearest_train_city_mean,31080,Transit_share,1730,0.0492006366811609,0.1176689393767919,0.068468302695631,0.0982251649862978,0.1302858469618578,-2.7291390942236142
test_31080_47900,50,31080,47900,nearest_train_city_mean,31080,NonTransit_share,1730,0.056923624773013,0.0866184455156978,0.0296948207426847,0.0575123550251949,0.0798484283952387,-0.4453096661093509
test_31080_47900,50,31080,47900,nearest_train_city_mean,31080,avg,1730,,,,0.0998935172245451,0.1308495007516128,-1.795683861927371
test_31080_47900,50,31080,47900,nearest_train_city_mean,47900,Car_share,1454,0.8102936687390263,0.8544114566684562,0.04411778792943,0.0986082337123041,0.1508437127922357,0.3653815920774705
test_31080_47900,50,31080,47900,nearest_train_city_mean,47900,Transit_share,1454,0.1140755674436493,0.0820167067487872,-0.0320588606948621,0.0704629860432332,0.1077278276369509,0.221384757299546
test_31080_47900,50,31080,47900,nearest_train_city_mean,47900,NonTransit_share,1454,0.0756307638173242,0.0635718365827563,-0.0120589272345678,0.0532407372908978,0.0974955822783316,0.1350434246476306
test_31080_47900,50,31080,47900,nearest_train_city_mean,47900,avg,1454,,,,0.074103985682145,0.1186890409025061,0.2406032580082157
test_31080_47900,50,31080,47900,test_city_oracle_mean,31080,Car_share,1730,0.893875738545826,0.8938757385458261,-2.464310066220001e-17,0.0689295593652233,0.1017724403641563,0.0
test_31080_47900,50,31080,47900,test_city_oracle_mean,31080,Transit_share,1730,0.0492006366811609,0.0492006366811609,-4.107183443700001e-18,0.0446092832820056,0.0674672408126019,0.0
test_31080_47900,50,31080,47900,test_city_oracle_mean,31080,NonTransit_share,1730,0.056923624773013,0.056923624773013,0.0,0.0383785160754033,0.0664180191427133,0.0
test_31080_47900,50,31080,47900,test_city_oracle_mean,31080,avg,1730,,,,0.0506391195742107,0.0785525667731571,0.0
test_31080_47900,50,31080,47900,test_city_oracle_mean,47900,Car_share,1454,0.8102936687390263,0.8102936687390264,-5.3754952499044714e-17,0.1415997401385011,0.1893524290754373,0.0
test_31080_47900,50,31080,47900,test_city_oracle_mean,47900,Transit_share,1454,0.1140755674436493,0.1140755674436493,-1.22170346588738e-17,0.0942252919974983,0.1220861649209111,0.0
test_31080_47900,50,31080,47900,test_city_oracle_mean,47900,NonTransit_share,1454,0.0756307638173242,0.0756307638173241,-3.66511039766214e-18,0.0632373416255354,0.1048305308766666,1.1102230246251563e-16
test_31080_47900,50,31080,47900,test_city_oracle_mean,47900,avg,1454,,,,0.0996874579205116,0.1387563749576717,3.7007434154171876e-17
test_31080_47900,50,31080,47900,train_global_mean,31080,Car_share,1730,0.893875738545826,0.8549505406189953,-0.0389251979268308,0.0859858239380289,0.1089623818173901,-0.1462855005992149
test_31080_47900,50,31080,47900,train_global_mean,31080,Transit_share,1730,0.0492006366811609,0.0805980776745721,0.0313974409934112,0.0604248184819,0.0744152395937845,-0.2165721496291779
test_31080_47900,50,31080,47900,train_global_mean,31080,NonTransit_share,1730,0.056923624773013,0.0644513817064326,0.0075277569334195,0.0408429602607734,0.0668432523991051,-0.012845746196431
test_31080_47900,50,31080,47900,train_global_mean,31080,avg,1730,,,,0.0624178675602341,0.0834069579367599,-0.1252344654749413
test_31080_47900,50,31080,47900,train_global_mean,47900,Car_share,1454,0.8102936687390263,0.8549505406189952,0.0446568718799687,0.1301516851916464,0.1945471115253898,-0.0556204931619015
test_31080_47900,50,31080,47900,train_global_mean,47900,Transit_share,1454,0.1140755674436493,0.0805980776745721,-0.0334774897690771,0.0872120149702813,0.1265929460370308,-0.0751922133693403
test_31080_47900,50,31080,47900,train_global_mean,47900,NonTransit_share,1454,0.0756307638173242,0.0644513817064326,-0.0111793821108915,0.0590129855493938,0.1054249438618066,-0.0113726069811228
test_31080_47900,50,31080,47900,train_global_mean,47900,avg,1454,,,,0.0921255619037738,0.1421883338080757,-0.0473951045041215
test_33100_35620,51,33100,35620,nearest_train_city_mean,33100,Car_share,1477,0.9161203189025324,0.907905980255628,-0.0082143386469042,0.0693346788935042,0.1006730074421432,-0.221498817916248
test_33100_35620,51,33100,35620,nearest_train_city_mean,33100,Transit_share,1477,0.0289907135589175,0.0387883176782915,0.009797604119374,0.0391416976371557,0.0585833604053568,-0.6896554562062465
test_33100_35620,51,33100,35620,nearest_train_city_mean,33100,NonTransit_share,1477,0.0548889675385499,0.0533057020660803,-0.0015832654724696,0.0435131989061764,0.071329929273024,0.0128293088454722
test_33100_35620,51,33100,35620,nearest_train_city_mean,33100,avg,1477,,,,0.0506631918122787,0.0768620990401747,-0.2994416550923407
test_33100_35620,51,33100,35620,nearest_train_city_mean,35620,Car_share,885,0.5502563812813035,0.8142316580382001,0.2639752767568965,0.337883608398646,0.4314120197139301,-0.8863030249848545
test_33100_35620,51,33100,35620,nearest_train_city_mean,35620,Transit_share,885,0.3300176550685805,0.1015356428778614,-0.2284820121907191,0.2692025339668119,0.3570305218989412,-0.9628142308055472
test_33100_35620,51,33100,35620,nearest_train_city_mean,35620,NonTransit_share,885,0.1197259636501158,0.0842326990839383,-0.0354932645661775,0.0928119726444878,0.1334600419855847,-0.1292194594901918
test_33100_35620,51,33100,35620,nearest_train_city_mean,35620,avg,885,,,,0.2332993716699819,0.3073008611994853,-0.6594455717601978
test_33100_35620,51,33100,35620,test_city_oracle_mean,33100,Car_share,1477,0.9161203189025324,0.9161203189025324,3.126965323250272e-17,0.0621981199848064,0.0910891222437087,0.0
test_33100_35620,51,33100,35620,test_city_oracle_mean,33100,Transit_share,1477,0.0289907135589175,0.0289907135589175,-6.013394852404368e-19,0.0299046602960782,0.0450687177492427,-2.220446049250313e-16
test_33100_35620,51,33100,35620,test_city_oracle_mean,33100,NonTransit_share,1477,0.0548889675385499,0.0548889675385499,-3.608036911442621e-18,0.0443753394411696,0.0717919363260635,0.0
test_33100_35620,51,33100,35620,test_city_oracle_mean,33100,avg,1477,,,,0.045492706574018,0.0693165921063383,-7.401486830834377e-17
test_33100_35620,51,33100,35620,test_city_oracle_mean,35620,Car_share,885,0.5502563812813035,0.5502563812813035,-2.81005601713034e-17,0.2844608796350297,0.3141134337528695,0.0
test_33100_35620,51,33100,35620,test_city_oracle_mean,35620,Transit_share,885,0.3300176550685805,0.3300176550685805,-3.2114925910061026e-17,0.2279113368824296,0.2548389140423297,0.0
test_33100_35620,51,33100,35620,test_city_oracle_mean,35620,NonTransit_share,885,0.1197259636501158,0.1197259636501158,-2.007182869378814e-18,0.0940906499915756,0.1255920300431169,0.0
test_33100_35620,51,33100,35620,test_city_oracle_mean,35620,avg,885,,,,0.202154288836345,0.231514792612772,0.0
test_33100_35620,51,33100,35620,train_global_mean,33100,Car_share,1477,0.9161203189025324,0.8686185413101585,-0.047501777592374,0.0846916511410511,0.1027309450241974,-0.2719485137033761
test_33100_35620,51,33100,35620,train_global_mean,33100,Transit_share,1477,0.0289907135589175,0.0693040910638734,0.0403133775049559,0.0536842344735307,0.0604678238852531,-0.8001068094471919
test_33100_35620,51,33100,35620,train_global_mean,33100,NonTransit_share,1477,0.0548889675385499,0.062077367625968,0.007188400087418,0.0470222007262862,0.0721509197256858,-0.0100256640463267
test_33100_35620,51,33100,35620,train_global_mean,33100,avg,1477,,,,0.0617993621136227,0.0784498962117121,-0.3606936623989649
test_33100_35620,51,33100,35620,train_global_mean,35620,Car_share,885,0.5502563812813035,0.8686185413101586,0.3183621600288548,0.3460355516605878,0.4472378720572046,-1.0272351331801022
test_33100_35620,51,33100,35620,train_global_mean,35620,Transit_share,885,0.3300176550685805,0.0693040910638734,-0.260713564004707,0.2769140688879346,0.3645743196747549,-1.0466362242282692
test_33100_35620,51,33100,35620,train_global_mean,35620,NonTransit_share,885,0.1197259636501158,0.062077367625968,-0.0576485960241478,0.0886814994965484,0.1381908775350477,-0.2106945535233815
test_33100_35620,51,33100,35620,train_global_mean,35620,avg,885,,,,0.2372103733483569,0.3166676897556691,-0.7615219703105843
test_33100_38060,52,33100,38060,nearest_train_city_mean,33100,Car_share,1477,0.9161203189025324,0.8972913600479528,-0.0188289588545794,0.0752793426801897,0.1105014837557957,-0.4716454255514988
test_33100_38060,52,33100,38060,nearest_train_city_mean,33100,Transit_share,1477,0.0289907135589175,0.0484068322111384,0.0194161186522209,0.0466076531597183,0.0777004944162603,-1.972330926708712
test_33100_38060,52,33100,38060,nearest_train_city_mean,33100,NonTransit_share,1477,0.0548889675385499,0.0543018077409086,-0.0005871597976413,0.0434469875461145,0.0703415567581351,0.0399969401787108
test_33100_38060,52,33100,38060,nearest_train_city_mean,33100,avg,1477,,,,0.0551113277953408,0.0861811783100637,-0.8013264706938332
test_33100_38060,52,33100,38060,nearest_train_city_mean,38060,Car_share,1086,0.938708022053798,0.911948925549655,-0.0267590965041431,0.0518482007023671,0.0671052089845605,-0.3225368046044599
test_33100_38060,52,33100,38060,nearest_train_city_mean,38060,Transit_share,1086,0.0140134473721929,0.0385731186834751,0.0245596713112822,0.0318213707367524,0.0391926707661467,-1.4072693986301623
test_33100_38060,52,33100,38060,nearest_train_city_mean,38060,NonTransit_share,1086,0.0472785305740088,0.0494779557668697,0.0021994251928608,0.0310932252299922,0.0476169904145611,0.0003910791975264
test_33100_38060,52,33100,38060,nearest_train_city_mean,38060,avg,1086,,,,0.0382542655563706,0.0513049567217561,-0.5764717080123654
test_33100_38060,52,33100,38060,test_city_oracle_mean,33100,Car_share,1477,0.9161203189025324,0.9161203189025324,3.126965323250272e-17,0.0621981199848064,0.0910891222437087,0.0
test_33100_38060,52,33100,38060,test_city_oracle_mean,33100,Transit_share,1477,0.0289907135589175,0.0289907135589175,-6.013394852404368e-19,0.0299046602960782,0.0450687177492427,-2.220446049250313e-16
test_33100_38060,52,33100,38060,test_city_oracle_mean,33100,NonTransit_share,1477,0.0548889675385499,0.0548889675385499,-3.608036911442621e-18,0.0443753394411696,0.0717919363260635,0.0
test_33100_38060,52,33100,38060,test_city_oracle_mean,33100,avg,1477,,,,0.045492706574018,0.0693165921063383,-7.401486830834377e-17
test_33100_38060,52,33100,38060,test_city_oracle_mean,38060,Car_share,1086,0.938708022053798,0.9387080220537982,8.628252603900847e-17,0.0388244502944113,0.0583515436952534,0.0
test_33100_38060,52,33100,38060,test_city_oracle_mean,38060,Transit_share,1086,0.0140134473721929,0.0140134473721929,-4.089219243554905e-19,0.0168234859954746,0.0252605331022386,0.0
test_33100_38060,52,33100,38060,test_city_oracle_mean,38060,NonTransit_share,1086,0.0472785305740088,0.0472785305740088,-3.475836357021669e-18,0.0303519470022245,0.0476263041536573,0.0
test_33100_38060,52,33100,38060,test_city_oracle_mean,38060,avg,1086,,,,0.0286666277640368,0.0437461269837165,0.0
test_33100_38060,52,33100,38060,train_global_mean,33100,Car_share,1477,0.9161203189025324,0.8412878793494796,-0.0748324395530529,0.1031433184742896,0.1178860560057492,-0.6749114138439931
test_33100_38060,52,33100,38060,train_global_mean,33100,Transit_share,1477,0.0289907135589175,0.0915109906509615,0.062520277092044,0.0714334244774589,0.0770712291794212,-1.924382434479789
test_33100_38060,52,33100,38060,train_global_mean,33100,NonTransit_share,1477,0.0548889675385499,0.0672011299995588,0.0123121624610088,0.049303577509989,0.0728400402657209,-0.0294115112825872
test_33100_38060,52,33100,38060,train_global_mean,33100,avg,1477,,,,0.0746267734872459,0.0892657751502971,-0.8762351198687899
test_33100_38060,52,33100,38060,train_global_mean,38060,Car_share,1086,0.938708022053798,0.8412878793494796,-0.0974201427043186,0.1052327148504289,0.1135587374716225,-2.7873584579626307
test_33100_38060,52,33100,38060,train_global_mean,38060,Transit_share,1086,0.0140134473721929,0.0915109906509615,0.0774975432787686,0.0790292335129897,0.0815105131063098,-9.412193503187387
test_33100_38060,52,33100,38060,train_global_mean,38060,NonTransit_share,1086,0.0472785305740088,0.0672011299995588,0.01992259942555,0.0389953885577252,0.0516253311389632,-0.1749839611264811
test_33100_38060,52,33100,38060,train_global_mean,38060,avg,1086,,,,0.0744191123070479,0.0822315272389652,-4.1248453074255
test_33100_41860,53,33100,41860,nearest_train_city_mean,33100,Car_share,1477,0.9161203189025324,0.8971679919261568,-0.0189523269763755,0.0774515487063642,0.1183714015358741,-0.6887312701062458
test_33100_41860,53,33100,41860,nearest_train_city_mean,33100,Transit_share,1477,0.0289907135589175,0.0490738007497704,0.0200830871908529,0.0490497040343508,0.0875015140550501,-2.769473819201299
test_33100_41860,53,33100,41860,nearest_train_city_mean,33100,NonTransit_share,1477,0.0548889675385499,0.0537582073240727,-0.0011307602144772,0.0433933381985684,0.0704672530148713,0.036562935852256
test_33100_41860,53,33100,41860,nearest_train_city_mean,33100,avg,1477,,,,0.0566315303130945,0.0921133895352652,-1.1405473844850962
test_33100_41860,53,33100,41860,nearest_train_city_mean,41860,Car_share,952,0.7368668640401761,0.7641827658124413,0.027315901772265,0.197684914475104,0.2700399410168856,-0.5165110410346687
test_33100_41860,53,33100,41860,nearest_train_city_mean,41860,Transit_share,952,0.15000655037683,0.1532949930598031,0.003288442682973,0.1360117888701109,0.1760665831353143,-0.9988703637415016
test_33100_41860,53,33100,41860,nearest_train_city_mean,41860,NonTransit_share,952,0.1131265855829938,0.0825222411277556,-0.0306043444552381,0.0853223468325696,0.1374795619856874,-0.1195406318349523
test_33100_41860,53,33100,41860,nearest_train_city_mean,41860,avg,952,,,,0.1396730167259282,0.1945286953792958,-0.5449740122037076
test_33100_41860,53,33100,41860,test_city_oracle_mean,33100,Car_share,1477,0.9161203189025324,0.9161203189025324,3.126965323250272e-17,0.0621981199848064,0.0910891222437087,0.0
test_33100_41860,53,33100,41860,test_city_oracle_mean,33100,Transit_share,1477,0.0289907135589175,0.0289907135589175,-6.013394852404368e-19,0.0299046602960782,0.0450687177492427,-2.220446049250313e-16
test_33100_41860,53,33100,41860,test_city_oracle_mean,33100,NonTransit_share,1477,0.0548889675385499,0.0548889675385499,-3.608036911442621e-18,0.0443753394411696,0.0717919363260635,0.0
test_33100_41860,53,33100,41860,test_city_oracle_mean,33100,avg,1477,,,,0.045492706574018,0.0693165921063383,-7.401486830834377e-17
test_33100_41860,53,33100,41860,test_city_oracle_mean,41860,Car_share,952,0.7368668640401761,0.7368668640401759,-5.970947359328573e-17,0.1759320687871636,0.2192831272607594,0.0
test_33100_41860,53,33100,41860,test_city_oracle_mean,41860,Transit_share,952,0.15000655037683,0.15000655037683,1.1195526298741076e-17,0.1017127602237355,0.1245330491047004,0.0
test_33100_41860,53,33100,41860,test_city_oracle_mean,41860,NonTransit_share,952,0.1131265855829938,0.1131265855829938,-7.463684199160716e-18,0.0916057625950231,0.1299326241638932,0.0
test_33100_41860,53,33100,41860,test_city_oracle_mean,41860,avg,952,,,,0.1230835305353074,0.1579162668431177,0.0
test_33100_41860,53,33100,41860,train_global_mean,33100,Car_share,1477,0.9161203189025324,0.8568009638332524,-0.05931935506928,0.0922586647077806,0.1087014906841881,-0.424091733381192
test_33100_41860,53,33100,41860,train_global_mean,33100,Transit_share,1477,0.0289907135589175,0.0809387117834253,0.0519479982245077,0.0626982433101004,0.0687734239302826,-1.3285785296059127
test_33100_41860,53,33100,41860,train_global_mean,33100,NonTransit_share,1477,0.0548889675385499,0.0622603243833223,0.0073713568447723,0.0470987602437542,0.0721693773229237,-0.0105424982475312
test_33100_41860,53,33100,41860,train_global_mean,33100,avg,1477,,,,0.0673518894205451,0.0832147639791314,-0.587737587078212
test_33100_41860,53,33100,41860,train_global_mean,41860,Car_share,952,0.7368668640401761,0.8568009638332524,0.1199340997930763,0.1656723118549313,0.249938548836377,-0.2991403015511289
test_33100_41860,53,33100,41860,train_global_mean,41860,Transit_share,952,0.15000655037683,0.0809387117834253,-0.0690678385934047,0.1003873035604396,0.1424038154238795,-0.3075972777309299
test_33100_41860,53,33100,41860,train_global_mean,41860,NonTransit_share,952,0.1131265855829938,0.0622603243833223,-0.0508662611996715,0.0811034342806498,0.1395344521992642,-0.1532580215044992
test_33100_41860,53,33100,41860,train_global_mean,41860,avg,952,,,,0.1157210165653402,0.1772922721531735,-0.2533318669288527
test_33100_42660,54,33100,42660,nearest_train_city_mean,33100,Car_share,1477,0.9161203189025324,0.8980930437896958,-0.0180272751128366,0.077836584578083,0.1156790485133818,-0.6127846500916845
test_33100_42660,54,33100,42660,nearest_train_city_mean,33100,Transit_share,1477,0.0289907135589175,0.0469089495461639,0.0179182359872464,0.047515694781574,0.0802896052258943,-2.173717311945851
test_33100_42660,54,33100,42660,nearest_train_city_mean,33100,NonTransit_share,1477,0.0548889675385499,0.0549980066641402,0.0001090391255902,0.0441990507399537,0.0713703513434787,0.0117101491850204
test_33100_42660,54,33100,42660,nearest_train_city_mean,33100,avg,1477,,,,0.0565171100332035,0.0891130016942516,-0.9249306042841716
test_33100_42660,54,33100,42660,nearest_train_city_mean,42660,Car_share,860,0.8508559438203965,0.8065636764811998,-0.0442922673391966,0.1256916880524329,0.1678700528695598,-0.0912387989332272
test_33100_42660,54,33100,42660,nearest_train_city_mean,42660,Transit_share,860,0.0774116577437936,0.1105352388782525,0.0331235811344588,0.074687810374709,0.0969805954370108,-0.2983878622913369
test_33100_42660,54,33100,42660,nearest_train_city_mean,42660,NonTransit_share,860,0.0717323984358097,0.0829010846405475,0.0111686862047378,0.0656623987857653,0.1031081215715279,-0.037334814153741
test_33100_42660,54,33100,42660,nearest_train_city_mean,42660,avg,860,,,,0.0886806324043024,0.1226529232926995,-0.1423204917927684
test_33100_42660,54,33100,42660,test_city_oracle_mean,33100,Car_share,1477,0.9161203189025324,0.9161203189025324,3.126965323250272e-17,0.0621981199848064,0.0910891222437087,0.0
test_33100_42660,54,33100,42660,test_city_oracle_mean,33100,Transit_share,1477,0.0289907135589175,0.0289907135589175,-6.013394852404368e-19,0.0299046602960782,0.0450687177492427,-2.220446049250313e-16
test_33100_42660,54,33100,42660,test_city_oracle_mean,33100,NonTransit_share,1477,0.0548889675385499,0.0548889675385499,-3.608036911442621e-18,0.0443753394411696,0.0717919363260635,0.0
test_33100_42660,54,33100,42660,test_city_oracle_mean,33100,avg,1477,,,,0.045492706574018,0.0693165921063383,-7.401486830834377e-17
test_33100_42660,54,33100,42660,test_city_oracle_mean,42660,Car_share,860,0.8508559438203965,0.8508559438203965,-8.26212483441977e-18,0.1134143761191713,0.1606990568051697,0.0
test_33100_42660,54,33100,42660,test_city_oracle_mean,42660,Transit_share,860,0.0774116577437936,0.0774116577437936,0.0,0.0628548273941971,0.0851103982711564,0.0
test_33100_42660,54,33100,42660,test_city_oracle_mean,42660,NonTransit_share,860,0.0717323984358097,0.0717323984358097,-4.1310624172098855e-18,0.0612807422687783,0.1012356319310942,0.0
test_33100_42660,54,33100,42660,test_city_oracle_mean,42660,avg,860,,,,0.0791833152607156,0.1156816956691401,0.0
test_33100_42660,54,33100,42660,train_global_mean,33100,Car_share,1477,0.9161203189025324,0.8486129348698925,-0.0675073840326398,0.0978865955664103,0.1133775775453843,-0.5492493148257076
test_33100_42660,54,33100,42660,train_global_mean,33100,Transit_share,1477,0.0289907135589175,0.0861028145473145,0.0571121009883969,0.0668900086027112,0.0727528789730671,-1.6058533037255116
test_33100_42660,54,33100,42660,train_global_mean,33100,NonTransit_share,1477,0.0548889675385499,0.0652842505827928,0.0103952830442429,0.048427207963198,0.0725406371009759,-0.020966276249323
test_33100_42660,54,33100,42660,train_global_mean,33100,avg,1477,,,,0.0710679373774398,0.0862236978731424,-0.7253562982668474
test_33100_42660,54,33100,42660,train_global_mean,42660,Car_share,860,0.8508559438203965,0.8486129348698925,-0.002243008950504,0.1142974696793841,0.1607147098034999,-0.0001948208158375
test_33100_42660,54,33100,42660,train_global_mean,42660,Transit_share,860,0.0774116577437936,0.0861028145473145,0.0086911568035208,0.0660837887152914,0.0855530017033783,-0.0104277335438172
test_33100_42660,54,33100,42660,train_global_mean,42660,NonTransit_share,860,0.0717323984358097,0.0652842505827928,-0.0064481478530168,0.0585625191999076,0.1014407796855996,-0.0040569829063961
test_33100_42660,54,33100,42660,train_global_mean,42660,avg,860,,,,0.0796479258648611,0.1159028303974926,-0.0048931790886836
test_33100_47900,55,33100,47900,nearest_train_city_mean,33100,Car_share,1477,0.9161203189025324,0.9040170044717104,-0.0121033144308217,0.072347812379497,0.1086471679390527,-0.4226687309620782
test_33100_47900,55,33100,47900,nearest_train_city_mean,33100,Transit_share,1477,0.0289907135589175,0.0432071729514634,0.0142164593925458,0.0438458700312924,0.0756069787603328,-1.8143192671479664
test_33100_47900,55,33100,47900,nearest_train_city_mean,33100,NonTransit_share,1477,0.0548889675385499,0.0527758225768259,-0.002113144961724,0.0427436183631905,0.0701196616684198,0.0460441186927276
test_33100_47900,55,33100,47900,nearest_train_city_mean,33100,avg,1477,,,,0.0529791002579933,0.0847912694559351,-0.7303146264724388
test_33100_47900,55,33100,47900,nearest_train_city_mean,47900,Car_share,1454,0.8102936687390263,0.8733095538751217,0.0630158851360953,0.1125043918896043,0.1785826653429862,0.1105186644315825
test_33100_47900,55,33100,47900,nearest_train_city_mean,47900,Transit_share,1454,0.1140755674436493,0.0671717553709636,-0.0469038120726857,0.0790091089742984,0.1217855380897381,0.0049187669597876
test_33100_47900,55,33100,47900,nearest_train_city_mean,47900,NonTransit_share,1454,0.0756307638173242,0.0595186907539145,-0.0161120730634096,0.0547424335688806,0.102038467821837,0.0525587543805516
test_33100_47900,55,33100,47900,nearest_train_city_mean,47900,avg,1454,,,,0.0820853114775944,0.1341355570848538,0.0559987285906406
test_33100_47900,55,33100,47900,test_city_oracle_mean,33100,Car_share,1477,0.9161203189025324,0.9161203189025324,3.126965323250272e-17,0.0621981199848064,0.0910891222437087,0.0
test_33100_47900,55,33100,47900,test_city_oracle_mean,33100,Transit_share,1477,0.0289907135589175,0.0289907135589175,-6.013394852404368e-19,0.0299046602960782,0.0450687177492427,-2.220446049250313e-16
test_33100_47900,55,33100,47900,test_city_oracle_mean,33100,NonTransit_share,1477,0.0548889675385499,0.0548889675385499,-3.608036911442621e-18,0.0443753394411696,0.0717919363260635,0.0
test_33100_47900,55,33100,47900,test_city_oracle_mean,33100,avg,1477,,,,0.045492706574018,0.0693165921063383,-7.401486830834377e-17
test_33100_47900,55,33100,47900,test_city_oracle_mean,47900,Car_share,1454,0.8102936687390263,0.8102936687390264,-5.3754952499044714e-17,0.1415997401385011,0.1893524290754373,0.0
test_33100_47900,55,33100,47900,test_city_oracle_mean,47900,Transit_share,1454,0.1140755674436493,0.1140755674436493,-1.22170346588738e-17,0.0942252919974983,0.1220861649209111,0.0
test_33100_47900,55,33100,47900,test_city_oracle_mean,47900,NonTransit_share,1454,0.0756307638173242,0.0756307638173241,-3.66511039766214e-18,0.0632373416255354,0.1048305308766666,1.1102230246251563e-16
test_33100_47900,55,33100,47900,test_city_oracle_mean,47900,avg,1454,,,,0.0996874579205116,0.1387563749576717,3.7007434154171876e-17
test_33100_47900,55,33100,47900,train_global_mean,33100,Car_share,1477,0.9161203189025324,0.8531426536072579,-0.0629776652952744,0.0947260554067642,0.1107403021360016,-0.4780134081745424
test_33100_47900,55,33100,47900,train_global_mean,33100,Transit_share,1477,0.0289907135589175,0.082319475119191,0.0533287615602735,0.0638057589698233,0.0698222466633193,-1.400143641050311
test_33100_47900,55,33100,47900,train_global_mean,33100,NonTransit_share,1477,0.0548889675385499,0.0645378712735508,0.0096489037350008,0.0480940716583781,0.0724374451836402,-0.0180636127041768
test_33100_47900,55,33100,47900,train_global_mean,33100,avg,1477,,,,0.0688752953449886,0.0843333313276537,-0.6320735539763435
test_33100_47900,55,33100,47900,train_global_mean,47900,Car_share,1454,0.8102936687390263,0.8531426536072578,0.0428489848682315,0.1304468257507504,0.1941400986427236,-0.0512081767926502
test_33100_47900,55,33100,47900,train_global_mean,47900,Transit_share,1454,0.1140755674436493,0.0823194751191911,-0.0317560923244582,0.0874215137744345,0.1261486467022751,-0.0676583198465166
test_33100_47900,55,33100,47900,train_global_mean,47900,NonTransit_share,1454,0.0756307638173242,0.0645378712735508,-0.0110928925437733,0.0590394944072633,0.1054158074904871,-0.0111973187628076
test_33100_47900,55,33100,47900,train_global_mean,47900,avg,1454,,,,0.092302611310816,0.1419015176118286,-0.0433546051339914
test_35620_38060,56,35620,38060,nearest_train_city_mean,35620,Car_share,885,0.5502563812813035,0.810372587806835,0.2601162065255314,0.3359043413677557,0.4282103736298152,-0.8584092031747215
test_35620_38060,56,35620,38060,nearest_train_city_mean,35620,Transit_share,885,0.3300176550685805,0.1040178823878242,-0.2259997726807562,0.2680336333483737,0.3549096857315094,-0.939564434602698
test_35620_38060,56,35620,38060,nearest_train_city_mean,35620,NonTransit_share,885,0.1197259636501158,0.0856095298053406,-0.0341164338447752,0.0926963279825992,0.1329288953097918,-0.1202491693072393
test_35620_38060,56,35620,38060,nearest_train_city_mean,35620,avg,885,,,,0.2322114342329095,0.3053496515570388,-0.6394076023615529
test_35620_38060,56,35620,38060,nearest_train_city_mean,38060,Car_share,1086,0.938708022053798,0.9136893594481224,-0.0250186626056757,0.0508790184141682,0.0664377595971556,-0.2963589129899331
test_35620_38060,56,35620,38060,nearest_train_city_mean,38060,Transit_share,1086,0.0140134473721929,0.0371582992595091,0.0231448518873161,0.0306249694700801,0.0374581031028963,-1.1989053601973594
test_35620_38060,56,35620,38060,nearest_train_city_mean,38060,NonTransit_share,1086,0.0472785305740088,0.0491523412923684,0.0018738107183596,0.0311757229017096,0.04770633408954,-0.0033635688244653
test_35620_38060,56,35620,38060,nearest_train_city_mean,38060,avg,1086,,,,0.0375599035953193,0.0505340655965306,-0.4995426140039192
test_35620_38060,56,35620,38060,test_city_oracle_mean,35620,Car_share,885,0.5502563812813035,0.5502563812813035,-2.81005601713034e-17,0.2844608796350297,0.3141134337528695,0.0
test_35620_38060,56,35620,38060,test_city_oracle_mean,35620,Transit_share,885,0.3300176550685805,0.3300176550685805,-3.2114925910061026e-17,0.2279113368824296,0.2548389140423297,0.0
test_35620_38060,56,35620,38060,test_city_oracle_mean,35620,NonTransit_share,885,0.1197259636501158,0.1197259636501158,-2.007182869378814e-18,0.0940906499915756,0.1255920300431169,0.0
test_35620_38060,56,35620,38060,test_city_oracle_mean,35620,avg,885,,,,0.202154288836345,0.231514792612772,0.0
test_35620_38060,56,35620,38060,test_city_oracle_mean,38060,Car_share,1086,0.938708022053798,0.9387080220537982,8.628252603900847e-17,0.0388244502944113,0.0583515436952534,0.0
test_35620_38060,56,35620,38060,test_city_oracle_mean,38060,Transit_share,1086,0.0140134473721929,0.0140134473721929,-4.089219243554905e-19,0.0168234859954746,0.0252605331022386,0.0
test_35620_38060,56,35620,38060,test_city_oracle_mean,38060,NonTransit_share,1086,0.0472785305740088,0.0472785305740088,-3.475836357021669e-18,0.0303519470022245,0.0476263041536573,0.0
test_35620_38060,56,35620,38060,test_city_oracle_mean,38060,avg,1086,,,,0.0286666277640368,0.0437461269837165,0.0
test_35620_38060,56,35620,38060,train_global_mean,35620,Car_share,885,0.5502563812813035,0.8681832753022923,0.3179268940209887,0.345790917365145,0.4469281365117342,-1.024428173439448
test_35620_38060,56,35620,38060,train_global_mean,35620,Transit_share,885,0.3300176550685805,0.0693408279098727,-0.2606768271587077,0.2768922758436978,0.3645480494088601,-1.046341284416043
test_35620_38060,56,35620,38060,train_global_mean,35620,NonTransit_share,885,0.1197259636501158,0.0624758967878349,-0.0572500668622808,0.088635214987977,0.1380250997684363,-0.2077915275608872
test_35620_38060,56,35620,38060,train_global_mean,35620,avg,885,,,,0.2371061360656066,0.3165004285630102,-0.759520328472126
test_35620_38060,56,35620,38060,train_global_mean,38060,Car_share,1086,0.938708022053798,0.8681832753022923,-0.0705247467515059,0.0819380220312087,0.0915349253344487,-1.4607583279947716
test_35620_38060,56,35620,38060,train_global_mean,38060,Transit_share,1086,0.0140134473721929,0.0693408279098727,0.0553273805376797,0.0582337872326879,0.0608211605427792,-4.797281406947177
test_35620_38060,56,35620,38060,train_global_mean,38060,NonTransit_share,1086,0.0472785305740088,0.0624758967878349,0.0151973662138261,0.0363395832735952,0.0499922472706901,-0.1018222982683563
test_35620_38060,56,35620,38060,train_global_mean,38060,avg,1086,,,,0.0588371308458306,0.0674494443826393,-2.1199540110701016
test_35620_41860,57,35620,41860,nearest_train_city_mean,35620,Car_share,885,0.5502563812813035,0.8486184700715819,0.2983620887902783,0.3605133518666338,0.4571663503263994,-1.1182415992109562
test_35620_41860,57,35620,41860,nearest_train_city_mean,35620,Transit_share,885,0.3300176550685805,0.0788127752465984,-0.251204879821982,0.2846444193925317,0.372827882160819,-1.1403523620035854
test_35620_41860,57,35620,41860,nearest_train_city_mean,35620,NonTransit_share,885,0.1197259636501158,0.0725687546818195,-0.0471572089682962,0.0956135917425688,0.1402481995192603,-0.2470114135167815
test_35620_41860,57,35620,41860,nearest_train_city_mean,35620,avg,885,,,,0.2469237876672448,0.3234141440021596,-0.8352017915771078
test_35620_41860,57,35620,41860,nearest_train_city_mean,41860,Car_share,952,0.7368668640401761,0.8713410027124151,0.1344741386722387,0.1823333171210993,0.2678117838396541,-0.4915881765149941
test_35620_41860,57,35620,41860,nearest_train_city_mean,41860,Transit_share,952,0.15000655037683,0.0629943163045297,-0.0870122340723002,0.1137030547749369,0.1587658511456912,-0.6253427138585828
test_35620_41860,57,35620,41860,nearest_train_city_mean,41860,NonTransit_share,952,0.1131265855829938,0.0656646809830553,-0.0474619045999385,0.0842366758175077,0.1413979543836343,-0.1842675616773257
test_35620_41860,57,35620,41860,nearest_train_city_mean,41860,avg,952,,,,0.1267576825711813,0.1893251964563266,-0.4337328173503008
test_35620_41860,57,35620,41860,test_city_oracle_mean,35620,Car_share,885,0.5502563812813035,0.5502563812813035,-2.81005601713034e-17,0.2844608796350297,0.3141134337528695,0.0
test_35620_41860,57,35620,41860,test_city_oracle_mean,35620,Transit_share,885,0.3300176550685805,0.3300176550685805,-3.2114925910061026e-17,0.2279113368824296,0.2548389140423297,0.0
test_35620_41860,57,35620,41860,test_city_oracle_mean,35620,NonTransit_share,885,0.1197259636501158,0.1197259636501158,-2.007182869378814e-18,0.0940906499915756,0.1255920300431169,0.0
test_35620_41860,57,35620,41860,test_city_oracle_mean,35620,avg,885,,,,0.202154288836345,0.231514792612772,0.0
test_35620_41860,57,35620,41860,test_city_oracle_mean,41860,Car_share,952,0.7368668640401761,0.7368668640401759,-5.970947359328573e-17,0.1759320687871636,0.2192831272607594,0.0
test_35620_41860,57,35620,41860,test_city_oracle_mean,41860,Transit_share,952,0.15000655037683,0.15000655037683,1.1195526298741076e-17,0.1017127602237355,0.1245330491047004,0.0
test_35620_41860,57,35620,41860,test_city_oracle_mean,41860,NonTransit_share,952,0.1131265855829938,0.1131265855829938,-7.463684199160716e-18,0.0916057625950231,0.1299326241638932,0.0
test_35620_41860,57,35620,41860,test_city_oracle_mean,41860,avg,952,,,,0.1230835305353074,0.1579162668431177,0.0
test_35620_41860,57,35620,41860,train_global_mean,35620,Car_share,885,0.5502563812813035,0.8827710537750614,0.3325146724937579,0.3543550630236958,0.4574202189318366,-1.120594809811445
test_35620_41860,57,35620,41860,train_global_mean,35620,Transit_share,885,0.3300176550685805,0.0594363920884209,-0.2705812629801596,0.2829932208445628,0.3716948909875037,-1.1273634426210704
test_35620_41860,57,35620,41860,train_global_mean,35620,NonTransit_share,885,0.1197259636501158,0.0577925541365176,-0.0619334095135982,0.0892565922176323,0.1400325148825452,-0.2431788596608204
test_35620_41860,57,35620,41860,train_global_mean,35620,avg,885,,,,0.2422016253619636,0.3230492082672951,-0.8303790373644452
test_35620_41860,57,35620,41860,train_global_mean,41860,Car_share,952,0.7368668640401761,0.8827710537750612,0.1459041897348853,0.1723367744890551,0.2633877796775162,-0.4427158735880059
test_35620_41860,57,35620,41860,train_global_mean,41860,Transit_share,952,0.15000655037683,0.0594363920884209,-0.0905701582884091,0.1071044622356617,0.1539851742594111,-0.5289334224560869
test_35620_41860,57,35620,41860,train_global_mean,41860,NonTransit_share,952,0.1131265855829938,0.0577925541365176,-0.0553340314464762,0.0813512954868652,0.1412244378931463,-0.1813627973402996
test_35620_41860,57,35620,41860,train_global_mean,41860,avg,952,,,,0.1202641774038607,0.1861991306100245,-0.3843373644614641
test_35620_42660,58,35620,42660,nearest_train_city_mean,35620,Car_share,885,0.5502563812813035,0.8159455372435642,0.2656891559622606,0.3421469816546829,0.4350257367999074,-0.918036563195408
test_35620_42660,58,35620,42660,nearest_train_city_mean,35620,Transit_share,885,0.3300176550685805,0.1003168544351949,-0.2297008006333855,0.2718315067250242,0.3593452019512914,-0.9883471421798472
test_35620_42660,58,35620,42660,nearest_train_city_mean,35620,NonTransit_share,885,0.1197259636501158,0.0837376083212406,-0.0359883553288751,0.0934382661661679,0.1342579463520339,-0.1427621275594384
test_35620_42660,58,35620,42660,nearest_train_city_mean,35620,avg,885,,,,0.235805584848625,0.3095429617010776,-0.6830486109782311
test_35620_42660,58,35620,42660,nearest_train_city_mean,42660,Car_share,860,0.8508559438203965,0.8224625006150441,-0.0283934432053524,0.1228123693548754,0.1673749500415448,-0.0848114620365645
test_35620_42660,58,35620,42660,nearest_train_city_mean,42660,Transit_share,860,0.0774116577437936,0.0960786449298254,0.0186669871860317,0.0690483356345672,0.0889361484771426,-0.0919214307762881
test_35620_42660,58,35620,42660,nearest_train_city_mean,42660,NonTransit_share,860,0.0717323984358097,0.0814588544551303,0.0097264560193206,0.065050094938421,0.1032485955547468,-0.040163258977742
test_35620_42660,58,35620,42660,nearest_train_city_mean,42660,avg,860,,,,0.0856369333092879,0.1198532313578114,-0.0722987172635315
test_35620_42660,58,35620,42660,test_city_oracle_mean,35620,Car_share,885,0.5502563812813035,0.5502563812813035,-2.81005601713034e-17,0.2844608796350297,0.3141134337528695,0.0
test_35620_42660,58,35620,42660,test_city_oracle_mean,35620,Transit_share,885,0.3300176550685805,0.3300176550685805,-3.2114925910061026e-17,0.2279113368824296,0.2548389140423297,0.0
test_35620_42660,58,35620,42660,test_city_oracle_mean,35620,NonTransit_share,885,0.1197259636501158,0.1197259636501158,-2.007182869378814e-18,0.0940906499915756,0.1255920300431169,0.0
test_35620_42660,58,35620,42660,test_city_oracle_mean,35620,avg,885,,,,0.202154288836345,0.231514792612772,0.0
test_35620_42660,58,35620,42660,test_city_oracle_mean,42660,Car_share,860,0.8508559438203965,0.8508559438203965,-8.26212483441977e-18,0.1134143761191713,0.1606990568051697,0.0
test_35620_42660,58,35620,42660,test_city_oracle_mean,42660,Transit_share,860,0.0774116577437936,0.0774116577437936,0.0,0.0628548273941971,0.0851103982711564,0.0
test_35620_42660,58,35620,42660,test_city_oracle_mean,42660,NonTransit_share,860,0.0717323984358097,0.0717323984358097,-4.1310624172098855e-18,0.0612807422687783,0.1012356319310942,0.0
test_35620_42660,58,35620,42660,test_city_oracle_mean,42660,avg,860,,,,0.0791833152607156,0.1156816956691401,0.0
test_35620_42660,58,35620,42660,train_global_mean,35620,Car_share,885,0.5502563812813035,0.8747597114758517,0.3245033301945486,0.3495586176835272,0.4516300040645777,-1.0672478668740348
test_35620_42660,58,35620,42660,train_global_mean,35620,Transit_share,885,0.3300176550685805,0.0645229405521173,-0.2654947145164631,0.2798193013834723,0.3680085808054646,-1.0853761336038477
test_35620_42660,58,35620,42660,train_global_mean,35620,NonTransit_share,885,0.1197259636501158,0.0607173479720304,-0.0590086156780854,0.0888482721260589,0.1387637371022962,-0.2207530395213843
test_35620_42660,58,35620,42660,train_global_mean,35620,avg,885,,,,0.2394087303976861,0.3194674406574462,-0.7911256799997556
test_35620_42660,58,35620,42660,train_global_mean,42660,Car_share,860,0.8508559438203965,0.8747597114758517,0.0239037676554555,0.1054615698103605,0.1624671565769438,-0.0221261606906091
test_35620_42660,58,35620,42660,train_global_mean,42660,Transit_share,860,0.0774116577437936,0.0645229405521174,-0.0128887171916763,0.0591197063871167,0.086080769773056,-0.0229326447353099
test_35620_42660,58,35620,42660,train_global_mean,42660,NonTransit_share,860,0.0717323984358097,0.0607173479720304,-0.0110150504637792,0.0569443710265414,0.1018331208851403,-0.0118387591693813
test_35620_42660,58,35620,42660,train_global_mean,42660,avg,860,,,,0.0738418824080062,0.1167936824117134,-0.0189658548651001
test_35620_47900,59,35620,47900,nearest_train_city_mean,35620,Car_share,885,0.5502563812813035,0.8245223405233456,0.2742659592420421,0.3389661443798817,0.4347512707951312,-0.9156170752487842
test_35620_47900,59,35620,47900,nearest_train_city_mean,35620,Transit_share,885,0.3300176550685805,0.0928468972811243,-0.2371707577874562,0.2696342883080548,0.3591307720469577,-0.9859748612910544
test_35620_47900,59,35620,47900,nearest_train_city_mean,35620,NonTransit_share,885,0.1197259636501158,0.0826307621955298,-0.0370952014545859,0.0934952933963106,0.134853029500271,-0.1529149058473753
test_35620_47900,59,35620,47900,nearest_train_city_mean,35620,avg,885,,,,0.234031908694749,0.3095783574474533,-0.6848356141290713
test_35620_47900,59,35620,47900,nearest_train_city_mean,47900,Car_share,1454,0.8102936687390263,0.8888437263112611,0.0785500575722346,0.1200443802467521,0.1973068650550561,-0.0857819833104178
test_35620_47900,59,35620,47900,nearest_train_city_mean,47900,Transit_share,1454,0.1140755674436493,0.0532245604293329,-0.0608510070143163,0.08348706585186,0.1297432617994522,-0.1293712325201463
test_35620_47900,59,35620,47900,nearest_train_city_mean,47900,NonTransit_share,1454,0.0756307638173242,0.0579317132594059,-0.0176990505579182,0.0559564950579459,0.1060499992257226,-0.0234008399992147
test_35620_47900,59,35620,47900,nearest_train_city_mean,47900,avg,1454,,,,0.0864959803855193,0.1443667086934103,-0.0795180186099263
test_35620_47900,59,35620,47900,test_city_oracle_mean,35620,Car_share,885,0.5502563812813035,0.5502563812813035,-2.81005601713034e-17,0.2844608796350297,0.3141134337528695,0.0
test_35620_47900,59,35620,47900,test_city_oracle_mean,35620,Transit_share,885,0.3300176550685805,0.3300176550685805,-3.2114925910061026e-17,0.2279113368824296,0.2548389140423297,0.0
test_35620_47900,59,35620,47900,test_city_oracle_mean,35620,NonTransit_share,885,0.1197259636501158,0.1197259636501158,-2.007182869378814e-18,0.0940906499915756,0.1255920300431169,0.0
test_35620_47900,59,35620,47900,test_city_oracle_mean,35620,avg,885,,,,0.202154288836345,0.231514792612772,0.0
test_35620_47900,59,35620,47900,test_city_oracle_mean,47900,Car_share,1454,0.8102936687390263,0.8102936687390264,-5.3754952499044714e-17,0.1415997401385011,0.1893524290754373,0.0
test_35620_47900,59,35620,47900,test_city_oracle_mean,47900,Transit_share,1454,0.1140755674436493,0.1140755674436493,-1.22170346588738e-17,0.0942252919974983,0.1220861649209111,0.0
test_35620_47900,59,35620,47900,test_city_oracle_mean,47900,NonTransit_share,1454,0.0756307638173242,0.0756307638173241,-3.66511039766214e-18,0.0632373416255354,0.1048305308766666,1.1102230246251563e-16
test_35620_47900,59,35620,47900,test_city_oracle_mean,47900,avg,1454,,,,0.0996874579205116,0.1387563749576717,3.7007434154171876e-17
test_35620_47900,59,35620,47900,train_global_mean,35620,Car_share,885,0.5502563812813035,0.8802542591523537,0.3299978778710506,0.3528184713115605,0.4555939515219832,-1.1036955039458023
test_35620_47900,59,35620,47900,train_global_mean,35620,Transit_share,885,0.3300176550685805,0.0599452845440496,-0.2700723705245308,0.2826707629267164,0.3713245984728367,-1.123126879835063
test_35620_47900,59,35620,47900,train_global_mean,35620,NonTransit_share,885,0.1197259636501158,0.0598004563035962,-0.0599255073465196,0.0889677586128791,0.1391561153564189,-0.227666577299594
test_35620_47900,59,35620,47900,train_global_mean,35620,avg,885,,,,0.2414856642837187,0.3220248884504129,-0.8181629870268199
test_35620_47900,59,35620,47900,train_global_mean,47900,Car_share,1454,0.8102936687390263,0.8802542591523538,0.0699605904133277,0.1279070221457412,0.2018633860009039,-0.1365102211837676
test_35620_47900,59,35620,47900,train_global_mean,47900,Transit_share,1454,0.1140755674436493,0.0599452845440496,-0.0541302828995997,0.0865147567459308,0.1335481905226971,-0.1965837840956936
test_35620_47900,59,35620,47900,train_global_mean,47900,NonTransit_share,1454,0.0756307638173242,0.0598004563035962,-0.015830307513728,0.057693553341732,0.106019049419729,-0.0228035851990557
test_35620_47900,59,35620,47900,train_global_mean,47900,avg,1454,,,,0.090705110744468,0.14714354198111,-0.1186325301595057
test_38060_41860,60,38060,41860,nearest_train_city_mean,38060,Car_share,1086,0.938708022053798,0.9126469888154168,-0.0260610332383811,0.0515274212585485,0.0672732851557587,-0.329170128695458
test_38060_41860,60,38060,41860,nearest_train_city_mean,38060,Transit_share,1086,0.0140134473721929,0.0379822749877817,0.0239688276155888,0.0313697575944306,0.0386381138981448,-1.339628016402571
test_38060_41860,60,38060,41860,nearest_train_city_mean,38060,NonTransit_share,1086,0.0472785305740088,0.0493707361968012,0.0020922056227923,0.0311635675797703,0.0476939682021882,-0.0028434755060608
test_38060_41860,60,38060,41860,nearest_train_city_mean,38060,avg,1086,,,,0.0380202488109164,0.0512017890853639,-0.5572138735346965
test_38060_41860,60,38060,41860,nearest_train_city_mean,41860,Car_share,952,0.7368668640401761,0.765325935922615,0.0284590718824388,0.1927452735959699,0.2656716627644392,-0.4678444511793407
test_38060_41860,60,38060,41860,nearest_train_city_mean,41860,Transit_share,952,0.15000655037683,0.1528505762748251,0.0028440258979949,0.1328687014716777,0.1735288980689872,-0.9416653240702216
test_38060_41860,60,38060,41860,nearest_train_city_mean,41860,NonTransit_share,952,0.1131265855829938,0.08182348780256,-0.0313030977804338,0.0838970106964881,0.1364946362199616,-0.1035569530203288
test_38060_41860,60,38060,41860,nearest_train_city_mean,41860,avg,952,,,,0.1365036619213786,0.191898399017796,-0.5043555760899637
test_38060_41860,60,38060,41860,test_city_oracle_mean,38060,Car_share,1086,0.938708022053798,0.9387080220537982,8.628252603900847e-17,0.0388244502944113,0.0583515436952534,0.0
test_38060_41860,60,38060,41860,test_city_oracle_mean,38060,Transit_share,1086,0.0140134473721929,0.0140134473721929,-4.089219243554905e-19,0.0168234859954746,0.0252605331022386,0.0
test_38060_41860,60,38060,41860,test_city_oracle_mean,38060,NonTransit_share,1086,0.0472785305740088,0.0472785305740088,-3.475836357021669e-18,0.0303519470022245,0.0476263041536573,0.0
test_38060_41860,60,38060,41860,test_city_oracle_mean,38060,avg,1086,,,,0.0286666277640368,0.0437461269837165,0.0
test_38060_41860,60,38060,41860,test_city_oracle_mean,41860,Car_share,952,0.7368668640401761,0.7368668640401759,-5.970947359328573e-17,0.1759320687871636,0.2192831272607594,0.0
test_38060_41860,60,38060,41860,test_city_oracle_mean,41860,Transit_share,952,0.15000655037683,0.15000655037683,1.1195526298741076e-17,0.1017127602237355,0.1245330491047004,0.0
test_38060_41860,60,38060,41860,test_city_oracle_mean,41860,NonTransit_share,952,0.1131265855829938,0.1131265855829938,-7.463684199160716e-18,0.0916057625950231,0.1299326241638932,0.0
test_38060_41860,60,38060,41860,test_city_oracle_mean,41860,avg,952,,,,0.1230835305353074,0.1579162668431177,0.0
test_38060_41860,60,38060,41860,train_global_mean,38060,Car_share,1086,0.938708022053798,0.8567028378482178,-0.0820051842055803,0.0915432011126279,0.1006466735079219,-1.975049193665909
test_38060_41860,60,38060,41860,train_global_mean,38060,Transit_share,1086,0.0140134473721929,0.0806416006719634,0.0666281532997704,0.068724738934998,0.0712559144544999,-6.957136576589179
test_38060_41860,60,38060,41860,train_global_mean,38060,NonTransit_share,1086,0.0472785305740088,0.0626555614798187,0.0153770309058099,0.0364353384148903,0.050047157030294,-0.1042440347104389
test_38060_41860,60,38060,41860,train_global_mean,38060,avg,1086,,,,0.0655677594875054,0.0739832483309053,-3.0121432683218425
test_38060_41860,60,38060,41860,train_global_mean,41860,Car_share,952,0.7368668640401761,0.8567028378482178,0.1198359738080417,0.1656543770635489,0.2498914774852877,-0.2986510090344207
test_38060_41860,60,38060,41860,train_global_mean,41860,Transit_share,952,0.15000655037683,0.0806416006719633,-0.0693649497048666,0.1004441042141015,0.1425481552559429,-0.3102493699248281
test_38060_41860,60,38060,41860,train_global_mean,41860,NonTransit_share,952,0.1131265855829938,0.0626555614798187,-0.050471024103175,0.0810933878686715,0.1393908572903503,-0.150885607130246
test_38060_41860,60,38060,41860,train_global_mean,41860,avg,952,,,,0.1157306230487739,0.177276830010527,-0.2532619953631649
test_38060_42660,61,38060,42660,nearest_train_city_mean,38060,Car_share,1086,0.938708022053798,0.9126027440928018,-0.0261052779609963,0.0509387516871287,0.0660030338162795,-0.279449346630048
test_38060_42660,61,38060,42660,nearest_train_city_mean,38060,Transit_share,1086,0.0140134473721929,0.0377075974574551,0.0236941500852621,0.0309025040352015,0.0372238308618627,-1.1714863757984486
test_38060_42660,61,38060,42660,nearest_train_city_mean,38060,NonTransit_share,1086,0.0472785305740088,0.049689658449743,0.0024111278757341,0.0311007443998695,0.04755738347705,0.0028921332362005
test_38060_42660,61,38060,42660,nearest_train_city_mean,38060,avg,1086,,,,0.0376473333740666,0.0502614160517307,-0.482681196397432
test_38060_42660,61,38060,42660,nearest_train_city_mean,42660,Car_share,860,0.8508559438203965,0.8039901461970629,-0.0468657976233336,0.1293334086097467,0.1710093571690539,-0.1324345041374641
test_38060_42660,61,38060,42660,nearest_train_city_mean,42660,Transit_share,860,0.0774116577437936,0.1126388695238388,0.0352272117800451,0.0771846530201079,0.0999694283614099,-0.379650783613348
test_38060_42660,61,38060,42660,nearest_train_city_mean,42660,NonTransit_share,860,0.0717323984358097,0.0833709842790981,0.0116385858432884,0.0660015812351021,0.1032894601992848,-0.0409867919912905
test_38060_42660,61,38060,42660,nearest_train_city_mean,42660,avg,860,,,,0.0908398809549855,0.1247560819099162,-0.1843573599140342
test_38060_42660,61,38060,42660,test_city_oracle_mean,38060,Car_share,1086,0.938708022053798,0.9387080220537982,8.628252603900847e-17,0.0388244502944113,0.0583515436952534,0.0
test_38060_42660,61,38060,42660,test_city_oracle_mean,38060,Transit_share,1086,0.0140134473721929,0.0140134473721929,-4.089219243554905e-19,0.0168234859954746,0.0252605331022386,0.0
test_38060_42660,61,38060,42660,test_city_oracle_mean,38060,NonTransit_share,1086,0.0472785305740088,0.0472785305740088,-3.475836357021669e-18,0.0303519470022245,0.0476263041536573,0.0
test_38060_42660,61,38060,42660,test_city_oracle_mean,38060,avg,1086,,,,0.0286666277640368,0.0437461269837165,0.0
test_38060_42660,61,38060,42660,test_city_oracle_mean,42660,Car_share,860,0.8508559438203965,0.8508559438203965,-8.26212483441977e-18,0.1134143761191713,0.1606990568051697,0.0
test_38060_42660,61,38060,42660,test_city_oracle_mean,42660,Transit_share,860,0.0774116577437936,0.0774116577437936,0.0,0.0628548273941971,0.0851103982711564,0.0
test_38060_42660,61,38060,42660,test_city_oracle_mean,42660,NonTransit_share,860,0.0717323984358097,0.0717323984358097,-4.1310624172098855e-18,0.0612807422687783,0.1012356319310942,0.0
test_38060_42660,61,38060,42660,test_city_oracle_mean,42660,avg,860,,,,0.0791833152607156,0.1156816956691401,0.0
test_38060_42660,61,38060,42660,train_global_mean,38060,Car_share,1086,0.938708022053798,0.8487489673645675,-0.0899590546892306,0.0985241958635547,0.1072265553498715,-2.3767585592298324
test_38060_42660,61,38060,42660,train_global_mean,38060,Transit_share,1086,0.0140134473721929,0.0856604310298701,0.0716469836576771,0.0734698659935178,0.0759696307734397,-8.044717522108217
test_38060_42660,61,38060,42660,train_global_mean,38060,NonTransit_share,1086,0.0472785305740088,0.0655906016055623,0.0183120710315535,0.0380609089840459,0.0510254524017312,-0.1478363277808569
test_38060_42660,61,38060,42660,train_global_mean,38060,avg,1086,,,,0.0700183236137061,0.0780738795083475,-3.5231041363729685
test_38060_42660,61,38060,42660,train_global_mean,42660,Car_share,860,0.8508559438203965,0.8487489673645675,-0.002106976455829,0.1142426523553811,0.1607128688308954,-0.0001719066629208
test_38060_42660,61,38060,42660,train_global_mean,42660,Transit_share,860,0.0774116577437936,0.0856604310298701,0.0082487732860764,0.0659078641071914,0.0855091933922894,-0.0093931982641584
test_38060_42660,61,38060,42660,train_global_mean,42660,NonTransit_share,860,0.0717323984358097,0.0655906016055623,-0.0061417968302473,0.0586812955874665,0.1014217670955896,-0.0036806463902296
test_38060_42660,61,38060,42660,train_global_mean,42660,avg,860,,,,0.0796106040166797,0.1158812764395915,-0.0044152504391029
test_38060_47900,62,38060,47900,nearest_train_city_mean,38060,Car_share,1086,0.938708022053798,0.9118973188301448,-0.0268107032236533,0.0509483674066422,0.0656821171910208,-0.2670378451623498
test_38060_47900,62,38060,47900,nearest_train_city_mean,38060,Transit_share,1086,0.0140134473721929,0.0380823265365474,0.0240688791643545,0.0311243606305381,0.0369832079522596,-1.1435031966925746
test_38060_47900,62,38060,47900,nearest_train_city_mean,38060,NonTransit_share,1086,0.0472785305740088,0.0500203546333076,0.0027418240592988,0.0310420119427417,0.0475013028141499,0.005242367666665
test_38060_47900,62,38060,47900,nearest_train_city_mean,38060,avg,1086,,,,0.0377049133266407,0.0500555426524768,-0.4684328913960864
test_38060_47900,62,38060,47900,nearest_train_city_mean,47900,Car_share,1454,0.8102936687390263,0.873512431089909,0.0632187623508825,0.1130872367890428,0.1792795986723345,0.1035625714610752
test_38060_47900,62,38060,47900,nearest_train_city_mean,47900,Transit_share,1454,0.1140755674436493,0.0666467247478584,-0.0474288426957909,0.0793067193722109,0.1230972094909492,-0.0166313849532588
test_38060_47900,62,38060,47900,nearest_train_city_mean,47900,NonTransit_share,1454,0.0756307638173242,0.0598408441622325,-0.0157899196550916,0.0550192957365452,0.1019960690260453,0.0533459481321676
test_38060_47900,62,38060,47900,nearest_train_city_mean,47900,avg,1454,,,,0.082471083965933,0.1347909590631097,0.0467590448799946
test_38060_47900,62,38060,47900,test_city_oracle_mean,38060,Car_share,1086,0.938708022053798,0.9387080220537982,8.628252603900847e-17,0.0388244502944113,0.0583515436952534,0.0
test_38060_47900,62,38060,47900,test_city_oracle_mean,38060,Transit_share,1086,0.0140134473721929,0.0140134473721929,-4.089219243554905e-19,0.0168234859954746,0.0252605331022386,0.0
test_38060_47900,62,38060,47900,test_city_oracle_mean,38060,NonTransit_share,1086,0.0472785305740088,0.0472785305740088,-3.475836357021669e-18,0.0303519470022245,0.0476263041536573,0.0
test_38060_47900,62,38060,47900,test_city_oracle_mean,38060,avg,1086,,,,0.0286666277640368,0.0437461269837165,0.0
test_38060_47900,62,38060,47900,test_city_oracle_mean,47900,Car_share,1454,0.8102936687390263,0.8102936687390264,-5.3754952499044714e-17,0.1415997401385011,0.1893524290754373,0.0
test_38060_47900,62,38060,47900,test_city_oracle_mean,47900,Transit_share,1454,0.1140755674436493,0.1140755674436493,-1.22170346588738e-17,0.0942252919974983,0.1220861649209111,0.0
test_38060_47900,62,38060,47900,test_city_oracle_mean,47900,NonTransit_share,1454,0.0756307638173242,0.0756307638173241,-3.66511039766214e-18,0.0632373416255354,0.1048305308766666,1.1102230246251563e-16
test_38060_47900,62,38060,47900,test_city_oracle_mean,47900,avg,1454,,,,0.0996874579205116,0.1387563749576717,3.7007434154171876e-17
test_38060_47900,62,38060,47900,train_global_mean,38060,Car_share,1086,0.938708022053798,0.8531498215197518,-0.0855582005340465,0.0946343728991456,0.1035620989080618,-2.1499016058926887
test_38060_47900,62,38060,47900,train_global_mean,38060,Transit_share,1086,0.0140134473721929,0.0819698345999195,0.0679563872277266,0.0699785015735178,0.072499414464215,-7.237282767743702
test_38060_47900,62,38060,47900,train_global_mean,38060,NonTransit_share,1086,0.0472785305740088,0.0648803438803288,0.0176018133063199,0.0376579639939078,0.0507748823633026,-0.1365906772457925
test_38060_47900,62,38060,47900,train_global_mean,38060,avg,1086,,,,0.0674236128221904,0.0756121319118598,-3.174591683627394
test_38060_47900,62,38060,47900,train_global_mean,47900,Car_share,1454,0.8102936687390263,0.8531498215197517,0.0428561527807252,0.130445613022777,0.1941416808105189,-0.051225310754281
test_38060_47900,62,38060,47900,train_global_mean,47900,Transit_share,1454,0.1140755674436493,0.0819698345999195,-0.0321057328437297,0.0873773009815529,0.1262371171507369,-0.0691563831995598
test_38060_47900,62,38060,47900,train_global_mean,47900,NonTransit_share,1454,0.0756307638173242,0.0648803438803288,-0.0107504199369953,0.059145431827957,0.1053803194752488,-0.0105165983596602
test_38060_47900,62,38060,47900,train_global_mean,47900,avg,1454,,,,0.0923227819440956,0.1419197058121682,-0.0436327641045003
test_41860_42660,63,41860,42660,nearest_train_city_mean,41860,Car_share,952,0.7368668640401761,0.7591869840370147,0.0223201199968385,0.2045350425288984,0.2749271954119079,-0.5719002071592114
test_41860_42660,63,41860,42660,nearest_train_city_mean,41860,Transit_share,952,0.15000655037683,0.1565470589369798,0.0065405085601498,0.1399195407043628,0.1792688473005726,-1.0722416994302997
test_41860_42660,63,41860,42660,nearest_train_city_mean,41860,NonTransit_share,952,0.1131265855829938,0.0842659570260054,-0.0288606285569883,0.0872334559044811,0.1384544764473408,-0.1354750191894485
test_41860_42660,63,41860,42660,nearest_train_city_mean,41860,avg,952,,,,0.1438960130459141,0.1975501730532738,-0.5932056419263197
test_41860_42660,63,41860,42660,nearest_train_city_mean,42660,Car_share,860,0.8508559438203965,0.805586687177608,-0.0452692566427885,0.1268118683502617,0.1700892464926775,-0.1202812282704968
test_41860_42660,63,41860,42660,nearest_train_city_mean,42660,Transit_share,860,0.0774116577437936,0.1121991672774452,0.0347875095336515,0.0767772161624058,0.1006255204978434,-0.3978193048112546
test_41860_42660,63,41860,42660,nearest_train_city_mean,42660,NonTransit_share,860,0.0717323984358097,0.0822141455449467,0.010481747109137,0.0651500898420295,0.1029487404499974,-0.0341303371151178
test_41860_42660,63,41860,42660,nearest_train_city_mean,42660,avg,860,,,,0.089579724784899,0.1245545024801728,-0.1840769567322897
test_41860_42660,63,41860,42660,test_city_oracle_mean,41860,Car_share,952,0.7368668640401761,0.7368668640401759,-5.970947359328573e-17,0.1759320687871636,0.2192831272607594,0.0
test_41860_42660,63,41860,42660,test_city_oracle_mean,41860,Transit_share,952,0.15000655037683,0.15000655037683,1.1195526298741076e-17,0.1017127602237355,0.1245330491047004,0.0
test_41860_42660,63,41860,42660,test_city_oracle_mean,41860,NonTransit_share,952,0.1131265855829938,0.1131265855829938,-7.463684199160716e-18,0.0916057625950231,0.1299326241638932,0.0
test_41860_42660,63,41860,42660,test_city_oracle_mean,41860,avg,952,,,,0.1230835305353074,0.1579162668431177,0.0
test_41860_42660,63,41860,42660,test_city_oracle_mean,42660,Car_share,860,0.8508559438203965,0.8508559438203965,-8.26212483441977e-18,0.1134143761191713,0.1606990568051697,0.0
test_41860_42660,63,41860,42660,test_city_oracle_mean,42660,Transit_share,860,0.0774116577437936,0.0774116577437936,0.0,0.0628548273941971,0.0851103982711564,0.0
test_41860_42660,63,41860,42660,test_city_oracle_mean,42660,NonTransit_share,860,0.0717323984358097,0.0717323984358097,-4.1310624172098855e-18,0.0612807422687783,0.1012356319310942,0.0
test_41860_42660,63,41860,42660,test_city_oracle_mean,42660,avg,860,,,,0.0791833152607156,0.1156816956691401,0.0
test_41860_42660,63,41860,42660,train_global_mean,41860,Car_share,952,0.7368668640401761,0.8634985011859707,0.1266316371457944,0.1669834382268084,0.2532205786019031,-0.333483238965609
test_41860_42660,63,41860,42660,train_global_mean,41860,Transit_share,952,0.15000655037683,0.0756159290529439,-0.0743906213238861,0.1016006554837661,0.1450601422178661,-0.3568347398978877
test_41860_42660,63,41860,42660,train_global_mean,41860,NonTransit_share,952,0.1131265855829938,0.0608855697610855,-0.0522410158219082,0.0811622871210744,0.1400414601331348,-0.1616541308671304
test_41860_42660,63,41860,42660,train_global_mean,41860,avg,952,,,,0.116582126943883,0.1794407269843013,-0.2839907032435424
test_41860_42660,63,41860,42660,train_global_mean,42660,Car_share,860,0.8508559438203965,0.8634985011859707,0.0126425573655739,0.1088747454734249,0.1611955989312766,-0.0061893238931496
test_41860_42660,63,41860,42660,train_global_mean,42660,Transit_share,860,0.0774116577437936,0.0756159290529439,-0.0017957286908497,0.0622504699658428,0.0851293400385907,-0.0004451600653783
test_41860_42660,63,41860,42660,train_global_mean,42660,NonTransit_share,860,0.0717323984358097,0.0608855697610855,-0.0108468286747241,0.0569979217948362,0.1018150620723025,-0.011479917440728
test_41860_42660,63,41860,42660,train_global_mean,42660,avg,860,,,,0.0760410457447013,0.1160466670140566,-0.006038133799752
test_41860_47900,64,41860,47900,nearest_train_city_mean,41860,Car_share,952,0.7368668640401761,0.7664157666924468,0.0295489026522708,0.2005827473370872,0.2733911552165132,-0.5543846107827182
test_41860_47900,64,41860,47900,nearest_train_city_mean,41860,Transit_share,952,0.15000655037683,0.1509014259898944,0.0008948756130643,0.1372405547299118,0.1776167791807987,-1.0342238308979996
test_41860_47900,64,41860,47900,nearest_train_city_mean,41860,NonTransit_share,952,0.1131265855829938,0.0826828073176586,-0.0304437782653351,0.0863532152378756,0.1383593275960408,-0.1339149104355541
test_41860_47900,64,41860,47900,nearest_train_city_mean,41860,avg,952,,,,0.1413921724349582,0.1964557539977842,-0.5741744507054239
test_41860_47900,64,41860,47900,nearest_train_city_mean,47900,Car_share,1454,0.8102936687390263,0.8705860131929198,0.0602923444538933,0.1131032131285816,0.1802332449127643,0.0940003246381623
test_41860_47900,64,41860,47900,nearest_train_city_mean,47900,Transit_share,1454,0.1140755674436493,0.0690643636893522,-0.045011203754297,0.0795353210309383,0.1228591434287241,-0.012702922288134
test_41860_47900,64,41860,47900,nearest_train_city_mean,47900,NonTransit_share,1454,0.0756307638173242,0.0603496231177279,-0.0152811406995962,0.0550020962125491,0.1021135737445663,0.0511635033782765
test_41860_47900,64,41860,47900,nearest_train_city_mean,47900,avg,1454,,,,0.0825468767906897,0.1350686540286849,0.0441536352427682
test_41860_47900,64,41860,47900,test_city_oracle_mean,41860,Car_share,952,0.7368668640401761,0.7368668640401759,-5.970947359328573e-17,0.1759320687871636,0.2192831272607594,0.0
test_41860_47900,64,41860,47900,test_city_oracle_mean,41860,Transit_share,952,0.15000655037683,0.15000655037683,1.1195526298741076e-17,0.1017127602237355,0.1245330491047004,0.0
test_41860_47900,64,41860,47900,test_city_oracle_mean,41860,NonTransit_share,952,0.1131265855829938,0.1131265855829938,-7.463684199160716e-18,0.0916057625950231,0.1299326241638932,0.0
test_41860_47900,64,41860,47900,test_city_oracle_mean,41860,avg,952,,,,0.1230835305353074,0.1579162668431177,0.0
test_41860_47900,64,41860,47900,test_city_oracle_mean,47900,Car_share,1454,0.8102936687390263,0.8102936687390264,-5.3754952499044714e-17,0.1415997401385011,0.1893524290754373,0.0
test_41860_47900,64,41860,47900,test_city_oracle_mean,47900,Transit_share,1454,0.1140755674436493,0.1140755674436493,-1.22170346588738e-17,0.0942252919974983,0.1220861649209111,0.0
test_41860_47900,64,41860,47900,test_city_oracle_mean,47900,NonTransit_share,1454,0.0756307638173242,0.0756307638173241,-3.66511039766214e-18,0.0632373416255354,0.1048305308766666,1.1102230246251563e-16
test_41860_47900,64,41860,47900,test_city_oracle_mean,47900,avg,1454,,,,0.0996874579205116,0.1387563749576717,3.7007434154171876e-17
test_41860_47900,64,41860,47900,train_global_mean,41860,Car_share,952,0.7368668640401761,0.8685160264326283,0.1316491623924522,0.1680873592739879,0.2557666746468208,-0.360434013833063
test_41860_47900,64,41860,47900,train_global_mean,41860,Transit_share,952,0.15000655037683,0.0715123906372805,-0.0784941597395494,0.1027929715496167,0.1472067030828815,-0.3972879989759408
test_41860_47900,64,41860,47900,train_global_mean,41860,NonTransit_share,952,0.1131265855829938,0.059971582930091,-0.0531550026529028,0.0812065219762412,0.140384974727161,-0.1673600777421515
test_41860_47900,64,41860,47900,train_global_mean,41860,avg,952,,,,0.1173622842666153,0.1811194508189544,-0.3083606968503851
test_41860_47900,64,41860,47900,train_global_mean,47900,Car_share,1454,0.8102936687390263,0.8685160264326284,0.0582223576936019,0.1284544198292425,0.1981014521202968,-0.0945448363796304
test_41860_47900,64,41860,47900,train_global_mean,47900,Transit_share,1454,0.1140755674436493,0.0715123906372805,-0.0425631768063688,0.0864221133511628,0.1292929065530902,-0.1215444596533534
test_41860_47900,64,41860,47900,train_global_mean,47900,NonTransit_share,1454,0.0756307638173242,0.059971582930091,-0.0156591808872331,0.0577374765625387,0.1059936325915044,-0.0223132335687514
test_41860_47900,64,41860,47900,train_global_mean,47900,avg,1454,,,,0.0908713365809813,0.1444626637549638,-0.0794675098672451
test_42660_47900,65,42660,47900,nearest_train_city_mean,42660,Car_share,860,0.8508559438203965,0.8265303274068394,-0.0243256164135569,0.1148386829060681,0.1621151268120198,-0.0177015247650762
test_42660_47900,65,42660,47900,nearest_train_city_mean,42660,Transit_share,860,0.0774116577437936,0.0940765631792277,0.016664905435434,0.0672158082720066,0.0919828422835776,-0.1680149588365818
test_42660_47900,65,42660,47900,nearest_train_city_mean,42660,NonTransit_share,860,0.0717323984358097,0.0793931094139325,0.0076607109781228,0.0633085259971049,0.1025451216701192,-0.0260374511031267
test_42660_47900,65,42660,47900,nearest_train_city_mean,42660,avg,860,,,,0.0817876723917265,0.1188810302552389,-0.0705846449015949
test_42660_47900,65,42660,47900,nearest_train_city_mean,47900,Car_share,1454,0.8102936687390263,0.8724911659093995,0.0621974971703731,0.1165213457438299,0.1831294561328416,0.0646489250202251
test_42660_47900,65,42660,47900,nearest_train_city_mean,47900,Transit_share,1454,0.1140755674436493,0.0671959364756915,-0.0468796309679577,0.0812231620114127,0.1242415072137125,-0.0356202161503858
test_42660_47900,65,42660,47900,nearest_train_city_mean,47900,NonTransit_share,1454,0.0756307638173242,0.0603128976149088,-0.0153178662024153,0.0559599238556507,0.1030607640361933,0.0334793322802562
test_42660_47900,65,42660,47900,nearest_train_city_mean,47900,avg,1454,,,,0.0845681438702978,0.1368105757942491,0.0208360137166985
test_42660_47900,65,42660,47900,test_city_oracle_mean,42660,Car_share,860,0.8508559438203965,0.8508559438203965,-8.26212483441977e-18,0.1134143761191713,0.1606990568051697,0.0
test_42660_47900,65,42660,47900,test_city_oracle_mean,42660,Transit_share,860,0.0774116577437936,0.0774116577437936,0.0,0.0628548273941971,0.0851103982711564,0.0
test_42660_47900,65,42660,47900,test_city_oracle_mean,42660,NonTransit_share,860,0.0717323984358097,0.0717323984358097,-4.1310624172098855e-18,0.0612807422687783,0.1012356319310942,0.0
test_42660_47900,65,42660,47900,test_city_oracle_mean,42660,avg,860,,,,0.0791833152607156,0.1156816956691401,0.0
test_42660_47900,65,42660,47900,test_city_oracle_mean,47900,Car_share,1454,0.8102936687390263,0.8102936687390264,-5.3754952499044714e-17,0.1415997401385011,0.1893524290754373,0.0
test_42660_47900,65,42660,47900,test_city_oracle_mean,47900,Transit_share,1454,0.1140755674436493,0.1140755674436493,-1.22170346588738e-17,0.0942252919974983,0.1220861649209111,0.0
test_42660_47900,65,42660,47900,test_city_oracle_mean,47900,NonTransit_share,1454,0.0756307638173242,0.0756307638173241,-3.66511039766214e-18,0.0632373416255354,0.1048305308766666,1.1102230246251563e-16
test_42660_47900,65,42660,47900,test_city_oracle_mean,47900,avg,1454,,,,0.0996874579205116,0.1387563749576717,3.7007434154171876e-17
test_42660_47900,65,42660,47900,train_global_mean,42660,Car_share,860,0.8508559438203965,0.8602613362167025,0.0094053923963062,0.1099648872660984,0.1609740608427322,-0.0034255253268833
test_42660_47900,65,42660,47900,train_global_mean,42660,Transit_share,860,0.0774116577437936,0.0767325862724788,-0.0006790714713149,0.062624225458658,0.0851131072863517,-6.365986679757185e-05
test_42660_47900,65,42660,47900,train_global_mean,42660,NonTransit_share,860,0.0717323984358097,0.0630060775108184,-0.0087263209249912,0.057714437455656,0.1016110321243414,-0.0074301155092608
test_42660_47900,65,42660,47900,train_global_mean,42660,avg,860,,,,0.0767678500601375,0.1158994000844751,-0.0036397669009805
test_42660_47900,65,42660,47900,train_global_mean,47900,Car_share,1454,0.8102936687390263,0.8602613362167025,0.0499676674776763,0.1293604736592568,0.1958343948082873,-0.0696364129490956
test_42660_47900,65,42660,47900,train_global_mean,47900,Transit_share,1454,0.1140755674436493,0.0767325862724788,-0.0373429811711705,0.086796646824378,0.1276696123118039,-0.0935588916604575
test_42660_47900,65,42660,47900,train_global_mean,47900,NonTransit_share,1454,0.0756307638173242,0.0630060775108184,-0.0126246863065057,0.0585818054966974,0.1055879865714913,-0.0145032596183876
test_42660_47900,65,42660,47900,train_global_mean,47900,avg,1454,,,,0.0915796419934441,0.1430306645638608,-0.0592328547426469
