feature_type,cbsa_code,avg_mae,avg_rmse,avg_r2,cluster_dir,summary_json,report_file,prediction_file,train_log,inference_log,Car_share_mae,Car_share_rmse,Car_share_r2,Transit_share_mae,Transit_share_rmse,Transit_share_r2,NonTransit_share_mae,NonTransit_share_rmse,NonTransit_share_r2,fold_id,fold_index,test_cbsa_a,test_cbsa_b,k_neighbors,distance_metric,prediction_postprocess
aef_annual_64d,12060,0.056887147598594,0.0709829103764398,-0.2173242946803615,C:\Users\Admin\Desktop\ShiXiaoYu\data\FineTuneResNet\city_prototypes_per_city\per_city_cluster_20260606_134742,C:\Users\Admin\Desktop\ShiXiaoYu\data\FineTuneResNet\expert_models_runs\expert_run_stage6_9_66fold_test_12060_14460_aef_annual_64d\predictions\step6_expert_summary_student_20260606_134820.json,C:\Users\Admin\Desktop\ShiXiaoYu\data\FineTuneResNet\expert_models_runs\expert_run_stage6_9_66fold_test_12060_14460_aef_annual_64d\predictions\evaluation_student_cbsa12060_knn_k5_none.json,C:\Users\Admin\Desktop\ShiXiaoYu\data\FineTuneResNet\expert_models_runs\expert_run_stage6_9_66fold_test_12060_14460_aef_annual_64d\predictions\predictions_student_cbsa12060_knn_k5_none.csv,C:\Users\Admin\Desktop\ShiXiaoYu\data\3.26plan_tripmode_v2_66fold\folds\test_12060_14460\logs\aef_annual_64d\train.log,C:\Users\Admin\Desktop\ShiXiaoYu\data\3.26plan_tripmode_v2_66fold\folds\test_12060_14460\logs\aef_annual_64d\inference.log,0.0752747172553672,0.0915925454379337,-0.1540885740168429,0.0584258562958857,0.0702673026629805,-0.6633928524794526,0.0369608692445291,0.0510888830284052,0.165508542455211,test_12060_14460,0,12060,14460,5,cosine,none
aef_annual_64d,14460,0.0798332352835284,0.1225643719345673,0.4376042305844937,C:\Users\Admin\Desktop\ShiXiaoYu\data\FineTuneResNet\city_prototypes_per_city\per_city_cluster_20260606_134742,C:\Users\Admin\Desktop\ShiXiaoYu\data\FineTuneResNet\expert_models_runs\expert_run_stage6_9_66fold_test_12060_14460_aef_annual_64d\predictions\step6_expert_summary_student_20260606_134820.json,C:\Users\Admin\Desktop\ShiXiaoYu\data\FineTuneResNet\expert_models_runs\expert_run_stage6_9_66fold_test_12060_14460_aef_annual_64d\predictions\evaluation_student_cbsa14460_knn_k5_none.json,C:\Users\Admin\Desktop\ShiXiaoYu\data\FineTuneResNet\expert_models_runs\expert_run_stage6_9_66fold_test_12060_14460_aef_annual_64d\predictions\predictions_student_cbsa14460_knn_k5_none.csv,C:\Users\Admin\Desktop\ShiXiaoYu\data\3.26plan_tripmode_v2_66fold\folds\test_12060_14460\logs\aef_annual_64d\train.log,C:\Users\Admin\Desktop\ShiXiaoYu\data\3.26plan_tripmode_v2_66fold\folds\test_12060_14460\logs\aef_annual_64d\inference.log,0.1013519738922505,0.1470221491782325,0.5829693644627036,0.0713798621745659,0.1025409374161073,0.401460776426243,0.0667678697837687,0.1181300292093619,0.3283825508645346,test_12060_14460,0,12060,14460,5,cosine,none
aef_annual_64d,12060,0.0563317202259847,0.0722224031614634,-0.2390946391464137,C:\Users\Admin\Desktop\ShiXiaoYu\data\FineTuneResNet\city_prototypes_per_city\per_city_cluster_20260606_135135,C:\Users\Admin\Desktop\ShiXiaoYu\data\FineTuneResNet\expert_models_runs\expert_run_stage6_9_66fold_test_12060_16980_aef_annual_64d\predictions\step6_expert_summary_student_20260606_135222.json,C:\Users\Admin\Desktop\ShiXiaoYu\data\FineTuneResNet\expert_models_runs\expert_run_stage6_9_66fold_test_12060_16980_aef_annual_64d\predictions\evaluation_student_cbsa12060_knn_k5_none.json,C:\Users\Admin\Desktop\ShiXiaoYu\data\FineTuneResNet\expert_models_runs\expert_run_stage6_9_66fold_test_12060_16980_aef_annual_64d\predictions\predictions_student_cbsa12060_knn_k5_none.csv,C:\Users\Admin\Desktop\ShiXiaoYu\data\3.26plan_tripmode_v2_66fold\folds\test_12060_16980\logs\aef_annual_64d\train.log,C:\Users\Admin\Desktop\ShiXiaoYu\data\3.26plan_tripmode_v2_66fold\folds\test_12060_16980\logs\aef_annual_64d\inference.log,0.0753649629576978,0.0956589856849287,-0.2588396895756291,0.054692779945329,0.068190397630979,-0.566515554316775,0.0389374177749273,0.0528178261684824,0.1080713264531628,test_12060_16980,1,12060,16980,5,cosine,none
aef_annual_64d,16980,0.0748912020889185,0.1083982859356356,0.2962690124084444,C:\Users\Admin\Desktop\ShiXiaoYu\data\FineTuneResNet\city_prototypes_per_city\per_city_cluster_20260606_135135,C:\Users\Admin\Desktop\ShiXiaoYu\data\FineTuneResNet\expert_models_runs\expert_run_stage6_9_66fold_test_12060_16980_aef_annual_64d\predictions\step6_expert_summary_student_20260606_135222.json,C:\Users\Admin\Desktop\ShiXiaoYu\data\FineTuneResNet\expert_models_runs\expert_run_stage6_9_66fold_test_12060_16980_aef_annual_64d\predictions\evaluation_student_cbsa16980_knn_k5_none.json,C:\Users\Admin\Desktop\ShiXiaoYu\data\FineTuneResNet\expert_models_runs\expert_run_stage6_9_66fold_test_12060_16980_aef_annual_64d\predictions\predictions_student_cbsa16980_knn_k5_none.csv,C:\Users\Admin\Desktop\ShiXiaoYu\data\3.26plan_tripmode_v2_66fold\folds\test_12060_16980\logs\aef_annual_64d\train.log,C:\Users\Admin\Desktop\ShiXiaoYu\data\3.26plan_tripmode_v2_66fold\folds\test_12060_16980\logs\aef_annual_64d\inference.log,0.1011450285994522,0.1421563949627899,0.3464074896362629,0.0742806405708079,0.1115184422907383,0.2869691214033966,0.0492479370964955,0.0715200205533787,0.2554304261856738,test_12060_16980,1,12060,16980,5,cosine,none
aef_annual_64d,12060,0.0585734820981412,0.0735892759613227,-0.3006841523688886,C:\Users\Admin\Desktop\ShiXiaoYu\data\FineTuneResNet\city_prototypes_per_city\per_city_cluster_20260606_135339,C:\Users\Admin\Desktop\ShiXiaoYu\data\FineTuneResNet\expert_models_runs\expert_run_stage6_9_66fold_test_12060_19100_aef_annual_64d\predictions\step6_expert_summary_student_20260606_135419.json,C:\Users\Admin\Desktop\ShiXiaoYu\data\FineTuneResNet\expert_models_runs\expert_run_stage6_9_66fold_test_12060_19100_aef_annual_64d\predictions\evaluation_student_cbsa12060_knn_k5_none.json,C:\Users\Admin\Desktop\ShiXiaoYu\data\FineTuneResNet\expert_models_runs\expert_run_stage6_9_66fold_test_12060_19100_aef_annual_64d\predictions\predictions_student_cbsa12060_knn_k5_none.csv,C:\Users\Admin\Desktop\ShiXiaoYu\data\3.26plan_tripmode_v2_66fold\folds\test_12060_19100\logs\aef_annual_64d\train.log,C:\Users\Admin\Desktop\ShiXiaoYu\data\3.26plan_tripmode_v2_66fold\folds\test_12060_19100\logs\aef_annual_64d\inference.log,0.0779492433755326,0.0960138031025185,-0.2681955616855882,0.0593898231424805,0.0718393994350686,-0.7386559524772736,0.0383813797764105,0.052914625346381,0.1047990570561959,test_12060_19100,2,12060,19100,5,cosine,none
aef_annual_64d,19100,0.0473731700011205,0.0673478554422482,-2.277563356039711,C:\Users\Admin\Desktop\ShiXiaoYu\data\FineTuneResNet\city_prototypes_per_city\per_city_cluster_20260606_135339,C:\Users\Admin\Desktop\ShiXiaoYu\data\FineTuneResNet\expert_models_runs\expert_run_stage6_9_66fold_test_12060_19100_aef_annual_64d\predictions\step6_expert_summary_student_20260606_135419.json,C:\Users\Admin\Desktop\ShiXiaoYu\data\FineTuneResNet\expert_models_runs\expert_run_stage6_9_66fold_test_12060_19100_aef_annual_64d\predictions\evaluation_student_cbsa19100_knn_k5_none.json,C:\Users\Admin\Desktop\ShiXiaoYu\data\FineTuneResNet\expert_models_runs\expert_run_stage6_9_66fold_test_12060_19100_aef_annual_64d\predictions\predictions_student_cbsa19100_knn_k5_none.csv,C:\Users\Admin\Desktop\ShiXiaoYu\data\3.26plan_tripmode_v2_66fold\folds\test_12060_19100\logs\aef_annual_64d\train.log,C:\Users\Admin\Desktop\ShiXiaoYu\data\3.26plan_tripmode_v2_66fold\folds\test_12060_19100\logs\aef_annual_64d\inference.log,0.0663387416041987,0.094516859243566,-2.2770108852846795,0.0399585107535968,0.0590340850123843,-4.242684089757916,0.0358222576455661,0.0484926220707944,-0.312995093076537,test_12060_19100,2,12060,19100,5,cosine,none
aef_annual_64d,12060,0.0589744541650291,0.0737163808181677,-0.2954780690900197,C:\Users\Admin\Desktop\ShiXiaoYu\data\FineTuneResNet\city_prototypes_per_city\per_city_cluster_20260606_140205,C:\Users\Admin\Desktop\ShiXiaoYu\data\FineTuneResNet\expert_models_runs\expert_run_stage6_9_66fold_test_12060_26420_aef_annual_64d\predictions\step6_expert_summary_student_20260606_140241.json,C:\Users\Admin\Desktop\ShiXiaoYu\data\FineTuneResNet\expert_models_runs\expert_run_stage6_9_66fold_test_12060_26420_aef_annual_64d\predictions\evaluation_student_cbsa12060_knn_k5_none.json,C:\Users\Admin\Desktop\ShiXiaoYu\data\FineTuneResNet\expert_models_runs\expert_run_stage6_9_66fold_test_12060_26420_aef_annual_64d\predictions\predictions_student_cbsa12060_knn_k5_none.csv,C:\Users\Admin\Desktop\ShiXiaoYu\data\3.26plan_tripmode_v2_66fold\folds\test_12060_26420\logs\aef_annual_64d\train.log,C:\Users\Admin\Desktop\ShiXiaoYu\data\3.26plan_tripmode_v2_66fold\folds\test_12060_26420\logs\aef_annual_64d\inference.log,0.0786376107966088,0.0971622661607813,-0.2987158926670952,0.0590109014294354,0.0703958619194162,-0.669485022305718,0.039274850269043,0.0535910143743056,0.081766707702754,test_12060_26420,3,12060,26420,5,cosine,none
aef_annual_64d,26420,0.0502914542533899,0.0737561224268364,-0.3603548539249197,C:\Users\Admin\Desktop\ShiXiaoYu\data\FineTuneResNet\city_prototypes_per_city\per_city_cluster_20260606_140205,C:\Users\Admin\Desktop\ShiXiaoYu\data\FineTuneResNet\expert_models_runs\expert_run_stage6_9_66fold_test_12060_26420_aef_annual_64d\predictions\step6_expert_summary_student_20260606_140241.json,C:\Users\Admin\Desktop\ShiXiaoYu\data\FineTuneResNet\expert_models_runs\expert_run_stage6_9_66fold_test_12060_26420_aef_annual_64d\predictions\evaluation_student_cbsa26420_knn_k5_none.json,C:\Users\Admin\Desktop\ShiXiaoYu\data\FineTuneResNet\expert_models_runs\expert_run_stage6_9_66fold_test_12060_26420_aef_annual_64d\predictions\predictions_student_cbsa26420_knn_k5_none.csv,C:\Users\Admin\Desktop\ShiXiaoYu\data\3.26plan_tripmode_v2_66fold\folds\test_12060_26420\logs\aef_annual_64d\train.log,C:\Users\Admin\Desktop\ShiXiaoYu\data\3.26plan_tripmode_v2_66fold\folds\test_12060_26420\logs\aef_annual_64d\inference.log,0.0677037651166598,0.0962478684645519,-0.2008803696565106,0.0406508391087027,0.0585160974408593,-0.9544950500770047,0.0425197585348071,0.0665044013750981,0.0743108579587563,test_12060_26420,3,12060,26420,5,cosine,none
aef_annual_64d,12060,0.0593253712834641,0.0740060822483682,-0.3068202821345507,C:\Users\Admin\Desktop\ShiXiaoYu\data\FineTuneResNet\city_prototypes_per_city\per_city_cluster_20260606_140347,C:\Users\Admin\Desktop\ShiXiaoYu\data\FineTuneResNet\expert_models_runs\expert_run_stage6_9_66fold_test_12060_31080_aef_annual_64d\predictions\step6_expert_summary_student_20260606_140428.json,C:\Users\Admin\Desktop\ShiXiaoYu\data\FineTuneResNet\expert_models_runs\expert_run_stage6_9_66fold_test_12060_31080_aef_annual_64d\predictions\evaluation_student_cbsa12060_knn_k5_none.json,C:\Users\Admin\Desktop\ShiXiaoYu\data\FineTuneResNet\expert_models_runs\expert_run_stage6_9_66fold_test_12060_31080_aef_annual_64d\predictions\predictions_student_cbsa12060_knn_k5_none.csv,C:\Users\Admin\Desktop\ShiXiaoYu\data\3.26plan_tripmode_v2_66fold\folds\test_12060_31080\logs\aef_annual_64d\train.log,C:\Users\Admin\Desktop\ShiXiaoYu\data\3.26plan_tripmode_v2_66fold\folds\test_12060_31080\logs\aef_annual_64d\inference.log,0.0803614824934262,0.0978484619013777,-0.3171246895459347,0.0587572105700846,0.071087633007278,-0.7024578696454515,0.0388574207868816,0.0530821518364489,0.0991217127877341,test_12060_31080,4,12060,31080,5,cosine,none
aef_annual_64d,31080,0.1753665325997854,0.2020905211417615,-6.0401329110967845,C:\Users\Admin\Desktop\ShiXiaoYu\data\FineTuneResNet\city_prototypes_per_city\per_city_cluster_20260606_140347,C:\Users\Admin\Desktop\ShiXiaoYu\data\FineTuneResNet\expert_models_runs\expert_run_stage6_9_66fold_test_12060_31080_aef_annual_64d\predictions\step6_expert_summary_student_20260606_140428.json,C:\Users\Admin\Desktop\ShiXiaoYu\data\FineTuneResNet\expert_models_runs\expert_run_stage6_9_66fold_test_12060_31080_aef_annual_64d\predictions\evaluation_student_cbsa31080_knn_k5_none.json,C:\Users\Admin\Desktop\ShiXiaoYu\data\FineTuneResNet\expert_models_runs\expert_run_stage6_9_66fold_test_12060_31080_aef_annual_64d\predictions\predictions_student_cbsa31080_knn_k5_none.csv,C:\Users\Admin\Desktop\ShiXiaoYu\data\3.26plan_tripmode_v2_66fold\folds\test_12060_31080\logs\aef_annual_64d\train.log,C:\Users\Admin\Desktop\ShiXiaoYu\data\3.26plan_tripmode_v2_66fold\folds\test_12060_31080\logs\aef_annual_64d\inference.log,0.2488438204244505,0.2818246604268014,-6.668273741816314,0.1972465125024183,0.2266211494823489,-10.282750318415795,0.0800092648724872,0.0978257535161341,-1.169374673058246,test_12060_31080,4,12060,31080,5,cosine,none
aef_annual_64d,12060,0.0588918171895082,0.0739737307664453,-0.3093232580675655,C:\Users\Admin\Desktop\ShiXiaoYu\data\FineTuneResNet\city_prototypes_per_city\per_city_cluster_20260606_140539,C:\Users\Admin\Desktop\ShiXiaoYu\data\FineTuneResNet\expert_models_runs\expert_run_stage6_9_66fold_test_12060_33100_aef_annual_64d\predictions\step6_expert_summary_student_20260606_140622.json,C:\Users\Admin\Desktop\ShiXiaoYu\data\FineTuneResNet\expert_models_runs\expert_run_stage6_9_66fold_test_12060_33100_aef_annual_64d\predictions\evaluation_student_cbsa12060_knn_k5_none.json,C:\Users\Admin\Desktop\ShiXiaoYu\data\FineTuneResNet\expert_models_runs\expert_run_stage6_9_66fold_test_12060_33100_aef_annual_64d\predictions\predictions_student_cbsa12060_knn_k5_none.csv,C:\Users\Admin\Desktop\ShiXiaoYu\data\3.26plan_tripmode_v2_66fold\folds\test_12060_33100\logs\aef_annual_64d\train.log,C:\Users\Admin\Desktop\ShiXiaoYu\data\3.26plan_tripmode_v2_66fold\folds\test_12060_33100\logs\aef_annual_64d\inference.log,0.079176243710468,0.097125081784353,-0.2977220356528953,0.0588244702049462,0.0714876472013857,-0.7216714323277569,0.0386747376531105,0.0533084633135971,0.0914236937779556,test_12060_33100,5,12060,33100,5,cosine,none
aef_annual_64d,33100,0.0730853103217077,0.1039177877668194,-1.614131028066187,C:\Users\Admin\Desktop\ShiXiaoYu\data\FineTuneResNet\city_prototypes_per_city\per_city_cluster_20260606_140539,C:\Users\Admin\Desktop\ShiXiaoYu\data\FineTuneResNet\expert_models_runs\expert_run_stage6_9_66fold_test_12060_33100_aef_annual_64d\predictions\step6_expert_summary_student_20260606_140622.json,C:\Users\Admin\Desktop\ShiXiaoYu\data\FineTuneResNet\expert_models_runs\expert_run_stage6_9_66fold_test_12060_33100_aef_annual_64d\predictions\evaluation_student_cbsa33100_knn_k5_none.json,C:\Users\Admin\Desktop\ShiXiaoYu\data\FineTuneResNet\expert_models_runs\expert_run_stage6_9_66fold_test_12060_33100_aef_annual_64d\predictions\predictions_student_cbsa33100_knn_k5_none.csv,C:\Users\Admin\Desktop\ShiXiaoYu\data\3.26plan_tripmode_v2_66fold\folds\test_12060_33100\logs\aef_annual_64d\train.log,C:\Users\Admin\Desktop\ShiXiaoYu\data\3.26plan_tripmode_v2_66fold\folds\test_12060_33100\logs\aef_annual_64d\inference.log,0.1027557940662544,0.1451935524468539,-1.5407482097064045,0.0641502108968675,0.0928998093108646,-3.248926718392108,0.0523499260020011,0.0736600015427396,-0.0527181561000491,test_12060_33100,5,12060,33100,5,cosine,none
aef_annual_64d,12060,0.0589402155240551,0.0740678923908981,-0.3111666529258475,C:\Users\Admin\Desktop\ShiXiaoYu\data\FineTuneResNet\city_prototypes_per_city\per_city_cluster_20260606_140739,C:\Users\Admin\Desktop\ShiXiaoYu\data\FineTuneResNet\expert_models_runs\expert_run_stage6_9_66fold_test_12060_35620_aef_annual_64d\predictions\step6_expert_summary_student_20260606_140811.json,C:\Users\Admin\Desktop\ShiXiaoYu\data\FineTuneResNet\expert_models_runs\expert_run_stage6_9_66fold_test_12060_35620_aef_annual_64d\predictions\evaluation_student_cbsa12060_knn_k5_none.json,C:\Users\Admin\Desktop\ShiXiaoYu\data\FineTuneResNet\expert_models_runs\expert_run_stage6_9_66fold_test_12060_35620_aef_annual_64d\predictions\predictions_student_cbsa12060_knn_k5_none.csv,C:\Users\Admin\Desktop\ShiXiaoYu\data\3.26plan_tripmode_v2_66fold\folds\test_12060_35620\logs\aef_annual_64d\train.log,C:\Users\Admin\Desktop\ShiXiaoYu\data\3.26plan_tripmode_v2_66fold\folds\test_12060_35620\logs\aef_annual_64d\inference.log,0.078642099653166,0.097581286636563,-0.3099416905480014,0.0593081485795464,0.0714327219546911,-0.7190268663213844,0.038870398339453,0.0531896685814402,0.0954685980918432,test_12060_35620,6,12060,35620,5,cosine,none
aef_annual_64d,35620,0.1809033149056378,0.2391157157163453,-0.0301094281935291,C:\Users\Admin\Desktop\ShiXiaoYu\data\FineTuneResNet\city_prototypes_per_city\per_city_cluster_20260606_140739,C:\Users\Admin\Desktop\ShiXiaoYu\data\FineTuneResNet\expert_models_runs\expert_run_stage6_9_66fold_test_12060_35620_aef_annual_64d\predictions\step6_expert_summary_student_20260606_140811.json,C:\Users\Admin\Desktop\ShiXiaoYu\data\FineTuneResNet\expert_models_runs\expert_run_stage6_9_66fold_test_12060_35620_aef_annual_64d\predictions\evaluation_student_cbsa35620_knn_k5_none.json,C:\Users\Admin\Desktop\ShiXiaoYu\data\FineTuneResNet\expert_models_runs\expert_run_stage6_9_66fold_test_12060_35620_aef_annual_64d\predictions\predictions_student_cbsa35620_knn_k5_none.csv,C:\Users\Admin\Desktop\ShiXiaoYu\data\3.26plan_tripmode_v2_66fold\folds\test_12060_35620\logs\aef_annual_64d\train.log,C:\Users\Admin\Desktop\ShiXiaoYu\data\3.26plan_tripmode_v2_66fold\folds\test_12060_35620\logs\aef_annual_64d\inference.log,0.2482094695000496,0.319209428673417,-0.0327100442554646,0.21454011680904,0.2858360414314321,-0.2580632781756218,0.0799603584078237,0.1123016770441869,0.2004450378504989,test_12060_35620,6,12060,35620,5,cosine,none
aef_annual_64d,12060,0.0581954402320282,0.0733679537524705,-0.2889282825186112,C:\Users\Admin\Desktop\ShiXiaoYu\data\FineTuneResNet\city_prototypes_per_city\per_city_cluster_20260606_140924,C:\Users\Admin\Desktop\ShiXiaoYu\data\FineTuneResNet\expert_models_runs\expert_run_stage6_9_66fold_test_12060_38060_aef_annual_64d\predictions\step6_expert_summary_student_20260606_140957.json,C:\Users\Admin\Desktop\ShiXiaoYu\data\FineTuneResNet\expert_models_runs\expert_run_stage6_9_66fold_test_12060_38060_aef_annual_64d\predictions\evaluation_student_cbsa12060_knn_k5_none.json,C:\Users\Admin\Desktop\ShiXiaoYu\data\FineTuneResNet\expert_models_runs\expert_run_stage6_9_66fold_test_12060_38060_aef_annual_64d\predictions\predictions_student_cbsa12060_knn_k5_none.csv,C:\Users\Admin\Desktop\ShiXiaoYu\data\3.26plan_tripmode_v2_66fold\folds\test_12060_38060\logs\aef_annual_64d\train.log,C:\Users\Admin\Desktop\ShiXiaoYu\data\3.26plan_tripmode_v2_66fold\folds\test_12060_38060\logs\aef_annual_64d\inference.log,0.0777751444302119,0.0962501223432597,-0.2744460762547713,0.058609261374134,0.0710662906790636,-0.7014357801812978,0.0382019148917387,0.0527874482350881,0.1090970088802356,test_12060_38060,7,12060,38060,5,cosine,none
aef_annual_64d,38060,0.0558631414240112,0.0680025019950094,-2.20227216117064,C:\Users\Admin\Desktop\ShiXiaoYu\data\FineTuneResNet\city_prototypes_per_city\per_city_cluster_20260606_140924,C:\Users\Admin\Desktop\ShiXiaoYu\data\FineTuneResNet\expert_models_runs\expert_run_stage6_9_66fold_test_12060_38060_aef_annual_64d\predictions\step6_expert_summary_student_20260606_140957.json,C:\Users\Admin\Desktop\ShiXiaoYu\data\FineTuneResNet\expert_models_runs\expert_run_stage6_9_66fold_test_12060_38060_aef_annual_64d\predictions\evaluation_student_cbsa38060_knn_k5_none.json,C:\Users\Admin\Desktop\ShiXiaoYu\data\FineTuneResNet\expert_models_runs\expert_run_stage6_9_66fold_test_12060_38060_aef_annual_64d\predictions\predictions_student_cbsa38060_knn_k5_none.csv,C:\Users\Admin\Desktop\ShiXiaoYu\data\3.26plan_tripmode_v2_66fold\folds\test_12060_38060\logs\aef_annual_64d\train.log,C:\Users\Admin\Desktop\ShiXiaoYu\data\3.26plan_tripmode_v2_66fold\folds\test_12060_38060\logs\aef_annual_64d\inference.log,0.0768444053034431,0.0917376485328341,-1.471670123764623,0.0524153487112696,0.0619791103201304,-5.020126987088572,0.0383296702573209,0.0502907471320638,-0.1150193726587247,test_12060_38060,7,12060,38060,5,cosine,none
aef_annual_64d,12060,0.057721221401419,0.0733629545780028,-0.2824220472839086,C:\Users\Admin\Desktop\ShiXiaoYu\data\FineTuneResNet\city_prototypes_per_city\per_city_cluster_20260606_141109,C:\Users\Admin\Desktop\ShiXiaoYu\data\FineTuneResNet\expert_models_runs\expert_run_stage6_9_66fold_test_12060_41860_aef_annual_64d\predictions\step6_expert_summary_student_20260606_141141.json,C:\Users\Admin\Desktop\ShiXiaoYu\data\FineTuneResNet\expert_models_runs\expert_run_stage6_9_66fold_test_12060_41860_aef_annual_64d\predictions\evaluation_student_cbsa12060_knn_k5_none.json,C:\Users\Admin\Desktop\ShiXiaoYu\data\FineTuneResNet\expert_models_runs\expert_run_stage6_9_66fold_test_12060_41860_aef_annual_64d\predictions\predictions_student_cbsa12060_knn_k5_none.csv,C:\Users\Admin\Desktop\ShiXiaoYu\data\3.26plan_tripmode_v2_66fold\folds\test_12060_41860\logs\aef_annual_64d\train.log,C:\Users\Admin\Desktop\ShiXiaoYu\data\3.26plan_tripmode_v2_66fold\folds\test_12060_41860\logs\aef_annual_64d\inference.log,0.0779055114468095,0.0974098648127869,-0.3053433630468614,0.057502911978877,0.0702864497905457,-0.6642994913633051,0.0377552407785706,0.0523925491306758,0.1223767125584406,test_12060_41860,8,12060,41860,5,cosine,none
aef_annual_64d,41860,0.0976732428630161,0.1309609565845918,0.2877610875570948,C:\Users\Admin\Desktop\ShiXiaoYu\data\FineTuneResNet\city_prototypes_per_city\per_city_cluster_20260606_141109,C:\Users\Admin\Desktop\ShiXiaoYu\data\FineTuneResNet\expert_models_runs\expert_run_stage6_9_66fold_test_12060_41860_aef_annual_64d\predictions\step6_expert_summary_student_20260606_141141.json,C:\Users\Admin\Desktop\ShiXiaoYu\data\FineTuneResNet\expert_models_runs\expert_run_stage6_9_66fold_test_12060_41860_aef_annual_64d\predictions\evaluation_student_cbsa41860_knn_k5_none.json,C:\Users\Admin\Desktop\ShiXiaoYu\data\FineTuneResNet\expert_models_runs\expert_run_stage6_9_66fold_test_12060_41860_aef_annual_64d\predictions\predictions_student_cbsa41860_knn_k5_none.csv,C:\Users\Admin\Desktop\ShiXiaoYu\data\3.26plan_tripmode_v2_66fold\folds\test_12060_41860\logs\aef_annual_64d\train.log,C:\Users\Admin\Desktop\ShiXiaoYu\data\3.26plan_tripmode_v2_66fold\folds\test_12060_41860\logs\aef_annual_64d\inference.log,0.13064160247487,0.1700807093582979,0.3984112797704315,0.0892732807235365,0.1112397253997814,0.2020961272647532,0.0731048453906418,0.1115624349956962,0.2627758556360996,test_12060_41860,8,12060,41860,5,cosine,none
aef_annual_64d,12060,0.0620035298167067,0.0782507359681763,-0.4629355070639585,C:\Users\Admin\Desktop\ShiXiaoYu\data\FineTuneResNet\city_prototypes_per_city\per_city_cluster_20260606_141254,C:\Users\Admin\Desktop\ShiXiaoYu\data\FineTuneResNet\expert_models_runs\expert_run_stage6_9_66fold_test_12060_42660_aef_annual_64d\predictions\step6_expert_summary_student_20260606_141326.json,C:\Users\Admin\Desktop\ShiXiaoYu\data\FineTuneResNet\expert_models_runs\expert_run_stage6_9_66fold_test_12060_42660_aef_annual_64d\predictions\evaluation_student_cbsa12060_knn_k5_none.json,C:\Users\Admin\Desktop\ShiXiaoYu\data\FineTuneResNet\expert_models_runs\expert_run_stage6_9_66fold_test_12060_42660_aef_annual_64d\predictions\predictions_student_cbsa12060_knn_k5_none.csv,C:\Users\Admin\Desktop\ShiXiaoYu\data\3.26plan_tripmode_v2_66fold\folds\test_12060_42660\logs\aef_annual_64d\train.log,C:\Users\Admin\Desktop\ShiXiaoYu\data\3.26plan_tripmode_v2_66fold\folds\test_12060_42660\logs\aef_annual_64d\inference.log,0.0844495879579172,0.1044190400300158,-0.4999551607899759,0.0619494984638505,0.0759471953384237,-0.943174248441352,0.0396115030283526,0.0543859725360895,0.0543228880394522,test_12060_42660,9,12060,42660,5,cosine,none
aef_annual_64d,42660,0.0678038276642681,0.0903728749242496,0.3420246516963902,C:\Users\Admin\Desktop\ShiXiaoYu\data\FineTuneResNet\city_prototypes_per_city\per_city_cluster_20260606_141254,C:\Users\Admin\Desktop\ShiXiaoYu\data\FineTuneResNet\expert_models_runs\expert_run_stage6_9_66fold_test_12060_42660_aef_annual_64d\predictions\step6_expert_summary_student_20260606_141326.json,C:\Users\Admin\Desktop\ShiXiaoYu\data\FineTuneResNet\expert_models_runs\expert_run_stage6_9_66fold_test_12060_42660_aef_annual_64d\predictions\evaluation_student_cbsa42660_knn_k5_none.json,C:\Users\Admin\Desktop\ShiXiaoYu\data\FineTuneResNet\expert_models_runs\expert_run_stage6_9_66fold_test_12060_42660_aef_annual_64d\predictions\predictions_student_cbsa42660_knn_k5_none.csv,C:\Users\Admin\Desktop\ShiXiaoYu\data\3.26plan_tripmode_v2_66fold\folds\test_12060_42660\logs\aef_annual_64d\train.log,C:\Users\Admin\Desktop\ShiXiaoYu\data\3.26plan_tripmode_v2_66fold\folds\test_12060_42660\logs\aef_annual_64d\inference.log,0.0893392661269603,0.1112104855953263,0.5210779656172283,0.0600022719634217,0.0780886415866926,0.1581969587437233,0.0540699449024224,0.08181949759073,0.346799030728219,test_12060_42660,9,12060,42660,5,cosine,none
aef_annual_64d,12060,0.0563608440733733,0.0698428449371047,-0.1539728469777911,C:\Users\Admin\Desktop\ShiXiaoYu\data\FineTuneResNet\city_prototypes_per_city\per_city_cluster_20260606_141442,C:\Users\Admin\Desktop\ShiXiaoYu\data\FineTuneResNet\expert_models_runs\expert_run_stage6_9_66fold_test_12060_47900_aef_annual_64d\predictions\step6_expert_summary_student_20260606_141517.json,C:\Users\Admin\Desktop\ShiXiaoYu\data\FineTuneResNet\expert_models_runs\expert_run_stage6_9_66fold_test_12060_47900_aef_annual_64d\predictions\evaluation_student_cbsa12060_knn_k5_none.json,C:\Users\Admin\Desktop\ShiXiaoYu\data\FineTuneResNet\expert_models_runs\expert_run_stage6_9_66fold_test_12060_47900_aef_annual_64d\predictions\predictions_student_cbsa12060_knn_k5_none.csv,C:\Users\Admin\Desktop\ShiXiaoYu\data\3.26plan_tripmode_v2_66fold\folds\test_12060_47900\logs\aef_annual_64d\train.log,C:\Users\Admin\Desktop\ShiXiaoYu\data\3.26plan_tripmode_v2_66fold\folds\test_12060_47900\logs\aef_annual_64d\inference.log,0.0771507957313706,0.092637099013046,-0.180561937212327,0.0536832858241719,0.0647201022383877,-0.4111287980980718,0.0382484506645775,0.0521713335598806,0.1297721943770255,test_12060_47900,10,12060,47900,5,cosine,none
aef_annual_64d,47900,0.0650020096774689,0.0985655731385907,0.4740357765212956,C:\Users\Admin\Desktop\ShiXiaoYu\data\FineTuneResNet\city_prototypes_per_city\per_city_cluster_20260606_141442,C:\Users\Admin\Desktop\ShiXiaoYu\data\FineTuneResNet\expert_models_runs\expert_run_stage6_9_66fold_test_12060_47900_aef_annual_64d\predictions\step6_expert_summary_student_20260606_141517.json,C:\Users\Admin\Desktop\ShiXiaoYu\data\FineTuneResNet\expert_models_runs\expert_run_stage6_9_66fold_test_12060_47900_aef_annual_64d\predictions\evaluation_student_cbsa47900_knn_k5_none.json,C:\Users\Admin\Desktop\ShiXiaoYu\data\FineTuneResNet\expert_models_runs\expert_run_stage6_9_66fold_test_12060_47900_aef_annual_64d\predictions\predictions_student_cbsa47900_knn_k5_none.csv,C:\Users\Admin\Desktop\ShiXiaoYu\data\3.26plan_tripmode_v2_66fold\folds\test_12060_47900\logs\aef_annual_64d\train.log,C:\Users\Admin\Desktop\ShiXiaoYu\data\3.26plan_tripmode_v2_66fold\folds\test_12060_47900\logs\aef_annual_64d\inference.log,0.0849672729913712,0.1228820187780752,0.5788518341271779,0.0633401522020018,0.0948271539892307,0.3967011049862524,0.0466986038390337,0.0779875466484662,0.4465543904504565,test_12060_47900,10,12060,47900,5,cosine,none
aef_annual_64d,14460,0.0782429133689417,0.1227244914266303,0.4373327162469763,C:\Users\Admin\Desktop\ShiXiaoYu\data\FineTuneResNet\city_prototypes_per_city\per_city_cluster_20260606_141626,C:\Users\Admin\Desktop\ShiXiaoYu\data\FineTuneResNet\expert_models_runs\expert_run_stage6_9_66fold_test_14460_16980_aef_annual_64d\predictions\step6_expert_summary_student_20260606_141702.json,C:\Users\Admin\Desktop\ShiXiaoYu\data\FineTuneResNet\expert_models_runs\expert_run_stage6_9_66fold_test_14460_16980_aef_annual_64d\predictions\evaluation_student_cbsa14460_knn_k5_none.json,C:\Users\Admin\Desktop\ShiXiaoYu\data\FineTuneResNet\expert_models_runs\expert_run_stage6_9_66fold_test_14460_16980_aef_annual_64d\predictions\predictions_student_cbsa14460_knn_k5_none.csv,C:\Users\Admin\Desktop\ShiXiaoYu\data\3.26plan_tripmode_v2_66fold\folds\test_14460_16980\logs\aef_annual_64d\train.log,C:\Users\Admin\Desktop\ShiXiaoYu\data\3.26plan_tripmode_v2_66fold\folds\test_14460_16980\logs\aef_annual_64d\inference.log,0.0997305182887445,0.1478071060975022,0.5785043916029086,0.0688220717386474,0.101785416605738,0.4102483478103561,0.0661761500794333,0.1185809515766507,0.3232454093276642,test_14460_16980,11,14460,16980,5,cosine,none
aef_annual_64d,16980,0.0716938348156792,0.1058870988900536,0.3248797265698367,C:\Users\Admin\Desktop\ShiXiaoYu\data\FineTuneResNet\city_prototypes_per_city\per_city_cluster_20260606_141626,C:\Users\Admin\Desktop\ShiXiaoYu\data\FineTuneResNet\expert_models_runs\expert_run_stage6_9_66fold_test_14460_16980_aef_annual_64d\predictions\step6_expert_summary_student_20260606_141702.json,C:\Users\Admin\Desktop\ShiXiaoYu\data\FineTuneResNet\expert_models_runs\expert_run_stage6_9_66fold_test_14460_16980_aef_annual_64d\predictions\evaluation_student_cbsa16980_knn_k5_none.json,C:\Users\Admin\Desktop\ShiXiaoYu\data\FineTuneResNet\expert_models_runs\expert_run_stage6_9_66fold_test_14460_16980_aef_annual_64d\predictions\predictions_student_cbsa16980_knn_k5_none.csv,C:\Users\Admin\Desktop\ShiXiaoYu\data\3.26plan_tripmode_v2_66fold\folds\test_14460_16980\logs\aef_annual_64d\train.log,C:\Users\Admin\Desktop\ShiXiaoYu\data\3.26plan_tripmode_v2_66fold\folds\test_14460_16980\logs\aef_annual_64d\inference.log,0.0959210195332489,0.1371987127132448,0.3912004296674244,0.0719178584552613,0.1099872972396307,0.3064144939372273,0.0472426264585275,0.0704752867172854,0.2770242561048585,test_14460_16980,11,14460,16980,5,cosine,none
aef_annual_64d,14460,0.0785191891793277,0.1224689836778504,0.4414026162115395,C:\Users\Admin\Desktop\ShiXiaoYu\data\FineTuneResNet\city_prototypes_per_city\per_city_cluster_20260606_141813,C:\Users\Admin\Desktop\ShiXiaoYu\data\FineTuneResNet\expert_models_runs\expert_run_stage6_9_66fold_test_14460_19100_aef_annual_64d\predictions\step6_expert_summary_student_20260606_141846.json,C:\Users\Admin\Desktop\ShiXiaoYu\data\FineTuneResNet\expert_models_runs\expert_run_stage6_9_66fold_test_14460_19100_aef_annual_64d\predictions\evaluation_student_cbsa14460_knn_k5_none.json,C:\Users\Admin\Desktop\ShiXiaoYu\data\FineTuneResNet\expert_models_runs\expert_run_stage6_9_66fold_test_14460_19100_aef_annual_64d\predictions\predictions_student_cbsa14460_knn_k5_none.csv,C:\Users\Admin\Desktop\ShiXiaoYu\data\3.26plan_tripmode_v2_66fold\folds\test_14460_19100\logs\aef_annual_64d\train.log,C:\Users\Admin\Desktop\ShiXiaoYu\data\3.26plan_tripmode_v2_66fold\folds\test_14460_19100\logs\aef_annual_64d\inference.log,0.1006631306303553,0.1484066591607708,0.5750780134776925,0.0692436596122564,0.1012510836087432,0.4164240189622413,0.0656507772953716,0.1177492082640374,0.3327058161946847,test_14460_19100,12,14460,19100,5,cosine,none
aef_annual_64d,19100,0.046796225228684,0.0660585742776858,-2.1563656613354625,C:\Users\Admin\Desktop\ShiXiaoYu\data\FineTuneResNet\city_prototypes_per_city\per_city_cluster_20260606_141813,C:\Users\Admin\Desktop\ShiXiaoYu\data\FineTuneResNet\expert_models_runs\expert_run_stage6_9_66fold_test_14460_19100_aef_annual_64d\predictions\step6_expert_summary_student_20260606_141846.json,C:\Users\Admin\Desktop\ShiXiaoYu\data\FineTuneResNet\expert_models_runs\expert_run_stage6_9_66fold_test_14460_19100_aef_annual_64d\predictions\evaluation_student_cbsa19100_knn_k5_none.json,C:\Users\Admin\Desktop\ShiXiaoYu\data\FineTuneResNet\expert_models_runs\expert_run_stage6_9_66fold_test_14460_19100_aef_annual_64d\predictions\predictions_student_cbsa19100_knn_k5_none.csv,C:\Users\Admin\Desktop\ShiXiaoYu\data\3.26plan_tripmode_v2_66fold\folds\test_14460_19100\logs\aef_annual_64d\train.log,C:\Users\Admin\Desktop\ShiXiaoYu\data\3.26plan_tripmode_v2_66fold\folds\test_14460_19100\logs\aef_annual_64d\inference.log,0.0654184021557035,0.0920966578710398,-2.111337051773729,0.039160514148254,0.0580532668965265,-4.069922783536267,0.0358097593820946,0.048025798065491,-0.2878371486963911,test_14460_19100,12,14460,19100,5,cosine,none
clay_v1_5_768d,12060,0.0618437674061413,0.0754189672838254,-0.3766649257879035,C:\Users\Admin\Desktop\ShiXiaoYu\data\FineTuneResNet\city_prototypes_per_city\per_city_cluster_20260606_142016,C:\Users\Admin\Desktop\ShiXiaoYu\data\FineTuneResNet\expert_models_runs\expert_run_stage6_9_66fold_test_12060_14460_clay_v1_5_768d\predictions\step6_expert_summary_student_20260606_142103.json,C:\Users\Admin\Desktop\ShiXiaoYu\data\FineTuneResNet\expert_models_runs\expert_run_stage6_9_66fold_test_12060_14460_clay_v1_5_768d\predictions\evaluation_student_cbsa12060_knn_k5_none.json,C:\Users\Admin\Desktop\ShiXiaoYu\data\FineTuneResNet\expert_models_runs\expert_run_stage6_9_66fold_test_12060_14460_clay_v1_5_768d\predictions\predictions_student_cbsa12060_knn_k5_none.csv,C:\Users\Admin\Desktop\ShiXiaoYu\data\3.26plan_tripmode_v2_66fold\folds\test_12060_14460\logs\clay_v1_5_768d\train.log,C:\Users\Admin\Desktop\ShiXiaoYu\data\3.26plan_tripmode_v2_66fold\folds\test_12060_14460\logs\clay_v1_5_768d\inference.log,0.0833559076492257,0.0980260404226343,-0.3219097477560055,0.0654627965995342,0.0754259336742649,-0.9165919309912308,0.036712597969664,0.0528049277545769,0.1085069013835255,test_12060_14460,0,12060,14460,5,cosine,none
clay_v1_5_768d,14460,0.09505089276195,0.1454149912044602,0.2365579615092196,C:\Users\Admin\Desktop\ShiXiaoYu\data\FineTuneResNet\city_prototypes_per_city\per_city_cluster_20260606_142016,C:\Users\Admin\Desktop\ShiXiaoYu\data\FineTuneResNet\expert_models_runs\expert_run_stage6_9_66fold_test_12060_14460_clay_v1_5_768d\predictions\step6_expert_summary_student_20260606_142103.json,C:\Users\Admin\Desktop\ShiXiaoYu\data\FineTuneResNet\expert_models_runs\expert_run_stage6_9_66fold_test_12060_14460_clay_v1_5_768d\predictions\evaluation_student_cbsa14460_knn_k5_none.json,C:\Users\Admin\Desktop\ShiXiaoYu\data\FineTuneResNet\expert_models_runs\expert_run_stage6_9_66fold_test_12060_14460_clay_v1_5_768d\predictions\predictions_student_cbsa14460_knn_k5_none.csv,C:\Users\Admin\Desktop\ShiXiaoYu\data\3.26plan_tripmode_v2_66fold\folds\test_12060_14460\logs\clay_v1_5_768d\train.log,C:\Users\Admin\Desktop\ShiXiaoYu\data\3.26plan_tripmode_v2_66fold\folds\test_12060_14460\logs\clay_v1_5_768d\inference.log,0.1296914904130745,0.1878991085496409,0.3188357206040824,0.0803393249614693,0.1111616752485931,0.2965905226970078,0.0751218629113061,0.1371841898151464,0.0942476412265688,test_12060_14460,0,12060,14460,5,cosine,none
prithvi_eo_v2_1024d,12060,0.0821568525513518,0.0985299655774418,-1.323135978128546,C:\Users\Admin\Desktop\ShiXiaoYu\data\FineTuneResNet\city_prototypes_per_city\per_city_cluster_20260606_142220,C:\Users\Admin\Desktop\ShiXiaoYu\data\FineTuneResNet\expert_models_runs\expert_run_stage6_9_66fold_test_12060_14460_prithvi_eo_v2_1024d\predictions\step6_expert_summary_student_20260606_142301.json,C:\Users\Admin\Desktop\ShiXiaoYu\data\FineTuneResNet\expert_models_runs\expert_run_stage6_9_66fold_test_12060_14460_prithvi_eo_v2_1024d\predictions\evaluation_student_cbsa12060_knn_k5_none.json,C:\Users\Admin\Desktop\ShiXiaoYu\data\FineTuneResNet\expert_models_runs\expert_run_stage6_9_66fold_test_12060_14460_prithvi_eo_v2_1024d\predictions\predictions_student_cbsa12060_knn_k5_none.csv,C:\Users\Admin\Desktop\ShiXiaoYu\data\3.26plan_tripmode_v2_66fold\folds\test_12060_14460\logs\prithvi_eo_v2_1024d\train.log,C:\Users\Admin\Desktop\ShiXiaoYu\data\3.26plan_tripmode_v2_66fold\folds\test_12060_14460\logs\prithvi_eo_v2_1024d\inference.log,0.1165921497527231,0.1368487992749898,-1.5763262975722223,0.0830256433502313,0.0971740485516063,-2.181184515058725,0.0468527645511011,0.0615670489057291,-0.2118971217546914,test_12060_14460,0,12060,14460,5,cosine,none
prithvi_eo_v2_1024d,14460,0.1082096752002188,0.1742337868156856,-0.0738103587022309,C:\Users\Admin\Desktop\ShiXiaoYu\data\FineTuneResNet\city_prototypes_per_city\per_city_cluster_20260606_142220,C:\Users\Admin\Desktop\ShiXiaoYu\data\FineTuneResNet\expert_models_runs\expert_run_stage6_9_66fold_test_12060_14460_prithvi_eo_v2_1024d\predictions\step6_expert_summary_student_20260606_142301.json,C:\Users\Admin\Desktop\ShiXiaoYu\data\FineTuneResNet\expert_models_runs\expert_run_stage6_9_66fold_test_12060_14460_prithvi_eo_v2_1024d\predictions\evaluation_student_cbsa14460_knn_k5_none.json,C:\Users\Admin\Desktop\ShiXiaoYu\data\FineTuneResNet\expert_models_runs\expert_run_stage6_9_66fold_test_12060_14460_prithvi_eo_v2_1024d\predictions\predictions_student_cbsa14460_knn_k5_none.csv,C:\Users\Admin\Desktop\ShiXiaoYu\data\3.26plan_tripmode_v2_66fold\folds\test_12060_14460\logs\prithvi_eo_v2_1024d\train.log,C:\Users\Admin\Desktop\ShiXiaoYu\data\3.26plan_tripmode_v2_66fold\folds\test_12060_14460\logs\prithvi_eo_v2_1024d\inference.log,0.1550565766205684,0.2359407300607354,-0.0740098482747224,0.0906014937460825,0.1366260450184735,-0.0625883319845534,0.0789709552340056,0.1501345853678478,-0.0848328958474169,test_12060_14460,0,12060,14460,5,cosine,none
imagenet_pretrain,12060,0.0589598042484567,0.0737355425027886,-0.2957945679665245,C:\Users\Admin\Desktop\ShiXiaoYu\data\FineTuneResNet\city_prototypes_per_city\per_city_cluster_20260606_142420,C:\Users\Admin\Desktop\ShiXiaoYu\data\FineTuneResNet\expert_models_runs\expert_run_stage6_9_66fold_test_12060_14460_imagenet_pretrain\predictions\step6_expert_summary_student_20260606_142512.json,C:\Users\Admin\Desktop\ShiXiaoYu\data\FineTuneResNet\expert_models_runs\expert_run_stage6_9_66fold_test_12060_14460_imagenet_pretrain\predictions\evaluation_student_cbsa12060_knn_k5_none.json,C:\Users\Admin\Desktop\ShiXiaoYu\data\FineTuneResNet\expert_models_runs\expert_run_stage6_9_66fold_test_12060_14460_imagenet_pretrain\predictions\predictions_student_cbsa12060_knn_k5_none.csv,C:\Users\Admin\Desktop\ShiXiaoYu\data\3.26plan_tripmode_v2_66fold\folds\test_12060_14460\logs\imagenet_pretrain\train.log,C:\Users\Admin\Desktop\ShiXiaoYu\data\3.26plan_tripmode_v2_66fold\folds\test_12060_14460\logs\imagenet_pretrain\inference.log,0.0798105945257516,0.0965096638923482,-0.281328512745665,0.0589119625913963,0.0698985716303807,-0.6459811897726764,0.0381568556282224,0.0547983919856369,0.0399259986187677,test_12060_14460,0,12060,14460,5,cosine,none
imagenet_pretrain,14460,0.09972082281481,0.1553884779880052,0.1368755877724309,C:\Users\Admin\Desktop\ShiXiaoYu\data\FineTuneResNet\city_prototypes_per_city\per_city_cluster_20260606_142420,C:\Users\Admin\Desktop\ShiXiaoYu\data\FineTuneResNet\expert_models_runs\expert_run_stage6_9_66fold_test_12060_14460_imagenet_pretrain\predictions\step6_expert_summary_student_20260606_142512.json,C:\Users\Admin\Desktop\ShiXiaoYu\data\FineTuneResNet\expert_models_runs\expert_run_stage6_9_66fold_test_12060_14460_imagenet_pretrain\predictions\evaluation_student_cbsa14460_knn_k5_none.json,C:\Users\Admin\Desktop\ShiXiaoYu\data\FineTuneResNet\expert_models_runs\expert_run_stage6_9_66fold_test_12060_14460_imagenet_pretrain\predictions\predictions_student_cbsa14460_knn_k5_none.csv,C:\Users\Admin\Desktop\ShiXiaoYu\data\3.26plan_tripmode_v2_66fold\folds\test_12060_14460\logs\imagenet_pretrain\train.log,C:\Users\Admin\Desktop\ShiXiaoYu\data\3.26plan_tripmode_v2_66fold\folds\test_12060_14460\logs\imagenet_pretrain\inference.log,0.1390132615774797,0.2051372016972593,0.1881210529297519,0.0851704572946411,0.1219317818842593,0.1536852886235016,0.0749787495723093,0.1390964503824969,0.0688204217640393,test_12060_14460,0,12060,14460,5,cosine,none
satellite_pretrain,12060,0.0577363468243288,0.0746264821357496,-0.3270518123384631,C:\Users\Admin\Desktop\ShiXiaoYu\data\FineTuneResNet\city_prototypes_per_city\per_city_cluster_20260606_142630,C:\Users\Admin\Desktop\ShiXiaoYu\data\FineTuneResNet\expert_models_runs\expert_run_stage6_9_66fold_test_12060_14460_satellite_pretrain\predictions\step6_expert_summary_student_20260606_142717.json,C:\Users\Admin\Desktop\ShiXiaoYu\data\FineTuneResNet\expert_models_runs\expert_run_stage6_9_66fold_test_12060_14460_satellite_pretrain\predictions\evaluation_student_cbsa12060_knn_k5_none.json,C:\Users\Admin\Desktop\ShiXiaoYu\data\FineTuneResNet\expert_models_runs\expert_run_stage6_9_66fold_test_12060_14460_satellite_pretrain\predictions\predictions_student_cbsa12060_knn_k5_none.csv,C:\Users\Admin\Desktop\ShiXiaoYu\data\3.26plan_tripmode_v2_66fold\folds\test_12060_14460\logs\satellite_pretrain\train.log,C:\Users\Admin\Desktop\ShiXiaoYu\data\3.26plan_tripmode_v2_66fold\folds\test_12060_14460\logs\satellite_pretrain\inference.log,0.0784423891197056,0.0978720332752593,-0.3177593480248784,0.0570528587501173,0.070818330216133,-0.689583387592446,0.0377137926031634,0.0551890829158566,0.026187298601935,test_12060_14460,0,12060,14460,5,cosine,none
satellite_pretrain,14460,0.1086745601165323,0.1758536687148524,-0.0946040098427064,C:\Users\Admin\Desktop\ShiXiaoYu\data\FineTuneResNet\city_prototypes_per_city\per_city_cluster_20260606_142630,C:\Users\Admin\Desktop\ShiXiaoYu\data\FineTuneResNet\expert_models_runs\expert_run_stage6_9_66fold_test_12060_14460_satellite_pretrain\predictions\step6_expert_summary_student_20260606_142717.json,C:\Users\Admin\Desktop\ShiXiaoYu\data\FineTuneResNet\expert_models_runs\expert_run_stage6_9_66fold_test_12060_14460_satellite_pretrain\predictions\evaluation_student_cbsa14460_knn_k5_none.json,C:\Users\Admin\Desktop\ShiXiaoYu\data\FineTuneResNet\expert_models_runs\expert_run_stage6_9_66fold_test_12060_14460_satellite_pretrain\predictions\predictions_student_cbsa14460_knn_k5_none.csv,C:\Users\Admin\Desktop\ShiXiaoYu\data\3.26plan_tripmode_v2_66fold\folds\test_12060_14460\logs\satellite_pretrain\train.log,C:\Users\Admin\Desktop\ShiXiaoYu\data\3.26plan_tripmode_v2_66fold\folds\test_12060_14460\logs\satellite_pretrain\inference.log,0.1556467955546488,0.2383647679842166,-0.0961918122074689,0.0915992072702931,0.140364044319635,-0.1215271599465723,0.078777677524655,0.1488321938407056,-0.0660930573740781,test_12060_14460,0,12060,14460,5,cosine,none
single_task_backbone_finetune,12060,0.0524469119113676,0.067939183394235,-0.0958867128264602,C:\Users\Admin\Desktop\ShiXiaoYu\data\FineTuneResNet\city_prototypes_per_city\per_city_cluster_20260606_142834,C:\Users\Admin\Desktop\ShiXiaoYu\data\FineTuneResNet\expert_models_runs\expert_run_stage6_9_66fold_test_12060_14460_single_task_backbone_finetune\predictions\step6_expert_summary_student_20260606_142926.json,C:\Users\Admin\Desktop\ShiXiaoYu\data\FineTuneResNet\expert_models_runs\expert_run_stage6_9_66fold_test_12060_14460_single_task_backbone_finetune\predictions\evaluation_student_cbsa12060_knn_k5_none.json,C:\Users\Admin\Desktop\ShiXiaoYu\data\FineTuneResNet\expert_models_runs\expert_run_stage6_9_66fold_test_12060_14460_single_task_backbone_finetune\predictions\predictions_student_cbsa12060_knn_k5_none.csv,C:\Users\Admin\Desktop\ShiXiaoYu\data\3.26plan_tripmode_v2_66fold\folds\test_12060_14460\logs\single_task_backbone_finetune\train.log,C:\Users\Admin\Desktop\ShiXiaoYu\data\3.26plan_tripmode_v2_66fold\folds\test_12060_14460\logs\single_task_backbone_finetune\inference.log,0.0698565372961536,0.0876945217415662,-0.0579467578307544,0.0497860368783064,0.0617358398431882,-0.283993977829897,0.0376981615596426,0.0543871885979507,0.0542805971812706,test_12060_14460,0,12060,14460,5,cosine,none
single_task_backbone_finetune,14460,0.0965741238086355,0.1378188395370615,0.3057994379032585,C:\Users\Admin\Desktop\ShiXiaoYu\data\FineTuneResNet\city_prototypes_per_city\per_city_cluster_20260606_142834,C:\Users\Admin\Desktop\ShiXiaoYu\data\FineTuneResNet\expert_models_runs\expert_run_stage6_9_66fold_test_12060_14460_single_task_backbone_finetune\predictions\step6_expert_summary_student_20260606_142926.json,C:\Users\Admin\Desktop\ShiXiaoYu\data\FineTuneResNet\expert_models_runs\expert_run_stage6_9_66fold_test_12060_14460_single_task_backbone_finetune\predictions\evaluation_student_cbsa14460_knn_k5_none.json,C:\Users\Admin\Desktop\ShiXiaoYu\data\FineTuneResNet\expert_models_runs\expert_run_stage6_9_66fold_test_12060_14460_single_task_backbone_finetune\predictions\predictions_student_cbsa14460_knn_k5_none.csv,C:\Users\Admin\Desktop\ShiXiaoYu\data\3.26plan_tripmode_v2_66fold\folds\test_12060_14460\logs\single_task_backbone_finetune\train.log,C:\Users\Admin\Desktop\ShiXiaoYu\data\3.26plan_tripmode_v2_66fold\folds\test_12060_14460\logs\single_task_backbone_finetune\inference.log,0.1301355128717341,0.1738589890762795,0.4168279166493404,0.0856476073437131,0.1144566866312694,0.2542721060563047,0.0739392512104592,0.1251408429036355,0.2462982910041303,test_12060_14460,0,12060,14460,5,cosine,none
clay_v1_5_768d,12060,0.0612942412184084,0.0767317096404474,-0.4017884442621349,C:\Users\Admin\Desktop\ShiXiaoYu\data\FineTuneResNet\city_prototypes_per_city\per_city_cluster_20260606_173228,C:\Users\Admin\Desktop\ShiXiaoYu\data\FineTuneResNet\expert_models_runs\expert_run_stage6_9_66fold_test_12060_16980_clay_v1_5_768d\predictions\step6_expert_summary_student_20260606_173320.json,C:\Users\Admin\Desktop\ShiXiaoYu\data\FineTuneResNet\expert_models_runs\expert_run_stage6_9_66fold_test_12060_16980_clay_v1_5_768d\predictions\evaluation_student_cbsa12060_knn_k5_none.json,C:\Users\Admin\Desktop\ShiXiaoYu\data\FineTuneResNet\expert_models_runs\expert_run_stage6_9_66fold_test_12060_16980_clay_v1_5_768d\predictions\predictions_student_cbsa12060_knn_k5_none.csv,C:\Users\Admin\Desktop\ShiXiaoYu\data\3.26plan_tripmode_v2_66fold\folds\test_12060_16980\logs\clay_v1_5_768d\train.log,C:\Users\Admin\Desktop\ShiXiaoYu\data\3.26plan_tripmode_v2_66fold\folds\test_12060_16980\logs\clay_v1_5_768d\inference.log,0.0842324371259556,0.102381948581928,-0.4420013471040083,0.0612442255760637,0.0735170240250999,-0.8208077891394663,0.0384060609532059,0.0542961563143144,0.0574438034570696,test_12060_16980,1,12060,16980,5,cosine,none
clay_v1_5_768d,16980,0.0895053932716049,0.1383565076936642,-0.1110260255792812,C:\Users\Admin\Desktop\ShiXiaoYu\data\FineTuneResNet\city_prototypes_per_city\per_city_cluster_20260606_173228,C:\Users\Admin\Desktop\ShiXiaoYu\data\FineTuneResNet\expert_models_runs\expert_run_stage6_9_66fold_test_12060_16980_clay_v1_5_768d\predictions\step6_expert_summary_student_20260606_173320.json,C:\Users\Admin\Desktop\ShiXiaoYu\data\FineTuneResNet\expert_models_runs\expert_run_stage6_9_66fold_test_12060_16980_clay_v1_5_768d\predictions\evaluation_student_cbsa16980_knn_k5_none.json,C:\Users\Admin\Desktop\ShiXiaoYu\data\FineTuneResNet\expert_models_runs\expert_run_stage6_9_66fold_test_12060_16980_clay_v1_5_768d\predictions\predictions_student_cbsa16980_knn_k5_none.csv,C:\Users\Admin\Desktop\ShiXiaoYu\data\3.26plan_tripmode_v2_66fold\folds\test_12060_16980\logs\clay_v1_5_768d\train.log,C:\Users\Admin\Desktop\ShiXiaoYu\data\3.26plan_tripmode_v2_66fold\folds\test_12060_16980\logs\clay_v1_5_768d\inference.log,0.1229185516283035,0.1840662427333073,-0.0957779545310375,0.0995296273291137,0.1512801189072119,-0.3121354326922332,0.0460680008573976,0.0797231614404736,0.074835310485427,test_12060_16980,1,12060,16980,5,cosine,none
prithvi_eo_v2_1024d,12060,0.0861684261308582,0.1014018301556464,-1.448966954764354,C:\Users\Admin\Desktop\ShiXiaoYu\data\FineTuneResNet\city_prototypes_per_city\per_city_cluster_20260606_173432,C:\Users\Admin\Desktop\ShiXiaoYu\data\FineTuneResNet\expert_models_runs\expert_run_stage6_9_66fold_test_12060_16980_prithvi_eo_v2_1024d\predictions\step6_expert_summary_student_20260606_173521.json,C:\Users\Admin\Desktop\ShiXiaoYu\data\FineTuneResNet\expert_models_runs\expert_run_stage6_9_66fold_test_12060_16980_prithvi_eo_v2_1024d\predictions\evaluation_student_cbsa12060_knn_k5_none.json,C:\Users\Admin\Desktop\ShiXiaoYu\data\FineTuneResNet\expert_models_runs\expert_run_stage6_9_66fold_test_12060_16980_prithvi_eo_v2_1024d\predictions\predictions_student_cbsa12060_knn_k5_none.csv,C:\Users\Admin\Desktop\ShiXiaoYu\data\3.26plan_tripmode_v2_66fold\folds\test_12060_16980\logs\prithvi_eo_v2_1024d\train.log,C:\Users\Admin\Desktop\ShiXiaoYu\data\3.26plan_tripmode_v2_66fold\folds\test_12060_16980\logs\prithvi_eo_v2_1024d\inference.log,0.1222290419965337,0.1412615638203095,-1.7451552055348616,0.0860133839441354,0.098711568297199,-2.282648406806506,0.0502628524519057,0.0642323583494306,-0.3190972519516948,test_12060_16980,1,12060,16980,5,cosine,none
prithvi_eo_v2_1024d,16980,0.0930122491860129,0.1403907150844837,-0.1403074475831066,C:\Users\Admin\Desktop\ShiXiaoYu\data\FineTuneResNet\city_prototypes_per_city\per_city_cluster_20260606_173432,C:\Users\Admin\Desktop\ShiXiaoYu\data\FineTuneResNet\expert_models_runs\expert_run_stage6_9_66fold_test_12060_16980_prithvi_eo_v2_1024d\predictions\step6_expert_summary_student_20260606_173521.json,C:\Users\Admin\Desktop\ShiXiaoYu\data\FineTuneResNet\expert_models_runs\expert_run_stage6_9_66fold_test_12060_16980_prithvi_eo_v2_1024d\predictions\evaluation_student_cbsa16980_knn_k5_none.json,C:\Users\Admin\Desktop\ShiXiaoYu\data\FineTuneResNet\expert_models_runs\expert_run_stage6_9_66fold_test_12060_16980_prithvi_eo_v2_1024d\predictions\predictions_student_cbsa16980_knn_k5_none.csv,C:\Users\Admin\Desktop\ShiXiaoYu\data\3.26plan_tripmode_v2_66fold\folds\test_12060_16980\logs\prithvi_eo_v2_1024d\train.log,C:\Users\Admin\Desktop\ShiXiaoYu\data\3.26plan_tripmode_v2_66fold\folds\test_12060_16980\logs\prithvi_eo_v2_1024d\inference.log,0.1307746121483577,0.188759337361394,-0.15236790026781,0.1020073137738685,0.1515615427880538,-0.3170218608395123,0.0462548216358125,0.0808512651040034,0.0484674183580023,test_12060_16980,1,12060,16980,5,cosine,none
imagenet_pretrain,12060,0.0595737238441257,0.0751079909898829,-0.337818464235039,C:\Users\Admin\Desktop\ShiXiaoYu\data\FineTuneResNet\city_prototypes_per_city\per_city_cluster_20260606_173635,C:\Users\Admin\Desktop\ShiXiaoYu\data\FineTuneResNet\expert_models_runs\expert_run_stage6_9_66fold_test_12060_16980_imagenet_pretrain\predictions\step6_expert_summary_student_20260606_173732.json,C:\Users\Admin\Desktop\ShiXiaoYu\data\FineTuneResNet\expert_models_runs\expert_run_stage6_9_66fold_test_12060_16980_imagenet_pretrain\predictions\evaluation_student_cbsa12060_knn_k5_none.json,C:\Users\Admin\Desktop\ShiXiaoYu\data\FineTuneResNet\expert_models_runs\expert_run_stage6_9_66fold_test_12060_16980_imagenet_pretrain\predictions\predictions_student_cbsa12060_knn_k5_none.csv,C:\Users\Admin\Desktop\ShiXiaoYu\data\3.26plan_tripmode_v2_66fold\folds\test_12060_16980\logs\imagenet_pretrain\train.log,C:\Users\Admin\Desktop\ShiXiaoYu\data\3.26plan_tripmode_v2_66fold\folds\test_12060_16980\logs\imagenet_pretrain\inference.log,0.0811836941772497,0.0993595910924589,-0.3581210331648687,0.058543899590781,0.0702774492025043,-0.6638732722264216,0.0389935777643465,0.0556869326746855,0.0085389126861733,test_12060_16980,1,12060,16980,5,cosine,none
imagenet_pretrain,16980,0.0863493177836522,0.1328733221532987,-0.0299788326415564,C:\Users\Admin\Desktop\ShiXiaoYu\data\FineTuneResNet\city_prototypes_per_city\per_city_cluster_20260606_173635,C:\Users\Admin\Desktop\ShiXiaoYu\data\FineTuneResNet\expert_models_runs\expert_run_stage6_9_66fold_test_12060_16980_imagenet_pretrain\predictions\step6_expert_summary_student_20260606_173732.json,C:\Users\Admin\Desktop\ShiXiaoYu\data\FineTuneResNet\expert_models_runs\expert_run_stage6_9_66fold_test_12060_16980_imagenet_pretrain\predictions\evaluation_student_cbsa16980_knn_k5_none.json,C:\Users\Admin\Desktop\ShiXiaoYu\data\FineTuneResNet\expert_models_runs\expert_run_stage6_9_66fold_test_12060_16980_imagenet_pretrain\predictions\predictions_student_cbsa16980_knn_k5_none.csv,C:\Users\Admin\Desktop\ShiXiaoYu\data\3.26plan_tripmode_v2_66fold\folds\test_12060_16980\logs\imagenet_pretrain\train.log,C:\Users\Admin\Desktop\ShiXiaoYu\data\3.26plan_tripmode_v2_66fold\folds\test_12060_16980\logs\imagenet_pretrain\inference.log,0.118932499541008,0.1760207675943915,-0.0020792866908319,0.0948355995236343,0.1440456030618901,-0.1896383642607049,0.0452798542863144,0.0785535958036145,0.1017811530268674,test_12060_16980,1,12060,16980,5,cosine,none
satellite_pretrain,12060,0.0705519257637099,0.0867316450359228,-0.7750363421266976,C:\Users\Admin\Desktop\ShiXiaoYu\data\FineTuneResNet\city_prototypes_per_city\per_city_cluster_20260606_173843,C:\Users\Admin\Desktop\ShiXiaoYu\data\FineTuneResNet\expert_models_runs\expert_run_stage6_9_66fold_test_12060_16980_satellite_pretrain\predictions\step6_expert_summary_student_20260606_173937.json,C:\Users\Admin\Desktop\ShiXiaoYu\data\FineTuneResNet\expert_models_runs\expert_run_stage6_9_66fold_test_12060_16980_satellite_pretrain\predictions\evaluation_student_cbsa12060_knn_k5_none.json,C:\Users\Admin\Desktop\ShiXiaoYu\data\FineTuneResNet\expert_models_runs\expert_run_stage6_9_66fold_test_12060_16980_satellite_pretrain\predictions\predictions_student_cbsa12060_knn_k5_none.csv,C:\Users\Admin\Desktop\ShiXiaoYu\data\3.26plan_tripmode_v2_66fold\folds\test_12060_16980\logs\satellite_pretrain\train.log,C:\Users\Admin\Desktop\ShiXiaoYu\data\3.26plan_tripmode_v2_66fold\folds\test_12060_16980\logs\satellite_pretrain\inference.log,0.0984562817581866,0.1185206247207042,-0.93244324642981,0.0674640753184316,0.081332775676487,-1.2285349702444268,0.0457354202145117,0.0603415347105773,-0.1641308097058558,test_12060_16980,1,12060,16980,5,cosine,none
satellite_pretrain,16980,0.0884865311294224,0.1295648598064463,0.0168755528956849,C:\Users\Admin\Desktop\ShiXiaoYu\data\FineTuneResNet\city_prototypes_per_city\per_city_cluster_20260606_173843,C:\Users\Admin\Desktop\ShiXiaoYu\data\FineTuneResNet\expert_models_runs\expert_run_stage6_9_66fold_test_12060_16980_satellite_pretrain\predictions\step6_expert_summary_student_20260606_173937.json,C:\Users\Admin\Desktop\ShiXiaoYu\data\FineTuneResNet\expert_models_runs\expert_run_stage6_9_66fold_test_12060_16980_satellite_pretrain\predictions\evaluation_student_cbsa16980_knn_k5_none.json,C:\Users\Admin\Desktop\ShiXiaoYu\data\FineTuneResNet\expert_models_runs\expert_run_stage6_9_66fold_test_12060_16980_satellite_pretrain\predictions\predictions_student_cbsa16980_knn_k5_none.csv,C:\Users\Admin\Desktop\ShiXiaoYu\data\3.26plan_tripmode_v2_66fold\folds\test_12060_16980\logs\satellite_pretrain\train.log,C:\Users\Admin\Desktop\ShiXiaoYu\data\3.26plan_tripmode_v2_66fold\folds\test_12060_16980\logs\satellite_pretrain\inference.log,0.1225120614229385,0.171106948039506,0.0530881440876891,0.096567709091096,0.139630209264723,-0.1178247641131617,0.0463798228742328,0.0779574221151097,0.1153632787125275,test_12060_16980,1,12060,16980,5,cosine,none
single_task_backbone_finetune,12060,0.057171408706089,0.0732969581370074,-0.271226157516416,C:\Users\Admin\Desktop\ShiXiaoYu\data\FineTuneResNet\city_prototypes_per_city\per_city_cluster_20260606_174050,C:\Users\Admin\Desktop\ShiXiaoYu\data\FineTuneResNet\expert_models_runs\expert_run_stage6_9_66fold_test_12060_16980_single_task_backbone_finetune\predictions\step6_expert_summary_student_20260606_174150.json,C:\Users\Admin\Desktop\ShiXiaoYu\data\FineTuneResNet\expert_models_runs\expert_run_stage6_9_66fold_test_12060_16980_single_task_backbone_finetune\predictions\evaluation_student_cbsa12060_knn_k5_none.json,C:\Users\Admin\Desktop\ShiXiaoYu\data\FineTuneResNet\expert_models_runs\expert_run_stage6_9_66fold_test_12060_16980_single_task_backbone_finetune\predictions\predictions_student_cbsa12060_knn_k5_none.csv,C:\Users\Admin\Desktop\ShiXiaoYu\data\3.26plan_tripmode_v2_66fold\folds\test_12060_16980\logs\single_task_backbone_finetune\train.log,C:\Users\Admin\Desktop\ShiXiaoYu\data\3.26plan_tripmode_v2_66fold\folds\test_12060_16980\logs\single_task_backbone_finetune\inference.log,0.0769172577179905,0.0959514692897051,-0.2665494274545967,0.0539439242089889,0.0667986666201296,-0.503224525279945,0.0406530441912875,0.0571407385011876,-0.0439045198147063,test_12060_16980,1,12060,16980,5,cosine,none
single_task_backbone_finetune,16980,0.0798136206454491,0.1111423223710917,0.2038059674714254,C:\Users\Admin\Desktop\ShiXiaoYu\data\FineTuneResNet\city_prototypes_per_city\per_city_cluster_20260606_174050,C:\Users\Admin\Desktop\ShiXiaoYu\data\FineTuneResNet\expert_models_runs\expert_run_stage6_9_66fold_test_12060_16980_single_task_backbone_finetune\predictions\step6_expert_summary_student_20260606_174150.json,C:\Users\Admin\Desktop\ShiXiaoYu\data\FineTuneResNet\expert_models_runs\expert_run_stage6_9_66fold_test_12060_16980_single_task_backbone_finetune\predictions\evaluation_student_cbsa16980_knn_k5_none.json,C:\Users\Admin\Desktop\ShiXiaoYu\data\FineTuneResNet\expert_models_runs\expert_run_stage6_9_66fold_test_12060_16980_single_task_backbone_finetune\predictions\predictions_student_cbsa16980_knn_k5_none.csv,C:\Users\Admin\Desktop\ShiXiaoYu\data\3.26plan_tripmode_v2_66fold\folds\test_12060_16980\logs\single_task_backbone_finetune\train.log,C:\Users\Admin\Desktop\ShiXiaoYu\data\3.26plan_tripmode_v2_66fold\folds\test_12060_16980\logs\single_task_backbone_finetune\inference.log,0.0980096525709902,0.1330216779450296,0.4277061121289363,0.0838068562005547,0.1153188099350896,0.2375431812859308,0.0576243531648022,0.0850864792331558,-0.0538313910005909,test_12060_16980,1,12060,16980,5,cosine,none
clay_v1_5_768d,12060,0.0637448885222923,0.0777579113198485,-0.4419566894278894,C:\Users\Admin\Desktop\ShiXiaoYu\data\FineTuneResNet\city_prototypes_per_city\per_city_cluster_20260606_174258,C:\Users\Admin\Desktop\ShiXiaoYu\data\FineTuneResNet\expert_models_runs\expert_run_stage6_9_66fold_test_12060_19100_clay_v1_5_768d\predictions\step6_expert_summary_student_20260606_174351.json,C:\Users\Admin\Desktop\ShiXiaoYu\data\FineTuneResNet\expert_models_runs\expert_run_stage6_9_66fold_test_12060_19100_clay_v1_5_768d\predictions\evaluation_student_cbsa12060_knn_k5_none.json,C:\Users\Admin\Desktop\ShiXiaoYu\data\FineTuneResNet\expert_models_runs\expert_run_stage6_9_66fold_test_12060_19100_clay_v1_5_768d\predictions\predictions_student_cbsa12060_knn_k5_none.csv,C:\Users\Admin\Desktop\ShiXiaoYu\data\3.26plan_tripmode_v2_66fold\folds\test_12060_19100\logs\clay_v1_5_768d\train.log,C:\Users\Admin\Desktop\ShiXiaoYu\data\3.26plan_tripmode_v2_66fold\folds\test_12060_19100\logs\clay_v1_5_768d\inference.log,0.0878111081167292,0.1040203716426564,-0.4885234685979533,0.064405971460908,0.075079821468361,-0.8990426920141112,0.0390175859892398,0.054173540848528,0.0616960923283963,test_12060_19100,2,12060,19100,5,cosine,none
clay_v1_5_768d,19100,0.0906013823782759,0.1076464466071156,-7.705065640056606,C:\Users\Admin\Desktop\ShiXiaoYu\data\FineTuneResNet\city_prototypes_per_city\per_city_cluster_20260606_174258,C:\Users\Admin\Desktop\ShiXiaoYu\data\FineTuneResNet\expert_models_runs\expert_run_stage6_9_66fold_test_12060_19100_clay_v1_5_768d\predictions\step6_expert_summary_student_20260606_174351.json,C:\Users\Admin\Desktop\ShiXiaoYu\data\FineTuneResNet\expert_models_runs\expert_run_stage6_9_66fold_test_12060_19100_clay_v1_5_768d\predictions\evaluation_student_cbsa19100_knn_k5_none.json,C:\Users\Admin\Desktop\ShiXiaoYu\data\FineTuneResNet\expert_models_runs\expert_run_stage6_9_66fold_test_12060_19100_clay_v1_5_768d\predictions\predictions_student_cbsa19100_knn_k5_none.csv,C:\Users\Admin\Desktop\ShiXiaoYu\data\3.26plan_tripmode_v2_66fold\folds\test_12060_19100\logs\clay_v1_5_768d\train.log,C:\Users\Admin\Desktop\ShiXiaoYu\data\3.26plan_tripmode_v2_66fold\folds\test_12060_19100\logs\clay_v1_5_768d\inference.log,0.1321475499268102,0.1560542234646929,-7.279656213087096,0.083936313467554,0.0993333745346902,-14.550109527538316,0.0557202837404635,0.0675517418219637,-1.2854311795444056,test_12060_19100,2,12060,19100,5,cosine,none
prithvi_eo_v2_1024d,12060,0.0900903806526675,0.1057700620593892,-1.6870696511739531,C:\Users\Admin\Desktop\ShiXiaoYu\data\FineTuneResNet\city_prototypes_per_city\per_city_cluster_20260606_174503,C:\Users\Admin\Desktop\ShiXiaoYu\data\FineTuneResNet\expert_models_runs\expert_run_stage6_9_66fold_test_12060_19100_prithvi_eo_v2_1024d\predictions\step6_expert_summary_student_20260606_174549.json,C:\Users\Admin\Desktop\ShiXiaoYu\data\FineTuneResNet\expert_models_runs\expert_run_stage6_9_66fold_test_12060_19100_prithvi_eo_v2_1024d\predictions\evaluation_student_cbsa12060_knn_k5_none.json,C:\Users\Admin\Desktop\ShiXiaoYu\data\FineTuneResNet\expert_models_runs\expert_run_stage6_9_66fold_test_12060_19100_prithvi_eo_v2_1024d\predictions\predictions_student_cbsa12060_knn_k5_none.csv,C:\Users\Admin\Desktop\ShiXiaoYu\data\3.26plan_tripmode_v2_66fold\folds\test_12060_19100\logs\prithvi_eo_v2_1024d\train.log,C:\Users\Admin\Desktop\ShiXiaoYu\data\3.26plan_tripmode_v2_66fold\folds\test_12060_19100\logs\prithvi_eo_v2_1024d\inference.log,0.128167331924193,0.1476809235382674,-2.0003207344632528,0.0917356787774479,0.105378348737176,-2.741028730894356,0.0503681312563617,0.0642509139027241,-0.3198594881642509,test_12060_19100,2,12060,19100,5,cosine,none
prithvi_eo_v2_1024d,19100,0.0948928924352116,0.1096503052485958,-8.917175062094618,C:\Users\Admin\Desktop\ShiXiaoYu\data\FineTuneResNet\city_prototypes_per_city\per_city_cluster_20260606_174503,C:\Users\Admin\Desktop\ShiXiaoYu\data\FineTuneResNet\expert_models_runs\expert_run_stage6_9_66fold_test_12060_19100_prithvi_eo_v2_1024d\predictions\step6_expert_summary_student_20260606_174549.json,C:\Users\Admin\Desktop\ShiXiaoYu\data\FineTuneResNet\expert_models_runs\expert_run_stage6_9_66fold_test_12060_19100_prithvi_eo_v2_1024d\predictions\evaluation_student_cbsa19100_knn_k5_none.json,C:\Users\Admin\Desktop\ShiXiaoYu\data\FineTuneResNet\expert_models_runs\expert_run_stage6_9_66fold_test_12060_19100_prithvi_eo_v2_1024d\predictions\predictions_student_cbsa19100_knn_k5_none.csv,C:\Users\Admin\Desktop\ShiXiaoYu\data\3.26plan_tripmode_v2_66fold\folds\test_12060_19100\logs\prithvi_eo_v2_1024d\train.log,C:\Users\Admin\Desktop\ShiXiaoYu\data\3.26plan_tripmode_v2_66fold\folds\test_12060_19100\logs\prithvi_eo_v2_1024d\inference.log,0.1346643529147646,0.1545714260799273,-7.123060317051969,0.0985005302202778,0.1116925320759804,-18.660354590031776,0.0515137941705924,0.0626869575898798,-0.9681102792001076,test_12060_19100,2,12060,19100,5,cosine,none
imagenet_pretrain,12060,0.0655702257132012,0.0790163082040487,-0.4874003867374497,C:\Users\Admin\Desktop\ShiXiaoYu\data\FineTuneResNet\city_prototypes_per_city\per_city_cluster_20260606_174700,C:\Users\Admin\Desktop\ShiXiaoYu\data\FineTuneResNet\expert_models_runs\expert_run_stage6_9_66fold_test_12060_19100_imagenet_pretrain\predictions\step6_expert_summary_student_20260606_174755.json,C:\Users\Admin\Desktop\ShiXiaoYu\data\FineTuneResNet\expert_models_runs\expert_run_stage6_9_66fold_test_12060_19100_imagenet_pretrain\predictions\evaluation_student_cbsa12060_knn_k5_none.json,C:\Users\Admin\Desktop\ShiXiaoYu\data\FineTuneResNet\expert_models_runs\expert_run_stage6_9_66fold_test_12060_19100_imagenet_pretrain\predictions\predictions_student_cbsa12060_knn_k5_none.csv,C:\Users\Admin\Desktop\ShiXiaoYu\data\3.26plan_tripmode_v2_66fold\folds\test_12060_19100\logs\imagenet_pretrain\train.log,C:\Users\Admin\Desktop\ShiXiaoYu\data\3.26plan_tripmode_v2_66fold\folds\test_12060_19100\logs\imagenet_pretrain\inference.log,0.0903992774397411,0.1053064231282832,-0.5255575914652435,0.0660002750033099,0.0758268889359014,-0.9370228391068234,0.0403111246965526,0.0559156125479616,0.0003792703597176,test_12060_19100,2,12060,19100,5,cosine,none
imagenet_pretrain,19100,0.0680337776290149,0.0805072567555589,-3.854403712114523,C:\Users\Admin\Desktop\ShiXiaoYu\data\FineTuneResNet\city_prototypes_per_city\per_city_cluster_20260606_174700,C:\Users\Admin\Desktop\ShiXiaoYu\data\FineTuneResNet\expert_models_runs\expert_run_stage6_9_66fold_test_12060_19100_imagenet_pretrain\predictions\step6_expert_summary_student_20260606_174755.json,C:\Users\Admin\Desktop\ShiXiaoYu\data\FineTuneResNet\expert_models_runs\expert_run_stage6_9_66fold_test_12060_19100_imagenet_pretrain\predictions\evaluation_student_cbsa19100_knn_k5_none.json,C:\Users\Admin\Desktop\ShiXiaoYu\data\FineTuneResNet\expert_models_runs\expert_run_stage6_9_66fold_test_12060_19100_imagenet_pretrain\predictions\predictions_student_cbsa19100_knn_k5_none.csv,C:\Users\Admin\Desktop\ShiXiaoYu\data\3.26plan_tripmode_v2_66fold\folds\test_12060_19100\logs\imagenet_pretrain\train.log,C:\Users\Admin\Desktop\ShiXiaoYu\data\3.26plan_tripmode_v2_66fold\folds\test_12060_19100\logs\imagenet_pretrain\inference.log,0.0968438009061952,0.1129262565171006,-3.335619029209896,0.0649089069619752,0.0745832709176438,-7.766493699240332,0.0423486250188743,0.0540122428319325,-0.4610984078933411,test_12060_19100,2,12060,19100,5,cosine,none
satellite_pretrain,12060,0.074611868135193,0.0900229493861968,-0.9281365419615456,C:\Users\Admin\Desktop\ShiXiaoYu\data\FineTuneResNet\city_prototypes_per_city\per_city_cluster_20260606_174904,C:\Users\Admin\Desktop\ShiXiaoYu\data\FineTuneResNet\expert_models_runs\expert_run_stage6_9_66fold_test_12060_19100_satellite_pretrain\predictions\step6_expert_summary_student_20260606_174956.json,C:\Users\Admin\Desktop\ShiXiaoYu\data\FineTuneResNet\expert_models_runs\expert_run_stage6_9_66fold_test_12060_19100_satellite_pretrain\predictions\evaluation_student_cbsa12060_knn_k5_none.json,C:\Users\Admin\Desktop\ShiXiaoYu\data\FineTuneResNet\expert_models_runs\expert_run_stage6_9_66fold_test_12060_19100_satellite_pretrain\predictions\predictions_student_cbsa12060_knn_k5_none.csv,C:\Users\Admin\Desktop\ShiXiaoYu\data\3.26plan_tripmode_v2_66fold\folds\test_12060_19100\logs\satellite_pretrain\train.log,C:\Users\Admin\Desktop\ShiXiaoYu\data\3.26plan_tripmode_v2_66fold\folds\test_12060_19100\logs\satellite_pretrain\inference.log,0.1039839801791306,0.122871811109977,-1.07693738444071,0.0744734849738937,0.0869496799264037,-1.5469724125114128,0.0453781392525548,0.0602473571222096,-0.1604998289325141,test_12060_19100,2,12060,19100,5,cosine,none
satellite_pretrain,19100,0.0743992891923975,0.0871314003507695,-4.985072040020113,C:\Users\Admin\Desktop\ShiXiaoYu\data\FineTuneResNet\city_prototypes_per_city\per_city_cluster_20260606_174904,C:\Users\Admin\Desktop\ShiXiaoYu\data\FineTuneResNet\expert_models_runs\expert_run_stage6_9_66fold_test_12060_19100_satellite_pretrain\predictions\step6_expert_summary_student_20260606_174956.json,C:\Users\Admin\Desktop\ShiXiaoYu\data\FineTuneResNet\expert_models_runs\expert_run_stage6_9_66fold_test_12060_19100_satellite_pretrain\predictions\evaluation_student_cbsa19100_knn_k5_none.json,C:\Users\Admin\Desktop\ShiXiaoYu\data\FineTuneResNet\expert_models_runs\expert_run_stage6_9_66fold_test_12060_19100_satellite_pretrain\predictions\predictions_student_cbsa19100_knn_k5_none.csv,C:\Users\Admin\Desktop\ShiXiaoYu\data\3.26plan_tripmode_v2_66fold\folds\test_12060_19100\logs\satellite_pretrain\train.log,C:\Users\Admin\Desktop\ShiXiaoYu\data\3.26plan_tripmode_v2_66fold\folds\test_12060_19100\logs\satellite_pretrain\inference.log,0.1061692695218472,0.1222779265662419,-4.083436259316798,0.0742075739931549,0.085087859967063,-10.4098063933355,0.0428210240621904,0.0540284145190036,-0.4619734674080398,test_12060_19100,2,12060,19100,5,cosine,none
single_task_backbone_finetune,12060,0.0579061782867056,0.0735239556814432,-0.2760125511906529,C:\Users\Admin\Desktop\ShiXiaoYu\data\FineTuneResNet\city_prototypes_per_city\per_city_cluster_20260606_175105,C:\Users\Admin\Desktop\ShiXiaoYu\data\FineTuneResNet\expert_models_runs\expert_run_stage6_9_66fold_test_12060_19100_single_task_backbone_finetune\predictions\step6_expert_summary_student_20260606_175200.json,C:\Users\Admin\Desktop\ShiXiaoYu\data\FineTuneResNet\expert_models_runs\expert_run_stage6_9_66fold_test_12060_19100_single_task_backbone_finetune\predictions\evaluation_student_cbsa12060_knn_k5_none.json,C:\Users\Admin\Desktop\ShiXiaoYu\data\FineTuneResNet\expert_models_runs\expert_run_stage6_9_66fold_test_12060_19100_single_task_backbone_finetune\predictions\predictions_student_cbsa12060_knn_k5_none.csv,C:\Users\Admin\Desktop\ShiXiaoYu\data\3.26plan_tripmode_v2_66fold\folds\test_12060_19100\logs\single_task_backbone_finetune\train.log,C:\Users\Admin\Desktop\ShiXiaoYu\data\3.26plan_tripmode_v2_66fold\folds\test_12060_19100\logs\single_task_backbone_finetune\inference.log,0.0786498526082644,0.0970019016644077,-0.2944324180809965,0.0547418248938368,0.0667907531024848,-0.5028683777767058,0.0403268573580155,0.0567792122774369,-0.0307368577142563,test_12060_19100,2,12060,19100,5,cosine,none
single_task_backbone_finetune,19100,0.0451803307960675,0.0591623776297147,-1.4655060647800149,C:\Users\Admin\Desktop\ShiXiaoYu\data\FineTuneResNet\city_prototypes_per_city\per_city_cluster_20260606_175105,C:\Users\Admin\Desktop\ShiXiaoYu\data\FineTuneResNet\expert_models_runs\expert_run_stage6_9_66fold_test_12060_19100_single_task_backbone_finetune\predictions\step6_expert_summary_student_20260606_175200.json,C:\Users\Admin\Desktop\ShiXiaoYu\data\FineTuneResNet\expert_models_runs\expert_run_stage6_9_66fold_test_12060_19100_single_task_backbone_finetune\predictions\evaluation_student_cbsa19100_knn_k5_none.json,C:\Users\Admin\Desktop\ShiXiaoYu\data\FineTuneResNet\expert_models_runs\expert_run_stage6_9_66fold_test_12060_19100_single_task_backbone_finetune\predictions\predictions_student_cbsa19100_knn_k5_none.csv,C:\Users\Admin\Desktop\ShiXiaoYu\data\3.26plan_tripmode_v2_66fold\folds\test_12060_19100\logs\single_task_backbone_finetune\train.log,C:\Users\Admin\Desktop\ShiXiaoYu\data\3.26plan_tripmode_v2_66fold\folds\test_12060_19100\logs\single_task_backbone_finetune\inference.log,0.0623340792256859,0.0800106521231073,-1.1764909756598896,0.0398057586174267,0.0513406342890176,-3.153990826190449,0.03340115454509,0.0461358464770191,-0.0660363924897065,test_12060_19100,2,12060,19100,5,cosine,none
clay_v1_5_768d,12060,0.0666954869467482,0.0811463523837402,-0.5818835975285346,C:\Users\Admin\Desktop\ShiXiaoYu\data\FineTuneResNet\city_prototypes_per_city\per_city_cluster_20260607_105803,C:\Users\Admin\Desktop\ShiXiaoYu\data\FineTuneResNet\expert_models_runs\expert_run_stage6_9_66fold_test_12060_26420_clay_v1_5_768d\predictions\step6_expert_summary_student_20260607_105853.json,C:\Users\Admin\Desktop\ShiXiaoYu\data\FineTuneResNet\expert_models_runs\expert_run_stage6_9_66fold_test_12060_26420_clay_v1_5_768d\predictions\evaluation_student_cbsa12060_knn_k5_none.json,C:\Users\Admin\Desktop\ShiXiaoYu\data\FineTuneResNet\expert_models_runs\expert_run_stage6_9_66fold_test_12060_26420_clay_v1_5_768d\predictions\predictions_student_cbsa12060_knn_k5_none.csv,C:\Users\Admin\Desktop\ShiXiaoYu\data\3.26plan_tripmode_v2_66fold\folds\test_12060_26420\logs\clay_v1_5_768d\train.log,C:\Users\Admin\Desktop\ShiXiaoYu\data\3.26plan_tripmode_v2_66fold\folds\test_12060_26420\logs\clay_v1_5_768d\inference.log,0.0912076174071625,0.1077848024787435,-0.5982103708709456,0.0686607088826311,0.0800569889440244,-1.1591696596508192,0.040218134550451,0.0555972657284526,0.0117292379361612,test_12060_26420,3,12060,26420,5,cosine,none
clay_v1_5_768d,26420,0.0858600298502505,0.1065906543998132,-2.3482253461004885,C:\Users\Admin\Desktop\ShiXiaoYu\data\FineTuneResNet\city_prototypes_per_city\per_city_cluster_20260607_105803,C:\Users\Admin\Desktop\ShiXiaoYu\data\FineTuneResNet\expert_models_runs\expert_run_stage6_9_66fold_test_12060_26420_clay_v1_5_768d\predictions\step6_expert_summary_student_20260607_105853.json,C:\Users\Admin\Desktop\ShiXiaoYu\data\FineTuneResNet\expert_models_runs\expert_run_stage6_9_66fold_test_12060_26420_clay_v1_5_768d\predictions\evaluation_student_cbsa26420_knn_k5_none.json,C:\Users\Admin\Desktop\ShiXiaoYu\data\FineTuneResNet\expert_models_runs\expert_run_stage6_9_66fold_test_12060_26420_clay_v1_5_768d\predictions\predictions_student_cbsa26420_knn_k5_none.csv,C:\Users\Admin\Desktop\ShiXiaoYu\data\3.26plan_tripmode_v2_66fold\folds\test_12060_26420\logs\clay_v1_5_768d\train.log,C:\Users\Admin\Desktop\ShiXiaoYu\data\3.26plan_tripmode_v2_66fold\folds\test_12060_26420\logs\clay_v1_5_768d\inference.log,0.120597319688553,0.1468998739788841,-1.9161056508654424,0.0810120284196289,0.0986574659877624,-4.936193129904012,0.0559707414425696,0.0742146232327932,-0.1923772575320115,test_12060_26420,3,12060,26420,5,cosine,none
prithvi_eo_v2_1024d,12060,0.0893524926940184,0.1041802181597376,-1.6007151828385269,C:\Users\Admin\Desktop\ShiXiaoYu\data\FineTuneResNet\city_prototypes_per_city\per_city_cluster_20260607_110010,C:\Users\Admin\Desktop\ShiXiaoYu\data\FineTuneResNet\expert_models_runs\expert_run_stage6_9_66fold_test_12060_26420_prithvi_eo_v2_1024d\predictions\step6_expert_summary_student_20260607_110103.json,C:\Users\Admin\Desktop\ShiXiaoYu\data\FineTuneResNet\expert_models_runs\expert_run_stage6_9_66fold_test_12060_26420_prithvi_eo_v2_1024d\predictions\evaluation_student_cbsa12060_knn_k5_none.json,C:\Users\Admin\Desktop\ShiXiaoYu\data\FineTuneResNet\expert_models_runs\expert_run_stage6_9_66fold_test_12060_26420_prithvi_eo_v2_1024d\predictions\predictions_student_cbsa12060_knn_k5_none.csv,C:\Users\Admin\Desktop\ShiXiaoYu\data\3.26plan_tripmode_v2_66fold\folds\test_12060_26420\logs\prithvi_eo_v2_1024d\train.log,C:\Users\Admin\Desktop\ShiXiaoYu\data\3.26plan_tripmode_v2_66fold\folds\test_12060_26420\logs\prithvi_eo_v2_1024d\inference.log,0.1265275176242652,0.1446002477512425,-1.87645085403176,0.0902781429336064,0.1031176518534246,-2.582236836469975,0.0512518175241837,0.0648227548745456,-0.3434578580138456,test_12060_26420,3,12060,26420,5,cosine,none
prithvi_eo_v2_1024d,26420,0.0927679189558223,0.1118287339375072,-2.8084575998313013,C:\Users\Admin\Desktop\ShiXiaoYu\data\FineTuneResNet\city_prototypes_per_city\per_city_cluster_20260607_110010,C:\Users\Admin\Desktop\ShiXiaoYu\data\FineTuneResNet\expert_models_runs\expert_run_stage6_9_66fold_test_12060_26420_prithvi_eo_v2_1024d\predictions\step6_expert_summary_student_20260607_110103.json,C:\Users\Admin\Desktop\ShiXiaoYu\data\FineTuneResNet\expert_models_runs\expert_run_stage6_9_66fold_test_12060_26420_prithvi_eo_v2_1024d\predictions\evaluation_student_cbsa26420_knn_k5_none.json,C:\Users\Admin\Desktop\ShiXiaoYu\data\FineTuneResNet\expert_models_runs\expert_run_stage6_9_66fold_test_12060_26420_prithvi_eo_v2_1024d\predictions\predictions_student_cbsa26420_knn_k5_none.csv,C:\Users\Admin\Desktop\ShiXiaoYu\data\3.26plan_tripmode_v2_66fold\folds\test_12060_26420\logs\prithvi_eo_v2_1024d\train.log,C:\Users\Admin\Desktop\ShiXiaoYu\data\3.26plan_tripmode_v2_66fold\folds\test_12060_26420\logs\prithvi_eo_v2_1024d\inference.log,0.1303437604614458,0.1548495542237457,-2.2402634868946496,0.0917650128696068,0.1072898299713963,-6.020454405770965,0.0561949835364143,0.0733468176173797,-0.1646549068282901,test_12060_26420,3,12060,26420,5,cosine,none
imagenet_pretrain,12060,0.0615236215471333,0.0764903382620324,-0.3945248815276255,C:\Users\Admin\Desktop\ShiXiaoYu\data\FineTuneResNet\city_prototypes_per_city\per_city_cluster_20260607_110219,C:\Users\Admin\Desktop\ShiXiaoYu\data\FineTuneResNet\expert_models_runs\expert_run_stage6_9_66fold_test_12060_26420_imagenet_pretrain\predictions\step6_expert_summary_student_20260607_110318.json,C:\Users\Admin\Desktop\ShiXiaoYu\data\FineTuneResNet\expert_models_runs\expert_run_stage6_9_66fold_test_12060_26420_imagenet_pretrain\predictions\evaluation_student_cbsa12060_knn_k5_none.json,C:\Users\Admin\Desktop\ShiXiaoYu\data\FineTuneResNet\expert_models_runs\expert_run_stage6_9_66fold_test_12060_26420_imagenet_pretrain\predictions\predictions_student_cbsa12060_knn_k5_none.csv,C:\Users\Admin\Desktop\ShiXiaoYu\data\3.26plan_tripmode_v2_66fold\folds\test_12060_26420\logs\imagenet_pretrain\train.log,C:\Users\Admin\Desktop\ShiXiaoYu\data\3.26plan_tripmode_v2_66fold\folds\test_12060_26420\logs\imagenet_pretrain\inference.log,0.0837562654521129,0.1011521386745973,-0.4075668277435726,0.0616837320774077,0.0731667747988074,-0.8034997607430177,0.0391308671118793,0.0551521013126926,0.0274919439037139,test_12060_26420,3,12060,26420,5,cosine,none
imagenet_pretrain,26420,0.0680518113275146,0.0860709486663296,-1.0747965993191453,C:\Users\Admin\Desktop\ShiXiaoYu\data\FineTuneResNet\city_prototypes_per_city\per_city_cluster_20260607_110219,C:\Users\Admin\Desktop\ShiXiaoYu\data\FineTuneResNet\expert_models_runs\expert_run_stage6_9_66fold_test_12060_26420_imagenet_pretrain\predictions\step6_expert_summary_student_20260607_110318.json,C:\Users\Admin\Desktop\ShiXiaoYu\data\FineTuneResNet\expert_models_runs\expert_run_stage6_9_66fold_test_12060_26420_imagenet_pretrain\predictions\evaluation_student_cbsa26420_knn_k5_none.json,C:\Users\Admin\Desktop\ShiXiaoYu\data\FineTuneResNet\expert_models_runs\expert_run_stage6_9_66fold_test_12060_26420_imagenet_pretrain\predictions\predictions_student_cbsa26420_knn_k5_none.csv,C:\Users\Admin\Desktop\ShiXiaoYu\data\3.26plan_tripmode_v2_66fold\folds\test_12060_26420\logs\imagenet_pretrain\train.log,C:\Users\Admin\Desktop\ShiXiaoYu\data\3.26plan_tripmode_v2_66fold\folds\test_12060_26420\logs\imagenet_pretrain\inference.log,0.0939147200525746,0.1153680370373396,-0.7985868530029707,0.062435326316397,0.0749793852941745,-2.42871873364622,0.0478053876135721,0.0678654236674747,0.0029157886917542,test_12060_26420,3,12060,26420,5,cosine,none
satellite_pretrain,12060,0.0737000895919636,0.089045532852024,-0.8852446831107198,C:\Users\Admin\Desktop\ShiXiaoYu\data\FineTuneResNet\city_prototypes_per_city\per_city_cluster_20260607_110430,C:\Users\Admin\Desktop\ShiXiaoYu\data\FineTuneResNet\expert_models_runs\expert_run_stage6_9_66fold_test_12060_26420_satellite_pretrain\predictions\step6_expert_summary_student_20260607_110525.json,C:\Users\Admin\Desktop\ShiXiaoYu\data\FineTuneResNet\expert_models_runs\expert_run_stage6_9_66fold_test_12060_26420_satellite_pretrain\predictions\evaluation_student_cbsa12060_knn_k5_none.json,C:\Users\Admin\Desktop\ShiXiaoYu\data\FineTuneResNet\expert_models_runs\expert_run_stage6_9_66fold_test_12060_26420_satellite_pretrain\predictions\predictions_student_cbsa12060_knn_k5_none.csv,C:\Users\Admin\Desktop\ShiXiaoYu\data\3.26plan_tripmode_v2_66fold\folds\test_12060_26420\logs\satellite_pretrain\train.log,C:\Users\Admin\Desktop\ShiXiaoYu\data\3.26plan_tripmode_v2_66fold\folds\test_12060_26420\logs\satellite_pretrain\inference.log,0.1026477030891181,0.1213675860705025,-1.0263959670453398,0.0735734596049885,0.0857728911371587,-1.4784968068695128,0.0448791060817841,0.0599961213484109,-0.1508412754173069,test_12060_26420,3,12060,26420,5,cosine,none
satellite_pretrain,26420,0.0746443195161053,0.0919267544748334,-1.467256202779425,C:\Users\Admin\Desktop\ShiXiaoYu\data\FineTuneResNet\city_prototypes_per_city\per_city_cluster_20260607_110430,C:\Users\Admin\Desktop\ShiXiaoYu\data\FineTuneResNet\expert_models_runs\expert_run_stage6_9_66fold_test_12060_26420_satellite_pretrain\predictions\step6_expert_summary_student_20260607_110525.json,C:\Users\Admin\Desktop\ShiXiaoYu\data\FineTuneResNet\expert_models_runs\expert_run_stage6_9_66fold_test_12060_26420_satellite_pretrain\predictions\evaluation_student_cbsa26420_knn_k5_none.json,C:\Users\Admin\Desktop\ShiXiaoYu\data\FineTuneResNet\expert_models_runs\expert_run_stage6_9_66fold_test_12060_26420_satellite_pretrain\predictions\predictions_student_cbsa26420_knn_k5_none.csv,C:\Users\Admin\Desktop\ShiXiaoYu\data\3.26plan_tripmode_v2_66fold\folds\test_12060_26420\logs\satellite_pretrain\train.log,C:\Users\Admin\Desktop\ShiXiaoYu\data\3.26plan_tripmode_v2_66fold\folds\test_12060_26420\logs\satellite_pretrain\inference.log,0.1025710773413429,0.1230541736420753,-1.0462236724009233,0.0716253772706022,0.0844060857584012,-3.345058527114456,0.0497365039363708,0.0683200040240238,-0.0104864088228957,test_12060_26420,3,12060,26420,5,cosine,none
single_task_backbone_finetune,12060,0.05936860812630418,0.07531058011951512,-0.3401140884607989,C:\Users\Admin\Desktop\ShiXiaoYu\data\FineTuneResNet\city_prototypes_per_city\per_city_cluster_20260607_110730,C:\Users\Admin\Desktop\ShiXiaoYu\data\FineTuneResNet\expert_models_runs\expert_run_stage6_9_66fold_test_12060_26420_single_task_backbone_finetune\predictions\step6_expert_summary_student_20260607_110825.json,C:\Users\Admin\Desktop\ShiXiaoYu\data\FineTuneResNet\expert_models_runs\expert_run_stage6_9_66fold_test_12060_26420_single_task_backbone_finetune\predictions\evaluation_student_cbsa12060_knn_k5_none.json,C:\Users\Admin\Desktop\ShiXiaoYu\data\FineTuneResNet\expert_models_runs\expert_run_stage6_9_66fold_test_12060_26420_single_task_backbone_finetune\predictions\predictions_student_cbsa12060_knn_k5_none.csv,C:\Users\Admin\Desktop\ShiXiaoYu\data\3.26plan_tripmode_v2_66fold\folds\test_12060_26420\logs\single_task_backbone_finetune\train.log,C:\Users\Admin\Desktop\ShiXiaoYu\data\3.26plan_tripmode_v2_66fold\folds\test_12060_26420\logs\single_task_backbone_finetune\inference.log,0.0800986270353544,0.09914443404590516,-0.3522455474355404,0.05642984574785331,0.06862337944109333,-0.5864722093450458,0.0415773515957048,0.058163926871546895,-0.08162450860181036,test_12060_26420,3,12060,26420,5,cosine,none
single_task_backbone_finetune,26420,0.04667380589943204,0.07151132292633139,-0.32424137608273707,C:\Users\Admin\Desktop\ShiXiaoYu\data\FineTuneResNet\city_prototypes_per_city\per_city_cluster_20260607_110730,C:\Users\Admin\Desktop\ShiXiaoYu\data\FineTuneResNet\expert_models_runs\expert_run_stage6_9_66fold_test_12060_26420_single_task_backbone_finetune\predictions\step6_expert_summary_student_20260607_110825.json,C:\Users\Admin\Desktop\ShiXiaoYu\data\FineTuneResNet\expert_models_runs\expert_run_stage6_9_66fold_test_12060_26420_single_task_backbone_finetune\predictions\evaluation_student_cbsa26420_knn_k5_none.json,C:\Users\Admin\Desktop\ShiXiaoYu\data\FineTuneResNet\expert_models_runs\expert_run_stage6_9_66fold_test_12060_26420_single_task_backbone_finetune\predictions\predictions_student_cbsa26420_knn_k5_none.csv,C:\Users\Admin\Desktop\ShiXiaoYu\data\3.26plan_tripmode_v2_66fold\folds\test_12060_26420\logs\single_task_backbone_finetune\train.log,C:\Users\Admin\Desktop\ShiXiaoYu\data\3.26plan_tripmode_v2_66fold\folds\test_12060_26420\logs\single_task_backbone_finetune\inference.log,0.0626771040803372,0.09256195914341386,-0.15777851069677107,0.037759289772106915,0.05497473114755374,-0.8432079603724532,0.03958502384585199,0.06699727848802657,0.02826234282101303,test_12060_26420,3,12060,26420,5,cosine,none
clay_v1_5_768d,12060,0.06207184276823927,0.07627391818823463,-0.3857801340576083,C:\Users\Admin\Desktop\ShiXiaoYu\data\FineTuneResNet\city_prototypes_per_city\per_city_cluster_20260607_110933,C:\Users\Admin\Desktop\ShiXiaoYu\data\FineTuneResNet\expert_models_runs\expert_run_stage6_9_66fold_test_12060_31080_clay_v1_5_768d\predictions\step6_expert_summary_student_20260607_111019.json,C:\Users\Admin\Desktop\ShiXiaoYu\data\FineTuneResNet\expert_models_runs\expert_run_stage6_9_66fold_test_12060_31080_clay_v1_5_768d\predictions\evaluation_student_cbsa12060_knn_k5_none.json,C:\Users\Admin\Desktop\ShiXiaoYu\data\FineTuneResNet\expert_models_runs\expert_run_stage6_9_66fold_test_12060_31080_clay_v1_5_768d\predictions\predictions_student_cbsa12060_knn_k5_none.csv,C:\Users\Admin\Desktop\ShiXiaoYu\data\3.26plan_tripmode_v2_66fold\folds\test_12060_31080\logs\clay_v1_5_768d\train.log,C:\Users\Admin\Desktop\ShiXiaoYu\data\3.26plan_tripmode_v2_66fold\folds\test_12060_31080\logs\clay_v1_5_768d\inference.log,0.08511923092326193,0.10126995488148124,-0.41084764343023594,0.061936433957623147,0.0729826863976165,-0.79443592742938,0.03915986342383276,0.054569113285606166,0.04794316868679116,test_12060_31080,4,12060,31080,5,cosine,none
clay_v1_5_768d,31080,0.07499695555282622,0.09836199609108513,-0.5578565543357755,C:\Users\Admin\Desktop\ShiXiaoYu\data\FineTuneResNet\city_prototypes_per_city\per_city_cluster_20260607_110933,C:\Users\Admin\Desktop\ShiXiaoYu\data\FineTuneResNet\expert_models_runs\expert_run_stage6_9_66fold_test_12060_31080_clay_v1_5_768d\predictions\step6_expert_summary_student_20260607_111019.json,C:\Users\Admin\Desktop\ShiXiaoYu\data\FineTuneResNet\expert_models_runs\expert_run_stage6_9_66fold_test_12060_31080_clay_v1_5_768d\predictions\evaluation_student_cbsa31080_knn_k5_none.json,C:\Users\Admin\Desktop\ShiXiaoYu\data\FineTuneResNet\expert_models_runs\expert_run_stage6_9_66fold_test_12060_31080_clay_v1_5_768d\predictions\predictions_student_cbsa31080_knn_k5_none.csv,C:\Users\Admin\Desktop\ShiXiaoYu\data\3.26plan_tripmode_v2_66fold\folds\test_12060_31080\logs\clay_v1_5_768d\train.log,C:\Users\Admin\Desktop\ShiXiaoYu\data\3.26plan_tripmode_v2_66fold\folds\test_12060_31080\logs\clay_v1_5_768d\inference.log,0.10320327019909539,0.1319367756832968,-0.6806270759091662,0.06991979801411152,0.0900740915497246,-0.7824357444059091,0.05186779844527175,0.07307512104023403,-0.2105068426922514,test_12060_31080,4,12060,31080,5,cosine,none
prithvi_eo_v2_1024d,12060,0.09638919339887675,0.1136413433884887,-2.1169051901076603,C:\Users\Admin\Desktop\ShiXiaoYu\data\FineTuneResNet\city_prototypes_per_city\per_city_cluster_20260607_111128,C:\Users\Admin\Desktop\ShiXiaoYu\data\FineTuneResNet\expert_models_runs\expert_run_stage6_9_66fold_test_12060_31080_prithvi_eo_v2_1024d\predictions\step6_expert_summary_student_20260607_111211.json,C:\Users\Admin\Desktop\ShiXiaoYu\data\FineTuneResNet\expert_models_runs\expert_run_stage6_9_66fold_test_12060_31080_prithvi_eo_v2_1024d\predictions\evaluation_student_cbsa12060_knn_k5_none.json,C:\Users\Admin\Desktop\ShiXiaoYu\data\FineTuneResNet\expert_models_runs\expert_run_stage6_9_66fold_test_12060_31080_prithvi_eo_v2_1024d\predictions\predictions_student_cbsa12060_knn_k5_none.csv,C:\Users\Admin\Desktop\ShiXiaoYu\data\3.26plan_tripmode_v2_66fold\folds\test_12060_31080\logs\prithvi_eo_v2_1024d\train.log,C:\Users\Admin\Desktop\ShiXiaoYu\data\3.26plan_tripmode_v2_66fold\folds\test_12060_31080\logs\prithvi_eo_v2_1024d\inference.log,0.13745123496990444,0.15901549091054396,-2.478546015536452,0.09861261780452915,0.11457857556398784,-3.4227776195587225,0.05310372742219667,0.06732996369093433,-0.4493919352278062,test_12060_31080,4,12060,31080,5,cosine,none
prithvi_eo_v2_1024d,31080,0.06793339344761931,0.09232686380777329,-0.39314769190175497,C:\Users\Admin\Desktop\ShiXiaoYu\data\FineTuneResNet\city_prototypes_per_city\per_city_cluster_20260607_111128,C:\Users\Admin\Desktop\ShiXiaoYu\data\FineTuneResNet\expert_models_runs\expert_run_stage6_9_66fold_test_12060_31080_prithvi_eo_v2_1024d\predictions\step6_expert_summary_student_20260607_111211.json,C:\Users\Admin\Desktop\ShiXiaoYu\data\FineTuneResNet\expert_models_runs\expert_run_stage6_9_66fold_test_12060_31080_prithvi_eo_v2_1024d\predictions\evaluation_student_cbsa31080_knn_k5_none.json,C:\Users\Admin\Desktop\ShiXiaoYu\data\FineTuneResNet\expert_models_runs\expert_run_stage6_9_66fold_test_12060_31080_prithvi_eo_v2_1024d\predictions\predictions_student_cbsa31080_knn_k5_none.csv,C:\Users\Admin\Desktop\ShiXiaoYu\data\3.26plan_tripmode_v2_66fold\folds\test_12060_31080\logs\prithvi_eo_v2_1024d\train.log,C:\Users\Admin\Desktop\ShiXiaoYu\data\3.26plan_tripmode_v2_66fold\folds\test_12060_31080\logs\prithvi_eo_v2_1024d\inference.log,0.09238147679784531,0.12036699542693378,-0.39879626158698733,0.06822295856275012,0.08947799565395079,-0.7589220596721247,0.04319574498226251,0.06713560034243535,-0.02172475444615296,test_12060_31080,4,12060,31080,5,cosine,none
imagenet_pretrain,12060,0.061059119264313975,0.076524225045995,-0.38947152684007147,C:\Users\Admin\Desktop\ShiXiaoYu\data\FineTuneResNet\city_prototypes_per_city\per_city_cluster_20260607_111320,C:\Users\Admin\Desktop\ShiXiaoYu\data\FineTuneResNet\expert_models_runs\expert_run_stage6_9_66fold_test_12060_31080_imagenet_pretrain\predictions\step6_expert_summary_student_20260607_111410.json,C:\Users\Admin\Desktop\ShiXiaoYu\data\FineTuneResNet\expert_models_runs\expert_run_stage6_9_66fold_test_12060_31080_imagenet_pretrain\predictions\evaluation_student_cbsa12060_knn_k5_none.json,C:\Users\Admin\Desktop\ShiXiaoYu\data\FineTuneResNet\expert_models_runs\expert_run_stage6_9_66fold_test_12060_31080_imagenet_pretrain\predictions\predictions_student_cbsa12060_knn_k5_none.csv,C:\Users\Admin\Desktop\ShiXiaoYu\data\3.26plan_tripmode_v2_66fold\folds\test_12060_31080\logs\imagenet_pretrain\train.log,C:\Users\Admin\Desktop\ShiXiaoYu\data\3.26plan_tripmode_v2_66fold\folds\test_12060_31080\logs\imagenet_pretrain\inference.log,0.0838923191755165,0.10180169039706788,-0.42570234188448497,0.060580858233491214,0.07214043828484477,-0.7532579574270568,0.03870418038393418,0.05563054645607236,0.010545718791327374,test_12060_31080,4,12060,31080,5,cosine,none
imagenet_pretrain,31080,0.06447932265296584,0.08856265560939507,-0.2668390814402923,C:\Users\Admin\Desktop\ShiXiaoYu\data\FineTuneResNet\city_prototypes_per_city\per_city_cluster_20260607_111320,C:\Users\Admin\Desktop\ShiXiaoYu\data\FineTuneResNet\expert_models_runs\expert_run_stage6_9_66fold_test_12060_31080_imagenet_pretrain\predictions\step6_expert_summary_student_20260607_111410.json,C:\Users\Admin\Desktop\ShiXiaoYu\data\FineTuneResNet\expert_models_runs\expert_run_stage6_9_66fold_test_12060_31080_imagenet_pretrain\predictions\evaluation_student_cbsa31080_knn_k5_none.json,C:\Users\Admin\Desktop\ShiXiaoYu\data\FineTuneResNet\expert_models_runs\expert_run_stage6_9_66fold_test_12060_31080_imagenet_pretrain\predictions\predictions_student_cbsa31080_knn_k5_none.csv,C:\Users\Admin\Desktop\ShiXiaoYu\data\3.26plan_tripmode_v2_66fold\folds\test_12060_31080\logs\imagenet_pretrain\train.log,C:\Users\Admin\Desktop\ShiXiaoYu\data\3.26plan_tripmode_v2_66fold\folds\test_12060_31080\logs\imagenet_pretrain\inference.log,0.0881362182027055,0.11689184238630958,-0.3191920662183294,0.06197637627608275,0.0805704984213469,-0.42615326954545774,0.04332537348010926,0.06822562602052873,-0.055171908557089644,test_12060_31080,4,12060,31080,5,cosine,none
satellite_pretrain,12060,0.06970580907774043,0.08631712315751601,-0.7595894569450806,C:\Users\Admin\Desktop\ShiXiaoYu\data\FineTuneResNet\city_prototypes_per_city\per_city_cluster_20260607_111517,C:\Users\Admin\Desktop\ShiXiaoYu\data\FineTuneResNet\expert_models_runs\expert_run_stage6_9_66fold_test_12060_31080_satellite_pretrain\predictions\step6_expert_summary_student_20260607_111606.json,C:\Users\Admin\Desktop\ShiXiaoYu\data\FineTuneResNet\expert_models_runs\expert_run_stage6_9_66fold_test_12060_31080_satellite_pretrain\predictions\evaluation_student_cbsa12060_knn_k5_none.json,C:\Users\Admin\Desktop\ShiXiaoYu\data\FineTuneResNet\expert_models_runs\expert_run_stage6_9_66fold_test_12060_31080_satellite_pretrain\predictions\predictions_student_cbsa12060_knn_k5_none.csv,C:\Users\Admin\Desktop\ShiXiaoYu\data\3.26plan_tripmode_v2_66fold\folds\test_12060_31080\logs\satellite_pretrain\train.log,C:\Users\Admin\Desktop\ShiXiaoYu\data\3.26plan_tripmode_v2_66fold\folds\test_12060_31080\logs\satellite_pretrain\inference.log,0.09780400025260683,0.11838268627896122,-0.927947774086147,0.06778289063918748,0.08135782485734974,-1.229907887161414,0.04353053634142702,0.059210858336237085,-0.12091270958768074,test_12060_31080,4,12060,31080,5,cosine,none
satellite_pretrain,31080,0.04738146218254035,0.07150454559086737,0.1580630812844143,C:\Users\Admin\Desktop\ShiXiaoYu\data\FineTuneResNet\city_prototypes_per_city\per_city_cluster_20260607_111517,C:\Users\Admin\Desktop\ShiXiaoYu\data\FineTuneResNet\expert_models_runs\expert_run_stage6_9_66fold_test_12060_31080_satellite_pretrain\predictions\step6_expert_summary_student_20260607_111606.json,C:\Users\Admin\Desktop\ShiXiaoYu\data\FineTuneResNet\expert_models_runs\expert_run_stage6_9_66fold_test_12060_31080_satellite_pretrain\predictions\evaluation_student_cbsa31080_knn_k5_none.json,C:\Users\Admin\Desktop\ShiXiaoYu\data\FineTuneResNet\expert_models_runs\expert_run_stage6_9_66fold_test_12060_31080_satellite_pretrain\predictions\predictions_student_cbsa31080_knn_k5_none.csv,C:\Users\Admin\Desktop\ShiXiaoYu\data\3.26plan_tripmode_v2_66fold\folds\test_12060_31080\logs\satellite_pretrain\train.log,C:\Users\Admin\Desktop\ShiXiaoYu\data\3.26plan_tripmode_v2_66fold\folds\test_12060_31080\logs\satellite_pretrain\inference.log,0.06122366356785538,0.08892253481424897,0.2365804252840531,0.044841913615425555,0.06135577093458159,0.1729630063074834,0.0360788093643401,0.06423533102377156,0.0646458122617064,test_12060_31080,4,12060,31080,5,cosine,none
single_task_backbone_finetune,12060,0.058505229570478844,0.07438059924374962,-0.3067723595091152,C:\Users\Admin\Desktop\ShiXiaoYu\data\FineTuneResNet\city_prototypes_per_city\per_city_cluster_20260607_111719,C:\Users\Admin\Desktop\ShiXiaoYu\data\FineTuneResNet\expert_models_runs\expert_run_stage6_9_66fold_test_12060_31080_single_task_backbone_finetune\predictions\step6_expert_summary_student_20260607_111810.json,C:\Users\Admin\Desktop\ShiXiaoYu\data\FineTuneResNet\expert_models_runs\expert_run_stage6_9_66fold_test_12060_31080_single_task_backbone_finetune\predictions\evaluation_student_cbsa12060_knn_k5_none.json,C:\Users\Admin\Desktop\ShiXiaoYu\data\FineTuneResNet\expert_models_runs\expert_run_stage6_9_66fold_test_12060_31080_single_task_backbone_finetune\predictions\predictions_student_cbsa12060_knn_k5_none.csv,C:\Users\Admin\Desktop\ShiXiaoYu\data\3.26plan_tripmode_v2_66fold\folds\test_12060_31080\logs\single_task_backbone_finetune\train.log,C:\Users\Admin\Desktop\ShiXiaoYu\data\3.26plan_tripmode_v2_66fold\folds\test_12060_31080\logs\single_task_backbone_finetune\inference.log,0.0789777915276252,0.09819689843854673,-0.3265219040804286,0.055890220859848606,0.06792023919977756,-0.5541276210459904,0.040647676323962705,0.05702466009292455,-0.039667553400926536,test_12060_31080,4,12060,31080,5,cosine,none
single_task_backbone_finetune,31080,0.04399219845150679,0.07254530823873014,0.13740397560465012,C:\Users\Admin\Desktop\ShiXiaoYu\data\FineTuneResNet\city_prototypes_per_city\per_city_cluster_20260607_111719,C:\Users\Admin\Desktop\ShiXiaoYu\data\FineTuneResNet\expert_models_runs\expert_run_stage6_9_66fold_test_12060_31080_single_task_backbone_finetune\predictions\step6_expert_summary_student_20260607_111810.json,C:\Users\Admin\Desktop\ShiXiaoYu\data\FineTuneResNet\expert_models_runs\expert_run_stage6_9_66fold_test_12060_31080_single_task_backbone_finetune\predictions\evaluation_student_cbsa31080_knn_k5_none.json,C:\Users\Admin\Desktop\ShiXiaoYu\data\FineTuneResNet\expert_models_runs\expert_run_stage6_9_66fold_test_12060_31080_single_task_backbone_finetune\predictions\predictions_student_cbsa31080_knn_k5_none.csv,C:\Users\Admin\Desktop\ShiXiaoYu\data\3.26plan_tripmode_v2_66fold\folds\test_12060_31080\logs\single_task_backbone_finetune\train.log,C:\Users\Admin\Desktop\ShiXiaoYu\data\3.26plan_tripmode_v2_66fold\folds\test_12060_31080\logs\single_task_backbone_finetune\inference.log,0.05756124708355815,0.0911081886552182,0.19859057077409714,0.03979149452206681,0.06348594421658366,0.11453934617771078,0.03462385374889541,0.06304179184438854,0.09908200986214244,test_12060_31080,4,12060,31080,5,cosine,none
clay_v1_5_768d,12060,0.06472934178204277,0.07928794256874187,-0.50430910065677,C:\Users\Admin\Desktop\ShiXiaoYu\data\FineTuneResNet\city_prototypes_per_city\per_city_cluster_20260607_111922,C:\Users\Admin\Desktop\ShiXiaoYu\data\FineTuneResNet\expert_models_runs\expert_run_stage6_9_66fold_test_12060_33100_clay_v1_5_768d\predictions\step6_expert_summary_student_20260607_112003.json,C:\Users\Admin\Desktop\ShiXiaoYu\data\FineTuneResNet\expert_models_runs\expert_run_stage6_9_66fold_test_12060_33100_clay_v1_5_768d\predictions\evaluation_student_cbsa12060_knn_k5_none.json,C:\Users\Admin\Desktop\ShiXiaoYu\data\FineTuneResNet\expert_models_runs\expert_run_stage6_9_66fold_test_12060_33100_clay_v1_5_768d\predictions\predictions_student_cbsa12060_knn_k5_none.csv,C:\Users\Admin\Desktop\ShiXiaoYu\data\3.26plan_tripmode_v2_66fold\folds\test_12060_33100\logs\clay_v1_5_768d\train.log,C:\Users\Admin\Desktop\ShiXiaoYu\data\3.26plan_tripmode_v2_66fold\folds\test_12060_33100\logs\clay_v1_5_768d\inference.log,0.08921569124717749,0.10618000432608596,-0.5509734428950843,0.0667906671030255,0.07749131695783232,-1.02299285619769,0.03818166699592536,0.054192506422307336,0.06103899712246441,test_12060_33100,5,12060,33100,5,cosine,none
clay_v1_5_768d,33100,0.06993335058798546,0.09098272937855244,-0.9362163018722409,C:\Users\Admin\Desktop\ShiXiaoYu\data\FineTuneResNet\city_prototypes_per_city\per_city_cluster_20260607_111922,C:\Users\Admin\Desktop\ShiXiaoYu\data\FineTuneResNet\expert_models_runs\expert_run_stage6_9_66fold_test_12060_33100_clay_v1_5_768d\predictions\step6_expert_summary_student_20260607_112003.json,C:\Users\Admin\Desktop\ShiXiaoYu\data\FineTuneResNet\expert_models_runs\expert_run_stage6_9_66fold_test_12060_33100_clay_v1_5_768d\predictions\evaluation_student_cbsa33100_knn_k5_none.json,C:\Users\Admin\Desktop\ShiXiaoYu\data\FineTuneResNet\expert_models_runs\expert_run_stage6_9_66fold_test_12060_33100_clay_v1_5_768d\predictions\predictions_student_cbsa33100_knn_k5_none.csv,C:\Users\Admin\Desktop\ShiXiaoYu\data\3.26plan_tripmode_v2_66fold\folds\test_12060_33100\logs\clay_v1_5_768d\train.log,C:\Users\Admin\Desktop\ShiXiaoYu\data\3.26plan_tripmode_v2_66fold\folds\test_12060_33100\logs\clay_v1_5_768d\inference.log,0.09479140686260173,0.12135070937497129,-0.7748089273418461,0.06022179120045448,0.07774241326966408,-1.9755388937835616,0.05478685370090017,0.07385506549102196,-0.058301084491315214,test_12060_33100,5,12060,33100,5,cosine,none
prithvi_eo_v2_1024d,12060,0.09124548426679883,0.1068331537904727,-1.712725767298469,C:\Users\Admin\Desktop\ShiXiaoYu\data\FineTuneResNet\city_prototypes_per_city\per_city_cluster_20260607_112113,C:\Users\Admin\Desktop\ShiXiaoYu\data\FineTuneResNet\expert_models_runs\expert_run_stage6_9_66fold_test_12060_33100_prithvi_eo_v2_1024d\predictions\step6_expert_summary_student_20260607_112154.json,C:\Users\Admin\Desktop\ShiXiaoYu\data\FineTuneResNet\expert_models_runs\expert_run_stage6_9_66fold_test_12060_33100_prithvi_eo_v2_1024d\predictions\evaluation_student_cbsa12060_knn_k5_none.json,C:\Users\Admin\Desktop\ShiXiaoYu\data\FineTuneResNet\expert_models_runs\expert_run_stage6_9_66fold_test_12060_33100_prithvi_eo_v2_1024d\predictions\predictions_student_cbsa12060_knn_k5_none.csv,C:\Users\Admin\Desktop\ShiXiaoYu\data\3.26plan_tripmode_v2_66fold\folds\test_12060_33100\logs\prithvi_eo_v2_1024d\train.log,C:\Users\Admin\Desktop\ShiXiaoYu\data\3.26plan_tripmode_v2_66fold\folds\test_12060_33100\logs\prithvi_eo_v2_1024d\inference.log,0.13036420259224696,0.1504839047527824,-2.1152936339054094,0.09052548262933664,0.10348130124699413,-2.607547250520831,0.052846767578812924,0.06653425537164158,-0.41533641746916716,test_12060_33100,5,12060,33100,5,cosine,none
prithvi_eo_v2_1024d,33100,0.09941620988963284,0.11617124943787534,-2.1717320859240523,C:\Users\Admin\Desktop\ShiXiaoYu\data\FineTuneResNet\city_prototypes_per_city\per_city_cluster_20260607_112113,C:\Users\Admin\Desktop\ShiXiaoYu\data\FineTuneResNet\expert_models_runs\expert_run_stage6_9_66fold_test_12060_33100_prithvi_eo_v2_1024d\predictions\step6_expert_summary_student_20260607_112154.json,C:\Users\Admin\Desktop\ShiXiaoYu\data\FineTuneResNet\expert_models_runs\expert_run_stage6_9_66fold_test_12060_33100_prithvi_eo_v2_1024d\predictions\evaluation_student_cbsa33100_knn_k5_none.json,C:\Users\Admin\Desktop\ShiXiaoYu\data\FineTuneResNet\expert_models_runs\expert_run_stage6_9_66fold_test_12060_33100_prithvi_eo_v2_1024d\predictions\predictions_student_cbsa33100_knn_k5_none.csv,C:\Users\Admin\Desktop\ShiXiaoYu\data\3.26plan_tripmode_v2_66fold\folds\test_12060_33100\logs\prithvi_eo_v2_1024d\train.log,C:\Users\Admin\Desktop\ShiXiaoYu\data\3.26plan_tripmode_v2_66fold\folds\test_12060_33100\logs\prithvi_eo_v2_1024d\inference.log,0.1462278021157776,0.16799113314969105,-2.401258850165014,0.08668544857954642,0.0989883726655912,-3.824118475130722,0.0653353789735745,0.08153424249834378,-0.2898189324764213,test_12060_33100,5,12060,33100,5,cosine,none
imagenet_pretrain,12060,0.06034868223499424,0.0757391826540998,-0.363518048884475,C:\Users\Admin\Desktop\ShiXiaoYu\data\FineTuneResNet\city_prototypes_per_city\per_city_cluster_20260607_112308,C:\Users\Admin\Desktop\ShiXiaoYu\data\FineTuneResNet\expert_models_runs\expert_run_stage6_9_66fold_test_12060_33100_imagenet_pretrain\predictions\step6_expert_summary_student_20260607_112358.json,C:\Users\Admin\Desktop\ShiXiaoYu\data\FineTuneResNet\expert_models_runs\expert_run_stage6_9_66fold_test_12060_33100_imagenet_pretrain\predictions\evaluation_student_cbsa12060_knn_k5_none.json,C:\Users\Admin\Desktop\ShiXiaoYu\data\FineTuneResNet\expert_models_runs\expert_run_stage6_9_66fold_test_12060_33100_imagenet_pretrain\predictions\predictions_student_cbsa12060_knn_k5_none.csv,C:\Users\Admin\Desktop\ShiXiaoYu\data\3.26plan_tripmode_v2_66fold\folds\test_12060_33100\logs\imagenet_pretrain\train.log,C:\Users\Admin\Desktop\ShiXiaoYu\data\3.26plan_tripmode_v2_66fold\folds\test_12060_33100\logs\imagenet_pretrain\inference.log,0.08265072516435368,0.1002872417630795,-0.38359905890507084,0.05960270521034641,0.07168244183106592,-0.7310668813448333,0.03879261633028263,0.05524786436815398,0.024111793596479192,test_12060_33100,5,12060,33100,5,cosine,none
imagenet_pretrain,33100,0.06106404934140561,0.08151028132742247,-0.5638505740764165,C:\Users\Admin\Desktop\ShiXiaoYu\data\FineTuneResNet\city_prototypes_per_city\per_city_cluster_20260607_112308,C:\Users\Admin\Desktop\ShiXiaoYu\data\FineTuneResNet\expert_models_runs\expert_run_stage6_9_66fold_test_12060_33100_imagenet_pretrain\predictions\step6_expert_summary_student_20260607_112358.json,C:\Users\Admin\Desktop\ShiXiaoYu\data\FineTuneResNet\expert_models_runs\expert_run_stage6_9_66fold_test_12060_33100_imagenet_pretrain\predictions\evaluation_student_cbsa33100_knn_k5_none.json,C:\Users\Admin\Desktop\ShiXiaoYu\data\FineTuneResNet\expert_models_runs\expert_run_stage6_9_66fold_test_12060_33100_imagenet_pretrain\predictions\predictions_student_cbsa33100_knn_k5_none.csv,C:\Users\Admin\Desktop\ShiXiaoYu\data\3.26plan_tripmode_v2_66fold\folds\test_12060_33100\logs\imagenet_pretrain\train.log,C:\Users\Admin\Desktop\ShiXiaoYu\data\3.26plan_tripmode_v2_66fold\folds\test_12060_33100\logs\imagenet_pretrain\inference.log,0.08186728136642193,0.10536202475110806,-0.3379355133948845,0.05481763892970172,0.07030681830983308,-1.4335735981126807,0.04650722772809316,0.06886200092132624,0.07995738927831564,test_12060_33100,5,12060,33100,5,cosine,none
satellite_pretrain,12060,0.07118664143131444,0.08682301158760529,-0.7806853681885473,C:\Users\Admin\Desktop\ShiXiaoYu\data\FineTuneResNet\city_prototypes_per_city\per_city_cluster_20260607_112511,C:\Users\Admin\Desktop\ShiXiaoYu\data\FineTuneResNet\expert_models_runs\expert_run_stage6_9_66fold_test_12060_33100_satellite_pretrain\predictions\step6_expert_summary_student_20260607_112556.json,C:\Users\Admin\Desktop\ShiXiaoYu\data\FineTuneResNet\expert_models_runs\expert_run_stage6_9_66fold_test_12060_33100_satellite_pretrain\predictions\evaluation_student_cbsa12060_knn_k5_none.json,C:\Users\Admin\Desktop\ShiXiaoYu\data\FineTuneResNet\expert_models_runs\expert_run_stage6_9_66fold_test_12060_33100_satellite_pretrain\predictions\predictions_student_cbsa12060_knn_k5_none.csv,C:\Users\Admin\Desktop\ShiXiaoYu\data\3.26plan_tripmode_v2_66fold\folds\test_12060_33100\logs\satellite_pretrain\train.log,C:\Users\Admin\Desktop\ShiXiaoYu\data\3.26plan_tripmode_v2_66fold\folds\test_12060_33100\logs\satellite_pretrain\inference.log,0.09984807712079162,0.11919477835843403,-0.9544895147973629,0.06913656632377581,0.08194240950306583,-1.2620683638977863,0.04457528084937589,0.05933184690131599,-0.1254982258704922,test_12060_33100,5,12060,33100,5,cosine,none
satellite_pretrain,33100,0.07364501361360726,0.09604997641761115,-1.4156754469648165,C:\Users\Admin\Desktop\ShiXiaoYu\data\FineTuneResNet\city_prototypes_per_city\per_city_cluster_20260607_112511,C:\Users\Admin\Desktop\ShiXiaoYu\data\FineTuneResNet\expert_models_runs\expert_run_stage6_9_66fold_test_12060_33100_satellite_pretrain\predictions\step6_expert_summary_student_20260607_112556.json,C:\Users\Admin\Desktop\ShiXiaoYu\data\FineTuneResNet\expert_models_runs\expert_run_stage6_9_66fold_test_12060_33100_satellite_pretrain\predictions\evaluation_student_cbsa33100_knn_k5_none.json,C:\Users\Admin\Desktop\ShiXiaoYu\data\FineTuneResNet\expert_models_runs\expert_run_stage6_9_66fold_test_12060_33100_satellite_pretrain\predictions\predictions_student_cbsa33100_knn_k5_none.csv,C:\Users\Admin\Desktop\ShiXiaoYu\data\3.26plan_tripmode_v2_66fold\folds\test_12060_33100\logs\satellite_pretrain\train.log,C:\Users\Admin\Desktop\ShiXiaoYu\data\3.26plan_tripmode_v2_66fold\folds\test_12060_33100\logs\satellite_pretrain\inference.log,0.0980849524114403,0.12336423744778033,-0.8341950746085172,0.07610346882210739,0.09537069417110568,-3.4779525074722297,0.04674661960727409,0.06941499763394744,0.06512124118629692,test_12060_33100,5,12060,33100,5,cosine,none
single_task_backbone_finetune,12060,0.058528669967203774,0.07388924837968387,-0.29288094898115613,C:\Users\Admin\Desktop\ShiXiaoYu\data\FineTuneResNet\city_prototypes_per_city\per_city_cluster_20260607_112710,C:\Users\Admin\Desktop\ShiXiaoYu\data\FineTuneResNet\expert_models_runs\expert_run_stage6_9_66fold_test_12060_33100_single_task_backbone_finetune\predictions\step6_expert_summary_student_20260607_112757.json,C:\Users\Admin\Desktop\ShiXiaoYu\data\FineTuneResNet\expert_models_runs\expert_run_stage6_9_66fold_test_12060_33100_single_task_backbone_finetune\predictions\evaluation_student_cbsa12060_knn_k5_none.json,C:\Users\Admin\Desktop\ShiXiaoYu\data\FineTuneResNet\expert_models_runs\expert_run_stage6_9_66fold_test_12060_33100_single_task_backbone_finetune\predictions\predictions_student_cbsa12060_knn_k5_none.csv,C:\Users\Admin\Desktop\ShiXiaoYu\data\3.26plan_tripmode_v2_66fold\folds\test_12060_33100\logs\single_task_backbone_finetune\train.log,C:\Users\Admin\Desktop\ShiXiaoYu\data\3.26plan_tripmode_v2_66fold\folds\test_12060_33100\logs\single_task_backbone_finetune\inference.log,0.07847397972152018,0.0968843412933207,-0.29129677352053873,0.056479848053151725,0.0678594991278331,-0.551349196961163,0.04063218212693943,0.056923904717897794,-0.035996876461766636,test_12060_33100,5,12060,33100,5,cosine,none
single_task_backbone_finetune,33100,0.05599301631468263,0.08108242882338039,-0.579471945238458,C:\Users\Admin\Desktop\ShiXiaoYu\data\FineTuneResNet\city_prototypes_per_city\per_city_cluster_20260607_112710,C:\Users\Admin\Desktop\ShiXiaoYu\data\FineTuneResNet\expert_models_runs\expert_run_stage6_9_66fold_test_12060_33100_single_task_backbone_finetune\predictions\step6_expert_summary_student_20260607_112757.json,C:\Users\Admin\Desktop\ShiXiaoYu\data\FineTuneResNet\expert_models_runs\expert_run_stage6_9_66fold_test_12060_33100_single_task_backbone_finetune\predictions\evaluation_student_cbsa33100_knn_k5_none.json,C:\Users\Admin\Desktop\ShiXiaoYu\data\FineTuneResNet\expert_models_runs\expert_run_stage6_9_66fold_test_12060_33100_single_task_backbone_finetune\predictions\predictions_student_cbsa33100_knn_k5_none.csv,C:\Users\Admin\Desktop\ShiXiaoYu\data\3.26plan_tripmode_v2_66fold\folds\test_12060_33100\logs\single_task_backbone_finetune\train.log,C:\Users\Admin\Desktop\ShiXiaoYu\data\3.26plan_tripmode_v2_66fold\folds\test_12060_33100\logs\single_task_backbone_finetune\inference.log,0.07380884662526083,0.10500162121572418,-0.3287980279628524,0.05140084519481454,0.07213162418795659,-1.561539270557685,0.04276935712397254,0.06611404106646043,0.15192146280516317,test_12060_33100,5,12060,33100,5,cosine,none
clay_v1_5_768d,12060,0.06458171659022326,0.07902350211315137,-0.4945846261894544,C:\Users\Admin\Desktop\ShiXiaoYu\data\FineTuneResNet\city_prototypes_per_city\per_city_cluster_20260607_112904,C:\Users\Admin\Desktop\ShiXiaoYu\data\FineTuneResNet\expert_models_runs\expert_run_stage6_9_66fold_test_12060_35620_clay_v1_5_768d\predictions\step6_expert_summary_student_20260607_112945.json,C:\Users\Admin\Desktop\ShiXiaoYu\data\FineTuneResNet\expert_models_runs\expert_run_stage6_9_66fold_test_12060_35620_clay_v1_5_768d\predictions\evaluation_student_cbsa12060_knn_k5_none.json,C:\Users\Admin\Desktop\ShiXiaoYu\data\FineTuneResNet\expert_models_runs\expert_run_stage6_9_66fold_test_12060_35620_clay_v1_5_768d\predictions\predictions_student_cbsa12060_knn_k5_none.csv,C:\Users\Admin\Desktop\ShiXiaoYu\data\3.26plan_tripmode_v2_66fold\folds\test_12060_35620\logs\clay_v1_5_768d\train.log,C:\Users\Admin\Desktop\ShiXiaoYu\data\3.26plan_tripmode_v2_66fold\folds\test_12060_35620\logs\clay_v1_5_768d\inference.log,0.08722239457529,0.10455296434578869,-0.5038052113128617,0.06667404381953985,0.07682098861616266,-0.9881449725838125,0.039848711375839896,0.05569655337750276,0.008196305328310949,test_12060_35620,6,12060,35620,5,cosine,none
clay_v1_5_768d,35620,0.16673206203834248,0.2156026182106162,0.0654461123708268,C:\Users\Admin\Desktop\ShiXiaoYu\data\FineTuneResNet\city_prototypes_per_city\per_city_cluster_20260607_112904,C:\Users\Admin\Desktop\ShiXiaoYu\data\FineTuneResNet\expert_models_runs\expert_run_stage6_9_66fold_test_12060_35620_clay_v1_5_768d\predictions\step6_expert_summary_student_20260607_112945.json,C:\Users\Admin\Desktop\ShiXiaoYu\data\FineTuneResNet\expert_models_runs\expert_run_stage6_9_66fold_test_12060_35620_clay_v1_5_768d\predictions\evaluation_student_cbsa35620_knn_k5_none.json,C:\Users\Admin\Desktop\ShiXiaoYu\data\FineTuneResNet\expert_models_runs\expert_run_stage6_9_66fold_test_12060_35620_clay_v1_5_768d\predictions\predictions_student_cbsa35620_knn_k5_none.csv,C:\Users\Admin\Desktop\ShiXiaoYu\data\3.26plan_tripmode_v2_66fold\folds\test_12060_35620\logs\clay_v1_5_768d\train.log,C:\Users\Admin\Desktop\ShiXiaoYu\data\3.26plan_tripmode_v2_66fold\folds\test_12060_35620\logs\clay_v1_5_768d\inference.log,0.20425820130428893,0.2585935511358439,0.2997148408969923,0.21057661004799885,0.27952967768275794,-0.16960430701885088,0.08536137476273974,0.10868462581324671,0.06622780323433897,test_12060_35620,6,12060,35620,5,cosine,none
prithvi_eo_v2_1024d,12060,0.07767822554836201,0.0935199692336892,-1.0787182979748258,C:\Users\Admin\Desktop\ShiXiaoYu\data\FineTuneResNet\city_prototypes_per_city\per_city_cluster_20260607_113054,C:\Users\Admin\Desktop\ShiXiaoYu\data\FineTuneResNet\expert_models_runs\expert_run_stage6_9_66fold_test_12060_35620_prithvi_eo_v2_1024d\predictions\step6_expert_summary_student_20260607_113135.json,C:\Users\Admin\Desktop\ShiXiaoYu\data\FineTuneResNet\expert_models_runs\expert_run_stage6_9_66fold_test_12060_35620_prithvi_eo_v2_1024d\predictions\evaluation_student_cbsa12060_knn_k5_none.json,C:\Users\Admin\Desktop\ShiXiaoYu\data\FineTuneResNet\expert_models_runs\expert_run_stage6_9_66fold_test_12060_35620_prithvi_eo_v2_1024d\predictions\predictions_student_cbsa12060_knn_k5_none.csv,C:\Users\Admin\Desktop\ShiXiaoYu\data\3.26plan_tripmode_v2_66fold\folds\test_12060_35620\logs\prithvi_eo_v2_1024d\train.log,C:\Users\Admin\Desktop\ShiXiaoYu\data\3.26plan_tripmode_v2_66fold\folds\test_12060_35620\logs\prithvi_eo_v2_1024d\inference.log,0.10908127713408458,0.12791161011706872,-1.250809894425323,0.0761187317536938,0.09008224987919324,-1.733799845721006,0.04783466775730766,0.06256604770480563,-0.2515451537781488,test_12060_35620,6,12060,35620,5,cosine,none
prithvi_eo_v2_1024d,35620,0.20449170588664042,0.2737403025386303,-0.3923862396115147,C:\Users\Admin\Desktop\ShiXiaoYu\data\FineTuneResNet\city_prototypes_per_city\per_city_cluster_20260607_113054,C:\Users\Admin\Desktop\ShiXiaoYu\data\FineTuneResNet\expert_models_runs\expert_run_stage6_9_66fold_test_12060_35620_prithvi_eo_v2_1024d\predictions\step6_expert_summary_student_20260607_113135.json,C:\Users\Admin\Desktop\ShiXiaoYu\data\FineTuneResNet\expert_models_runs\expert_run_stage6_9_66fold_test_12060_35620_prithvi_eo_v2_1024d\predictions\evaluation_student_cbsa35620_knn_k5_none.json,C:\Users\Admin\Desktop\ShiXiaoYu\data\FineTuneResNet\expert_models_runs\expert_run_stage6_9_66fold_test_12060_35620_prithvi_eo_v2_1024d\predictions\predictions_student_cbsa35620_knn_k5_none.csv,C:\Users\Admin\Desktop\ShiXiaoYu\data\3.26plan_tripmode_v2_66fold\folds\test_12060_35620\logs\prithvi_eo_v2_1024d\train.log,C:\Users\Admin\Desktop\ShiXiaoYu\data\3.26plan_tripmode_v2_66fold\folds\test_12060_35620\logs\prithvi_eo_v2_1024d\inference.log,0.27806878517049965,0.36263835151649093,-0.3771682636184863,0.26040227559767554,0.34519518943988375,-0.7836620867690476,0.07500405689174602,0.11338736665951617,-0.016328368447010133,test_12060_35620,6,12060,35620,5,cosine,none
imagenet_pretrain,12060,0.05680303808888822,0.07159115858371976,-0.2131780408435319,C:\Users\Admin\Desktop\ShiXiaoYu\data\FineTuneResNet\city_prototypes_per_city\per_city_cluster_20260607_113249,C:\Users\Admin\Desktop\ShiXiaoYu\data\FineTuneResNet\expert_models_runs\expert_run_stage6_9_66fold_test_12060_35620_imagenet_pretrain\predictions\step6_expert_summary_student_20260607_113343.json,C:\Users\Admin\Desktop\ShiXiaoYu\data\FineTuneResNet\expert_models_runs\expert_run_stage6_9_66fold_test_12060_35620_imagenet_pretrain\predictions\evaluation_student_cbsa12060_knn_k5_none.json,C:\Users\Admin\Desktop\ShiXiaoYu\data\FineTuneResNet\expert_models_runs\expert_run_stage6_9_66fold_test_12060_35620_imagenet_pretrain\predictions\predictions_student_cbsa12060_knn_k5_none.csv,C:\Users\Admin\Desktop\ShiXiaoYu\data\3.26plan_tripmode_v2_66fold\folds\test_12060_35620\logs\imagenet_pretrain\train.log,C:\Users\Admin\Desktop\ShiXiaoYu\data\3.26plan_tripmode_v2_66fold\folds\test_12060_35620\logs\imagenet_pretrain\inference.log,0.07679755338840508,0.09416248499677937,-0.21976089681316568,0.05509376767046066,0.06586909694549556,-0.4616779126216062,0.038517793207798925,0.05474189380888434,0.04190468690417615,test_12060_35620,6,12060,35620,5,cosine,none
imagenet_pretrain,35620,0.18644177052274089,0.2487769707281445,-0.14437549011303089,C:\Users\Admin\Desktop\ShiXiaoYu\data\FineTuneResNet\city_prototypes_per_city\per_city_cluster_20260607_113249,C:\Users\Admin\Desktop\ShiXiaoYu\data\FineTuneResNet\expert_models_runs\expert_run_stage6_9_66fold_test_12060_35620_imagenet_pretrain\predictions\step6_expert_summary_student_20260607_113343.json,C:\Users\Admin\Desktop\ShiXiaoYu\data\FineTuneResNet\expert_models_runs\expert_run_stage6_9_66fold_test_12060_35620_imagenet_pretrain\predictions\evaluation_student_cbsa35620_knn_k5_none.json,C:\Users\Admin\Desktop\ShiXiaoYu\data\FineTuneResNet\expert_models_runs\expert_run_stage6_9_66fold_test_12060_35620_imagenet_pretrain\predictions\predictions_student_cbsa35620_knn_k5_none.csv,C:\Users\Admin\Desktop\ShiXiaoYu\data\3.26plan_tripmode_v2_66fold\folds\test_12060_35620\logs\imagenet_pretrain\train.log,C:\Users\Admin\Desktop\ShiXiaoYu\data\3.26plan_tripmode_v2_66fold\folds\test_12060_35620\logs\imagenet_pretrain\inference.log,0.2556165055971843,0.33173399155066774,-0.15244309729511318,0.23555824568530245,0.3132603807319485,-0.46890616735331836,0.06815056028573585,0.1013365399018172,0.18822279430933886,test_12060_35620,6,12060,35620,5,cosine,none
satellite_pretrain,12060,0.05979581939228634,0.07551699406818002,-0.338144934793323,C:\Users\Admin\Desktop\ShiXiaoYu\data\FineTuneResNet\city_prototypes_per_city\per_city_cluster_20260607_113453,C:\Users\Admin\Desktop\ShiXiaoYu\data\FineTuneResNet\expert_models_runs\expert_run_stage6_9_66fold_test_12060_35620_satellite_pretrain\predictions\step6_expert_summary_student_20260607_113534.json,C:\Users\Admin\Desktop\ShiXiaoYu\data\FineTuneResNet\expert_models_runs\expert_run_stage6_9_66fold_test_12060_35620_satellite_pretrain\predictions\evaluation_student_cbsa12060_knn_k5_none.json,C:\Users\Admin\Desktop\ShiXiaoYu\data\FineTuneResNet\expert_models_runs\expert_run_stage6_9_66fold_test_12060_35620_satellite_pretrain\predictions\predictions_student_cbsa12060_knn_k5_none.csv,C:\Users\Admin\Desktop\ShiXiaoYu\data\3.26plan_tripmode_v2_66fold\folds\test_12060_35620\logs\satellite_pretrain\train.log,C:\Users\Admin\Desktop\ShiXiaoYu\data\3.26plan_tripmode_v2_66fold\folds\test_12060_35620\logs\satellite_pretrain\inference.log,0.08269547115400573,0.1012549104428247,-0.4104284898076176,0.05508952267878662,0.06762369760197195,-0.5405865198325011,0.04160246434406666,0.05767237415974341,-0.06341979473985049,test_12060_35620,6,12060,35620,5,cosine,none
satellite_pretrain,35620,0.2064361281124557,0.2776753966107533,-0.4086016480566615,C:\Users\Admin\Desktop\ShiXiaoYu\data\FineTuneResNet\city_prototypes_per_city\per_city_cluster_20260607_113453,C:\Users\Admin\Desktop\ShiXiaoYu\data\FineTuneResNet\expert_models_runs\expert_run_stage6_9_66fold_test_12060_35620_satellite_pretrain\predictions\step6_expert_summary_student_20260607_113534.json,C:\Users\Admin\Desktop\ShiXiaoYu\data\FineTuneResNet\expert_models_runs\expert_run_stage6_9_66fold_test_12060_35620_satellite_pretrain\predictions\evaluation_student_cbsa35620_knn_k5_none.json,C:\Users\Admin\Desktop\ShiXiaoYu\data\FineTuneResNet\expert_models_runs\expert_run_stage6_9_66fold_test_12060_35620_satellite_pretrain\predictions\predictions_student_cbsa35620_knn_k5_none.csv,C:\Users\Admin\Desktop\ShiXiaoYu\data\3.26plan_tripmode_v2_66fold\folds\test_12060_35620\logs\satellite_pretrain\train.log,C:\Users\Admin\Desktop\ShiXiaoYu\data\3.26plan_tripmode_v2_66fold\folds\test_12060_35620\logs\satellite_pretrain\inference.log,0.28974804584169633,0.37781222644447293,-0.4948291508196003,0.26087471313837984,0.3465693830603466,-0.7978915774664899,0.06868562535729093,0.10864458032744027,0.06691578411610577,test_12060_35620,6,12060,35620,5,cosine,none
single_task_backbone_finetune,12060,0.05756507276912574,0.07348731878797794,-0.27983548004958086,C:\Users\Admin\Desktop\ShiXiaoYu\data\FineTuneResNet\city_prototypes_per_city\per_city_cluster_20260607_113628,C:\Users\Admin\Desktop\ShiXiaoYu\data\FineTuneResNet\expert_models_runs\expert_run_stage6_9_66fold_test_12060_35620_single_task_backbone_finetune\predictions\step6_expert_summary_student_20260607_113711.json,C:\Users\Admin\Desktop\ShiXiaoYu\data\FineTuneResNet\expert_models_runs\expert_run_stage6_9_66fold_test_12060_35620_single_task_backbone_finetune\predictions\evaluation_student_cbsa12060_knn_k5_none.json,C:\Users\Admin\Desktop\ShiXiaoYu\data\FineTuneResNet\expert_models_runs\expert_run_stage6_9_66fold_test_12060_35620_single_task_backbone_finetune\predictions\predictions_student_cbsa12060_knn_k5_none.csv,C:\Users\Admin\Desktop\ShiXiaoYu\data\3.26plan_tripmode_v2_66fold\folds\test_12060_35620\logs\single_task_backbone_finetune\train.log,C:\Users\Admin\Desktop\ShiXiaoYu\data\3.26plan_tripmode_v2_66fold\folds\test_12060_35620\logs\single_task_backbone_finetune\inference.log,0.07715886048136424,0.09622801621389507,-0.2738607297879516,0.055437662108134826,0.06767137324119829,-0.5427595550496207,0.04009869571787818,0.05656256690884045,-0.02288615531117033,test_12060_35620,6,12060,35620,5,cosine,none
single_task_backbone_finetune,35620,0.14605230380551604,0.18899245014668675,0.07797598119864135,C:\Users\Admin\Desktop\ShiXiaoYu\data\FineTuneResNet\city_prototypes_per_city\per_city_cluster_20260607_113628,C:\Users\Admin\Desktop\ShiXiaoYu\data\FineTuneResNet\expert_models_runs\expert_run_stage6_9_66fold_test_12060_35620_single_task_backbone_finetune\predictions\step6_expert_summary_student_20260607_113711.json,C:\Users\Admin\Desktop\ShiXiaoYu\data\FineTuneResNet\expert_models_runs\expert_run_stage6_9_66fold_test_12060_35620_single_task_backbone_finetune\predictions\evaluation_student_cbsa35620_knn_k5_none.json,C:\Users\Admin\Desktop\ShiXiaoYu\data\FineTuneResNet\expert_models_runs\expert_run_stage6_9_66fold_test_12060_35620_single_task_backbone_finetune\predictions\predictions_student_cbsa35620_knn_k5_none.csv,C:\Users\Admin\Desktop\ShiXiaoYu\data\3.26plan_tripmode_v2_66fold\folds\test_12060_35620\logs\single_task_backbone_finetune\train.log,C:\Users\Admin\Desktop\ShiXiaoYu\data\3.26plan_tripmode_v2_66fold\folds\test_12060_35620\logs\single_task_backbone_finetune\inference.log,0.14925952812048654,0.19010632370825087,0.621528946297101,0.1790054588293443,0.23698074228981017,0.15936160417132816,0.10989192446671728,0.13989028444199927,-0.5469626068725051,test_12060_35620,6,12060,35620,5,cosine,none
clay_v1_5_768d,12060,0.05997132760106843,0.07485245029712508,-0.3277173796589196,C:\Users\Admin\Desktop\ShiXiaoYu\data\FineTuneResNet\city_prototypes_per_city\per_city_cluster_20260607_113804,C:\Users\Admin\Desktop\ShiXiaoYu\data\FineTuneResNet\expert_models_runs\expert_run_stage6_9_66fold_test_12060_38060_clay_v1_5_768d\predictions\step6_expert_summary_student_20260607_113839.json,C:\Users\Admin\Desktop\ShiXiaoYu\data\FineTuneResNet\expert_models_runs\expert_run_stage6_9_66fold_test_12060_38060_clay_v1_5_768d\predictions\evaluation_student_cbsa12060_knn_k5_none.json,C:\Users\Admin\Desktop\ShiXiaoYu\data\FineTuneResNet\expert_models_runs\expert_run_stage6_9_66fold_test_12060_38060_clay_v1_5_768d\predictions\predictions_student_cbsa12060_knn_k5_none.csv,C:\Users\Admin\Desktop\ShiXiaoYu\data\3.26plan_tripmode_v2_66fold\folds\test_12060_38060\logs\clay_v1_5_768d\train.log,C:\Users\Admin\Desktop\ShiXiaoYu\data\3.26plan_tripmode_v2_66fold\folds\test_12060_38060\logs\clay_v1_5_768d\inference.log,0.08336013997108684,0.10032304544648381,-0.3845871563857941,0.0583898897287428,0.07057480332632605,-0.6779832402050836,0.03816395310337565,0.05365950211856534,0.07941825761411891,test_12060_38060,7,12060,38060,5,cosine,none
clay_v1_5_768d,38060,0.053056939848748715,0.06448098105165748,-1.8893090362337432,C:\Users\Admin\Desktop\ShiXiaoYu\data\FineTuneResNet\city_prototypes_per_city\per_city_cluster_20260607_113804,C:\Users\Admin\Desktop\ShiXiaoYu\data\FineTuneResNet\expert_models_runs\expert_run_stage6_9_66fold_test_12060_38060_clay_v1_5_768d\predictions\step6_expert_summary_student_20260607_113839.json,C:\Users\Admin\Desktop\ShiXiaoYu\data\FineTuneResNet\expert_models_runs\expert_run_stage6_9_66fold_test_12060_38060_clay_v1_5_768d\predictions\evaluation_student_cbsa38060_knn_k5_none.json,C:\Users\Admin\Desktop\ShiXiaoYu\data\FineTuneResNet\expert_models_runs\expert_run_stage6_9_66fold_test_12060_38060_clay_v1_5_768d\predictions\predictions_student_cbsa38060_knn_k5_none.csv,C:\Users\Admin\Desktop\ShiXiaoYu\data\3.26plan_tripmode_v2_66fold\folds\test_12060_38060\logs\clay_v1_5_768d\train.log,C:\Users\Admin\Desktop\ShiXiaoYu\data\3.26plan_tripmode_v2_66fold\folds\test_12060_38060\logs\clay_v1_5_768d\inference.log,0.07055040247558957,0.08429353547249334,-1.0868144700330236,0.052222841269127525,0.059120945777716184,-4.477693431032437,0.03639757580152906,0.05002846190476289,-0.10341920763576984,test_12060_38060,7,12060,38060,5,cosine,none
prithvi_eo_v2_1024d,12060,0.09021322157245627,0.10593983251978019,-1.670427717903288,C:\Users\Admin\Desktop\ShiXiaoYu\data\FineTuneResNet\city_prototypes_per_city\per_city_cluster_20260607_113932,C:\Users\Admin\Desktop\ShiXiaoYu\data\FineTuneResNet\expert_models_runs\expert_run_stage6_9_66fold_test_12060_38060_prithvi_eo_v2_1024d\predictions\step6_expert_summary_student_20260607_114005.json,C:\Users\Admin\Desktop\ShiXiaoYu\data\FineTuneResNet\expert_models_runs\expert_run_stage6_9_66fold_test_12060_38060_prithvi_eo_v2_1024d\predictions\evaluation_student_cbsa12060_knn_k5_none.json,C:\Users\Admin\Desktop\ShiXiaoYu\data\FineTuneResNet\expert_models_runs\expert_run_stage6_9_66fold_test_12060_38060_prithvi_eo_v2_1024d\predictions\predictions_student_cbsa12060_knn_k5_none.csv,C:\Users\Admin\Desktop\ShiXiaoYu\data\3.26plan_tripmode_v2_66fold\folds\test_12060_38060\logs\prithvi_eo_v2_1024d\train.log,C:\Users\Admin\Desktop\ShiXiaoYu\data\3.26plan_tripmode_v2_66fold\folds\test_12060_38060\logs\prithvi_eo_v2_1024d\inference.log,0.12797289101338993,0.14767277963753145,-1.999989836742218,0.08904757947449601,0.10283733660852992,-2.562787387637424,0.05361919422948287,0.06730938131327925,-0.4485059293302216,test_12060_38060,7,12060,38060,5,cosine,none
prithvi_eo_v2_1024d,38060,0.04853561165861096,0.06064808276524861,-1.3969594357552804,C:\Users\Admin\Desktop\ShiXiaoYu\data\FineTuneResNet\city_prototypes_per_city\per_city_cluster_20260607_113932,C:\Users\Admin\Desktop\ShiXiaoYu\data\FineTuneResNet\expert_models_runs\expert_run_stage6_9_66fold_test_12060_38060_prithvi_eo_v2_1024d\predictions\step6_expert_summary_student_20260607_114005.json,C:\Users\Admin\Desktop\ShiXiaoYu\data\FineTuneResNet\expert_models_runs\expert_run_stage6_9_66fold_test_12060_38060_prithvi_eo_v2_1024d\predictions\evaluation_student_cbsa38060_knn_k5_none.json,C:\Users\Admin\Desktop\ShiXiaoYu\data\FineTuneResNet\expert_models_runs\expert_run_stage6_9_66fold_test_12060_38060_prithvi_eo_v2_1024d\predictions\predictions_student_cbsa38060_knn_k5_none.csv,C:\Users\Admin\Desktop\ShiXiaoYu\data\3.26plan_tripmode_v2_66fold\folds\test_12060_38060\logs\prithvi_eo_v2_1024d\train.log,C:\Users\Admin\Desktop\ShiXiaoYu\data\3.26plan_tripmode_v2_66fold\folds\test_12060_38060\logs\prithvi_eo_v2_1024d\inference.log,0.06475275454678135,0.0802937790962807,-0.8934729186740926,0.0453261917651219,0.051772466932813725,-3.2006132247343437,0.03552788866392964,0.04987800226665144,-0.09679216385740497,test_12060_38060,7,12060,38060,5,cosine,none
imagenet_pretrain,12060,0.06099851784206872,0.0761554130634896,-0.37931588796278265,C:\Users\Admin\Desktop\ShiXiaoYu\data\FineTuneResNet\city_prototypes_per_city\per_city_cluster_20260607_114101,C:\Users\Admin\Desktop\ShiXiaoYu\data\FineTuneResNet\expert_models_runs\expert_run_stage6_9_66fold_test_12060_38060_imagenet_pretrain\predictions\step6_expert_summary_student_20260607_114141.json,C:\Users\Admin\Desktop\ShiXiaoYu\data\FineTuneResNet\expert_models_runs\expert_run_stage6_9_66fold_test_12060_38060_imagenet_pretrain\predictions\evaluation_student_cbsa12060_knn_k5_none.json,C:\Users\Admin\Desktop\ShiXiaoYu\data\FineTuneResNet\expert_models_runs\expert_run_stage6_9_66fold_test_12060_38060_imagenet_pretrain\predictions\predictions_student_cbsa12060_knn_k5_none.csv,C:\Users\Admin\Desktop\ShiXiaoYu\data\3.26plan_tripmode_v2_66fold\folds\test_12060_38060\logs\imagenet_pretrain\train.log,C:\Users\Admin\Desktop\ShiXiaoYu\data\3.26plan_tripmode_v2_66fold\folds\test_12060_38060\logs\imagenet_pretrain\inference.log,0.08316701541659967,0.10061054169322123,-0.392534163484614,0.060542411897626755,0.0721161823121704,-0.7520791504045954,0.03928612621197974,0.055739515185077165,0.0066656500008616115,test_12060_38060,7,12060,38060,5,cosine,none
imagenet_pretrain,38060,0.04396398491289935,0.05538561381509686,-1.0007884078729472,C:\Users\Admin\Desktop\ShiXiaoYu\data\FineTuneResNet\city_prototypes_per_city\per_city_cluster_20260607_114101,C:\Users\Admin\Desktop\ShiXiaoYu\data\FineTuneResNet\expert_models_runs\expert_run_stage6_9_66fold_test_12060_38060_imagenet_pretrain\predictions\step6_expert_summary_student_20260607_114141.json,C:\Users\Admin\Desktop\ShiXiaoYu\data\FineTuneResNet\expert_models_runs\expert_run_stage6_9_66fold_test_12060_38060_imagenet_pretrain\predictions\evaluation_student_cbsa38060_knn_k5_none.json,C:\Users\Admin\Desktop\ShiXiaoYu\data\FineTuneResNet\expert_models_runs\expert_run_stage6_9_66fold_test_12060_38060_imagenet_pretrain\predictions\predictions_student_cbsa38060_knn_k5_none.csv,C:\Users\Admin\Desktop\ShiXiaoYu\data\3.26plan_tripmode_v2_66fold\folds\test_12060_38060\logs\imagenet_pretrain\train.log,C:\Users\Admin\Desktop\ShiXiaoYu\data\3.26plan_tripmode_v2_66fold\folds\test_12060_38060\logs\imagenet_pretrain\inference.log,0.057736058362881294,0.07146940760467504,-0.5001533805773637,0.04149181986796032,0.04735641633064998,-2.5145735515258023,0.03266407650785643,0.047331017509965566,0.01236170848432383,test_12060_38060,7,12060,38060,5,cosine,none
satellite_pretrain,12060,0.07285237361565862,0.08910872300789797,-0.8630534989784152,C:\Users\Admin\Desktop\ShiXiaoYu\data\FineTuneResNet\city_prototypes_per_city\per_city_cluster_20260607_114237,C:\Users\Admin\Desktop\ShiXiaoYu\data\FineTuneResNet\expert_models_runs\expert_run_stage6_9_66fold_test_12060_38060_satellite_pretrain\predictions\step6_expert_summary_student_20260607_114314.json,C:\Users\Admin\Desktop\ShiXiaoYu\data\FineTuneResNet\expert_models_runs\expert_run_stage6_9_66fold_test_12060_38060_satellite_pretrain\predictions\evaluation_student_cbsa12060_knn_k5_none.json,C:\Users\Admin\Desktop\ShiXiaoYu\data\FineTuneResNet\expert_models_runs\expert_run_stage6_9_66fold_test_12060_38060_satellite_pretrain\predictions\predictions_student_cbsa12060_knn_k5_none.csv,C:\Users\Admin\Desktop\ShiXiaoYu\data\3.26plan_tripmode_v2_66fold\folds\test_12060_38060\logs\satellite_pretrain\train.log,C:\Users\Admin\Desktop\ShiXiaoYu\data\3.26plan_tripmode_v2_66fold\folds\test_12060_38060\logs\satellite_pretrain\inference.log,0.10421134421696365,0.1246040199442117,-1.135910208374979,0.06938420852990895,0.08254460264878424,-1.295438323853349,0.04496156810010323,0.06017754643069798,-0.1578119647069176,test_12060_38060,7,12060,38060,5,cosine,none
satellite_pretrain,38060,0.03960567321797593,0.053936453981174,-0.9393024196705376,C:\Users\Admin\Desktop\ShiXiaoYu\data\FineTuneResNet\city_prototypes_per_city\per_city_cluster_20260607_114237,C:\Users\Admin\Desktop\ShiXiaoYu\data\FineTuneResNet\expert_models_runs\expert_run_stage6_9_66fold_test_12060_38060_satellite_pretrain\predictions\step6_expert_summary_student_20260607_114314.json,C:\Users\Admin\Desktop\ShiXiaoYu\data\FineTuneResNet\expert_models_runs\expert_run_stage6_9_66fold_test_12060_38060_satellite_pretrain\predictions\evaluation_student_cbsa38060_knn_k5_none.json,C:\Users\Admin\Desktop\ShiXiaoYu\data\FineTuneResNet\expert_models_runs\expert_run_stage6_9_66fold_test_12060_38060_satellite_pretrain\predictions\predictions_student_cbsa38060_knn_k5_none.csv,C:\Users\Admin\Desktop\ShiXiaoYu\data\3.26plan_tripmode_v2_66fold\folds\test_12060_38060\logs\satellite_pretrain\train.log,C:\Users\Admin\Desktop\ShiXiaoYu\data\3.26plan_tripmode_v2_66fold\folds\test_12060_38060\logs\satellite_pretrain\inference.log,0.05035667748343545,0.06740522974945772,-0.3343891037286204,0.03759955257390225,0.047291764195476454,-2.504983738968906,0.030860789596590096,0.04711236799858783,0.02146558368591278,test_12060_38060,7,12060,38060,5,cosine,none
single_task_backbone_finetune,12060,0.058741523374880734,0.07460397443206894,-0.31390864912300037,C:\Users\Admin\Desktop\ShiXiaoYu\data\FineTuneResNet\city_prototypes_per_city\per_city_cluster_20260607_114410,C:\Users\Admin\Desktop\ShiXiaoYu\data\FineTuneResNet\expert_models_runs\expert_run_stage6_9_66fold_test_12060_38060_single_task_backbone_finetune\predictions\step6_expert_summary_student_20260607_114450.json,C:\Users\Admin\Desktop\ShiXiaoYu\data\FineTuneResNet\expert_models_runs\expert_run_stage6_9_66fold_test_12060_38060_single_task_backbone_finetune\predictions\evaluation_student_cbsa12060_knn_k5_none.json,C:\Users\Admin\Desktop\ShiXiaoYu\data\FineTuneResNet\expert_models_runs\expert_run_stage6_9_66fold_test_12060_38060_single_task_backbone_finetune\predictions\predictions_student_cbsa12060_knn_k5_none.csv,C:\Users\Admin\Desktop\ShiXiaoYu\data\3.26plan_tripmode_v2_66fold\folds\test_12060_38060\logs\single_task_backbone_finetune\train.log,C:\Users\Admin\Desktop\ShiXiaoYu\data\3.26plan_tripmode_v2_66fold\folds\test_12060_38060\logs\single_task_backbone_finetune\inference.log,0.07988751659682095,0.09873213059498366,-0.34102199820616463,0.055978984002456746,0.06813239812210108,-0.5638518803516022,0.04035806952536453,0.05694739457912206,-0.03685206881123437,test_12060_38060,7,12060,38060,5,cosine,none
single_task_backbone_finetune,38060,0.03633043384260385,0.04753119202920696,-0.343713796980776,C:\Users\Admin\Desktop\ShiXiaoYu\data\FineTuneResNet\city_prototypes_per_city\per_city_cluster_20260607_114410,C:\Users\Admin\Desktop\ShiXiaoYu\data\FineTuneResNet\expert_models_runs\expert_run_stage6_9_66fold_test_12060_38060_single_task_backbone_finetune\predictions\step6_expert_summary_student_20260607_114450.json,C:\Users\Admin\Desktop\ShiXiaoYu\data\FineTuneResNet\expert_models_runs\expert_run_stage6_9_66fold_test_12060_38060_single_task_backbone_finetune\predictions\evaluation_student_cbsa38060_knn_k5_none.json,C:\Users\Admin\Desktop\ShiXiaoYu\data\FineTuneResNet\expert_models_runs\expert_run_stage6_9_66fold_test_12060_38060_single_task_backbone_finetune\predictions\predictions_student_cbsa38060_knn_k5_none.csv,C:\Users\Admin\Desktop\ShiXiaoYu\data\3.26plan_tripmode_v2_66fold\folds\test_12060_38060\logs\single_task_backbone_finetune\train.log,C:\Users\Admin\Desktop\ShiXiaoYu\data\3.26plan_tripmode_v2_66fold\folds\test_12060_38060\logs\single_task_backbone_finetune\inference.log,0.04725315303127527,0.06048524347168769,-0.07446968449735047,0.030817069803088886,0.035837923180980696,-1.012800098245445,0.03092107869344739,0.046270409434952496,0.05612839180046758,test_12060_38060,7,12060,38060,5,cosine,none
clay_v1_5_768d,12060,0.06619891977605659,0.0804425600973232,-0.547053192331809,C:\Users\Admin\Desktop\ShiXiaoYu\data\FineTuneResNet\city_prototypes_per_city\per_city_cluster_20260607_114542,C:\Users\Admin\Desktop\ShiXiaoYu\data\FineTuneResNet\expert_models_runs\expert_run_stage6_9_66fold_test_12060_41860_clay_v1_5_768d\predictions\step6_expert_summary_student_20260607_114616.json,C:\Users\Admin\Desktop\ShiXiaoYu\data\FineTuneResNet\expert_models_runs\expert_run_stage6_9_66fold_test_12060_41860_clay_v1_5_768d\predictions\evaluation_student_cbsa12060_knn_k5_none.json,C:\Users\Admin\Desktop\ShiXiaoYu\data\FineTuneResNet\expert_models_runs\expert_run_stage6_9_66fold_test_12060_41860_clay_v1_5_768d\predictions\predictions_student_cbsa12060_knn_k5_none.csv,C:\Users\Admin\Desktop\ShiXiaoYu\data\3.26plan_tripmode_v2_66fold\folds\test_12060_41860\logs\clay_v1_5_768d\train.log,C:\Users\Admin\Desktop\ShiXiaoYu\data\3.26plan_tripmode_v2_66fold\folds\test_12060_41860\logs\clay_v1_5_768d\inference.log,0.0917902719199445,0.10801868185855064,-0.6051537242667857,0.06737258520460651,0.07847526790432442,-1.0746931815521945,0.03943390220361872,0.05483373052909453,0.03868732882355308,test_12060_41860,8,12060,41860,5,cosine,none
clay_v1_5_768d,41860,0.09810183171085425,0.1361740034020664,0.21744931216239458,C:\Users\Admin\Desktop\ShiXiaoYu\data\FineTuneResNet\city_prototypes_per_city\per_city_cluster_20260607_114542,C:\Users\Admin\Desktop\ShiXiaoYu\data\FineTuneResNet\expert_models_runs\expert_run_stage6_9_66fold_test_12060_41860_clay_v1_5_768d\predictions\step6_expert_summary_student_20260607_114616.json,C:\Users\Admin\Desktop\ShiXiaoYu\data\FineTuneResNet\expert_models_runs\expert_run_stage6_9_66fold_test_12060_41860_clay_v1_5_768d\predictions\evaluation_student_cbsa41860_knn_k5_none.json,C:\Users\Admin\Desktop\ShiXiaoYu\data\FineTuneResNet\expert_models_runs\expert_run_stage6_9_66fold_test_12060_41860_clay_v1_5_768d\predictions\predictions_student_cbsa41860_knn_k5_none.csv,C:\Users\Admin\Desktop\ShiXiaoYu\data\3.26plan_tripmode_v2_66fold\folds\test_12060_41860\logs\clay_v1_5_768d\train.log,C:\Users\Admin\Desktop\ShiXiaoYu\data\3.26plan_tripmode_v2_66fold\folds\test_12060_41860\logs\clay_v1_5_768d\inference.log,0.1355409233253364,0.18162446712358593,0.2868887954320123,0.0831082883201069,0.10874324181373402,0.21703144994515944,0.07565628348711947,0.11815430126887919,0.14842769111001197,test_12060_41860,8,12060,41860,5,cosine,none
prithvi_eo_v2_1024d,12060,0.08502694310374966,0.10170720449389768,-1.5050525976261095,C:\Users\Admin\Desktop\ShiXiaoYu\data\FineTuneResNet\city_prototypes_per_city\per_city_cluster_20260607_114707,C:\Users\Admin\Desktop\ShiXiaoYu\data\FineTuneResNet\expert_models_runs\expert_run_stage6_9_66fold_test_12060_41860_prithvi_eo_v2_1024d\predictions\step6_expert_summary_student_20260607_114741.json,C:\Users\Admin\Desktop\ShiXiaoYu\data\FineTuneResNet\expert_models_runs\expert_run_stage6_9_66fold_test_12060_41860_prithvi_eo_v2_1024d\predictions\evaluation_student_cbsa12060_knn_k5_none.json,C:\Users\Admin\Desktop\ShiXiaoYu\data\FineTuneResNet\expert_models_runs\expert_run_stage6_9_66fold_test_12060_41860_prithvi_eo_v2_1024d\predictions\predictions_student_cbsa12060_knn_k5_none.csv,C:\Users\Admin\Desktop\ShiXiaoYu\data\3.26plan_tripmode_v2_66fold\folds\test_12060_41860\logs\prithvi_eo_v2_1024d\train.log,C:\Users\Admin\Desktop\ShiXiaoYu\data\3.26plan_tripmode_v2_66fold\folds\test_12060_41860\logs\prithvi_eo_v2_1024d\inference.log,0.11995751125869566,0.13970131951509013,-1.684849216924372,0.08805232382336099,0.10335401670554178,-2.59867796519857,0.04707099422919233,0.06206627726106114,-0.23163061075538693,test_12060_41860,8,12060,41860,5,cosine,none
prithvi_eo_v2_1024d,41860,0.11852207109770761,0.17553618323812534,-0.2867755059700729,C:\Users\Admin\Desktop\ShiXiaoYu\data\FineTuneResNet\city_prototypes_per_city\per_city_cluster_20260607_114707,C:\Users\Admin\Desktop\ShiXiaoYu\data\FineTuneResNet\expert_models_runs\expert_run_stage6_9_66fold_test_12060_41860_prithvi_eo_v2_1024d\predictions\step6_expert_summary_student_20260607_114741.json,C:\Users\Admin\Desktop\ShiXiaoYu\data\FineTuneResNet\expert_models_runs\expert_run_stage6_9_66fold_test_12060_41860_prithvi_eo_v2_1024d\predictions\evaluation_student_cbsa41860_knn_k5_none.json,C:\Users\Admin\Desktop\ShiXiaoYu\data\FineTuneResNet\expert_models_runs\expert_run_stage6_9_66fold_test_12060_41860_prithvi_eo_v2_1024d\predictions\predictions_student_cbsa41860_knn_k5_none.csv,C:\Users\Admin\Desktop\ShiXiaoYu\data\3.26plan_tripmode_v2_66fold\folds\test_12060_41860\logs\prithvi_eo_v2_1024d\train.log,C:\Users\Admin\Desktop\ShiXiaoYu\data\3.26plan_tripmode_v2_66fold\folds\test_12060_41860\logs\prithvi_eo_v2_1024d\inference.log,0.16607454534401936,0.24398324711364677,-0.28685189930963695,0.10997753373662639,0.15267279419561952,-0.5433451951421897,0.07951413421247705,0.12995250840510966,-0.03012942345839198,test_12060_41860,8,12060,41860,5,cosine,none
imagenet_pretrain,12060,0.05732743460405302,0.07352050991968807,-0.2826707522759811,C:\Users\Admin\Desktop\ShiXiaoYu\data\FineTuneResNet\city_prototypes_per_city\per_city_cluster_20260607_114836,C:\Users\Admin\Desktop\ShiXiaoYu\data\FineTuneResNet\expert_models_runs\expert_run_stage6_9_66fold_test_12060_41860_imagenet_pretrain\predictions\step6_expert_summary_student_20260607_114917.json,C:\Users\Admin\Desktop\ShiXiaoYu\data\FineTuneResNet\expert_models_runs\expert_run_stage6_9_66fold_test_12060_41860_imagenet_pretrain\predictions\evaluation_student_cbsa12060_knn_k5_none.json,C:\Users\Admin\Desktop\ShiXiaoYu\data\FineTuneResNet\expert_models_runs\expert_run_stage6_9_66fold_test_12060_41860_imagenet_pretrain\predictions\predictions_student_cbsa12060_knn_k5_none.csv,C:\Users\Admin\Desktop\ShiXiaoYu\data\3.26plan_tripmode_v2_66fold\folds\test_12060_41860\logs\imagenet_pretrain\train.log,C:\Users\Admin\Desktop\ShiXiaoYu\data\3.26plan_tripmode_v2_66fold\folds\test_12060_41860\logs\imagenet_pretrain\inference.log,0.07808119829204417,0.09676314876281232,-0.2880682302599551,0.05605404302249689,0.06863760461501238,-0.5871300079659243,0.037847062497617975,0.055160776381239535,0.027185981397936043,test_12060_41860,8,12060,41860,5,cosine,none
imagenet_pretrain,41860,0.09828498262260359,0.14798044437064514,0.08330203833074075,C:\Users\Admin\Desktop\ShiXiaoYu\data\FineTuneResNet\city_prototypes_per_city\per_city_cluster_20260607_114836,C:\Users\Admin\Desktop\ShiXiaoYu\data\FineTuneResNet\expert_models_runs\expert_run_stage6_9_66fold_test_12060_41860_imagenet_pretrain\predictions\step6_expert_summary_student_20260607_114917.json,C:\Users\Admin\Desktop\ShiXiaoYu\data\FineTuneResNet\expert_models_runs\expert_run_stage6_9_66fold_test_12060_41860_imagenet_pretrain\predictions\evaluation_student_cbsa41860_knn_k5_none.json,C:\Users\Admin\Desktop\ShiXiaoYu\data\FineTuneResNet\expert_models_runs\expert_run_stage6_9_66fold_test_12060_41860_imagenet_pretrain\predictions\predictions_student_cbsa41860_knn_k5_none.csv,C:\Users\Admin\Desktop\ShiXiaoYu\data\3.26plan_tripmode_v2_66fold\folds\test_12060_41860\logs\imagenet_pretrain\train.log,C:\Users\Admin\Desktop\ShiXiaoYu\data\3.26plan_tripmode_v2_66fold\folds\test_12060_41860\logs\imagenet_pretrain\inference.log,0.13635019836776288,0.20098410296924968,0.12676332022961534,0.08526122227313067,0.12114473410925025,0.028262756285397428,0.0732435272269172,0.12181249603343547,0.0948800384772095,test_12060_41860,8,12060,41860,5,cosine,none
satellite_pretrain,12060,0.0698695418069319,0.08666983431039349,-0.7694879294392653,C:\Users\Admin\Desktop\ShiXiaoYu\data\FineTuneResNet\city_prototypes_per_city\per_city_cluster_20260607_115011,C:\Users\Admin\Desktop\ShiXiaoYu\data\FineTuneResNet\expert_models_runs\expert_run_stage6_9_66fold_test_12060_41860_satellite_pretrain\predictions\step6_expert_summary_student_20260607_115049.json,C:\Users\Admin\Desktop\ShiXiaoYu\data\FineTuneResNet\expert_models_runs\expert_run_stage6_9_66fold_test_12060_41860_satellite_pretrain\predictions\evaluation_student_cbsa12060_knn_k5_none.json,C:\Users\Admin\Desktop\ShiXiaoYu\data\FineTuneResNet\expert_models_runs\expert_run_stage6_9_66fold_test_12060_41860_satellite_pretrain\predictions\predictions_student_cbsa12060_knn_k5_none.csv,C:\Users\Admin\Desktop\ShiXiaoYu\data\3.26plan_tripmode_v2_66fold\folds\test_12060_41860\logs\satellite_pretrain\train.log,C:\Users\Admin\Desktop\ShiXiaoYu\data\3.26plan_tripmode_v2_66fold\folds\test_12060_41860\logs\satellite_pretrain\inference.log,0.09786651304043341,0.11905537153351602,-0.9499203575701614,0.06760339887609522,0.0809368093156176,-1.2068886697365913,0.04413871350426709,0.06001732208204686,-0.15165476101104347,test_12060_41860,8,12060,41860,5,cosine,none
satellite_pretrain,41860,0.10012894817818689,0.15000643922389395,0.057792964826591575,C:\Users\Admin\Desktop\ShiXiaoYu\data\FineTuneResNet\city_prototypes_per_city\per_city_cluster_20260607_115011,C:\Users\Admin\Desktop\ShiXiaoYu\data\FineTuneResNet\expert_models_runs\expert_run_stage6_9_66fold_test_12060_41860_satellite_pretrain\predictions\step6_expert_summary_student_20260607_115049.json,C:\Users\Admin\Desktop\ShiXiaoYu\data\FineTuneResNet\expert_models_runs\expert_run_stage6_9_66fold_test_12060_41860_satellite_pretrain\predictions\evaluation_student_cbsa41860_knn_k5_none.json,C:\Users\Admin\Desktop\ShiXiaoYu\data\FineTuneResNet\expert_models_runs\expert_run_stage6_9_66fold_test_12060_41860_satellite_pretrain\predictions\predictions_student_cbsa41860_knn_k5_none.csv,C:\Users\Admin\Desktop\ShiXiaoYu\data\3.26plan_tripmode_v2_66fold\folds\test_12060_41860\logs\satellite_pretrain\train.log,C:\Users\Admin\Desktop\ShiXiaoYu\data\3.26plan_tripmode_v2_66fold\folds\test_12060_41860\logs\satellite_pretrain\inference.log,0.13897530663979799,0.20368575141463494,0.10312926519488619,0.08682385225542019,0.1231243931651243,-0.0037555789750336466,0.07458768563934247,0.12320917309192266,0.07400520825992218,test_12060_41860,8,12060,41860,5,cosine,none
single_task_backbone_finetune,12060,0.05466793675710694,0.07160990080239503,-0.2078538809533541,C:\Users\Admin\Desktop\ShiXiaoYu\data\FineTuneResNet\city_prototypes_per_city\per_city_cluster_20260607_115144,C:\Users\Admin\Desktop\ShiXiaoYu\data\FineTuneResNet\expert_models_runs\expert_run_stage6_9_66fold_test_12060_41860_single_task_backbone_finetune\predictions\step6_expert_summary_student_20260607_115224.json,C:\Users\Admin\Desktop\ShiXiaoYu\data\FineTuneResNet\expert_models_runs\expert_run_stage6_9_66fold_test_12060_41860_single_task_backbone_finetune\predictions\evaluation_student_cbsa12060_knn_k5_none.json,C:\Users\Admin\Desktop\ShiXiaoYu\data\FineTuneResNet\expert_models_runs\expert_run_stage6_9_66fold_test_12060_41860_single_task_backbone_finetune\predictions\predictions_student_cbsa12060_knn_k5_none.csv,C:\Users\Admin\Desktop\ShiXiaoYu\data\3.26plan_tripmode_v2_66fold\folds\test_12060_41860\logs\single_task_backbone_finetune\train.log,C:\Users\Admin\Desktop\ShiXiaoYu\data\3.26plan_tripmode_v2_66fold\folds\test_12060_41860\logs\single_task_backbone_finetune\inference.log,0.0740406479457666,0.09456037191168205,-0.2300909615554081,0.05087519143124711,0.06417380445435872,-0.38740686418903514,0.0390879708943071,0.0560955260411443,-0.006063817115619097,test_12060_41860,8,12060,41860,5,cosine,none
single_task_backbone_finetune,41860,0.0772897910334797,0.10947990793581285,0.477083013885185,C:\Users\Admin\Desktop\ShiXiaoYu\data\FineTuneResNet\city_prototypes_per_city\per_city_cluster_20260607_115144,C:\Users\Admin\Desktop\ShiXiaoYu\data\FineTuneResNet\expert_models_runs\expert_run_stage6_9_66fold_test_12060_41860_single_task_backbone_finetune\predictions\step6_expert_summary_student_20260607_115224.json,C:\Users\Admin\Desktop\ShiXiaoYu\data\FineTuneResNet\expert_models_runs\expert_run_stage6_9_66fold_test_12060_41860_single_task_backbone_finetune\predictions\evaluation_student_cbsa41860_knn_k5_none.json,C:\Users\Admin\Desktop\ShiXiaoYu\data\FineTuneResNet\expert_models_runs\expert_run_stage6_9_66fold_test_12060_41860_single_task_backbone_finetune\predictions\predictions_student_cbsa41860_knn_k5_none.csv,C:\Users\Admin\Desktop\ShiXiaoYu\data\3.26plan_tripmode_v2_66fold\folds\test_12060_41860\logs\single_task_backbone_finetune\train.log,C:\Users\Admin\Desktop\ShiXiaoYu\data\3.26plan_tripmode_v2_66fold\folds\test_12060_41860\logs\single_task_backbone_finetune\inference.log,0.09935966665300341,0.1373499917616254,0.5921825268343741,0.07040286705433801,0.09516848676544357,0.4003109847772106,0.06210683939309766,0.09592124528036955,0.4387555300439703,test_12060_41860,8,12060,41860,5,cosine,none
clay_v1_5_768d,12060,0.06671828369128889,0.0808717367738531,-0.5573180166095746,C:\Users\Admin\Desktop\ShiXiaoYu\data\FineTuneResNet\city_prototypes_per_city\per_city_cluster_20260607_115319,C:\Users\Admin\Desktop\ShiXiaoYu\data\FineTuneResNet\expert_models_runs\expert_run_stage6_9_66fold_test_12060_42660_clay_v1_5_768d\predictions\step6_expert_summary_student_20260607_115351.json,C:\Users\Admin\Desktop\ShiXiaoYu\data\FineTuneResNet\expert_models_runs\expert_run_stage6_9_66fold_test_12060_42660_clay_v1_5_768d\predictions\evaluation_student_cbsa12060_knn_k5_none.json,C:\Users\Admin\Desktop\ShiXiaoYu\data\FineTuneResNet\expert_models_runs\expert_run_stage6_9_66fold_test_12060_42660_clay_v1_5_768d\predictions\predictions_student_cbsa12060_knn_k5_none.csv,C:\Users\Admin\Desktop\ShiXiaoYu\data\3.26plan_tripmode_v2_66fold\folds\test_12060_42660\logs\clay_v1_5_768d\train.log,C:\Users\Admin\Desktop\ShiXiaoYu\data\3.26plan_tripmode_v2_66fold\folds\test_12060_42660\logs\clay_v1_5_768d\inference.log,0.09130528734636667,0.10781539397801174,-0.5991177082410475,0.06623619881795882,0.07747848261594158,-1.0223228035291116,0.04261336490954115,0.05732133372760601,-0.05051353805856462,test_12060_42660,9,12060,42660,5,cosine,none
clay_v1_5_768d,42660,0.07987656859727234,0.10973474238724379,0.05200844947207121,C:\Users\Admin\Desktop\ShiXiaoYu\data\FineTuneResNet\city_prototypes_per_city\per_city_cluster_20260607_115319,C:\Users\Admin\Desktop\ShiXiaoYu\data\FineTuneResNet\expert_models_runs\expert_run_stage6_9_66fold_test_12060_42660_clay_v1_5_768d\predictions\step6_expert_summary_student_20260607_115351.json,C:\Users\Admin\Desktop\ShiXiaoYu\data\FineTuneResNet\expert_models_runs\expert_run_stage6_9_66fold_test_12060_42660_clay_v1_5_768d\predictions\evaluation_student_cbsa42660_knn_k5_none.json,C:\Users\Admin\Desktop\ShiXiaoYu\data\FineTuneResNet\expert_models_runs\expert_run_stage6_9_66fold_test_12060_42660_clay_v1_5_768d\predictions\predictions_student_cbsa42660_knn_k5_none.csv,C:\Users\Admin\Desktop\ShiXiaoYu\data\3.26plan_tripmode_v2_66fold\folds\test_12060_42660\logs\clay_v1_5_768d\train.log,C:\Users\Admin\Desktop\ShiXiaoYu\data\3.26plan_tripmode_v2_66fold\folds\test_12060_42660\logs\clay_v1_5_768d\inference.log,0.10939122714423061,0.14326671607827915,0.20518883910417562,0.07200191019623979,0.09456660629734791,-0.2345547707985174,0.0582365684513466,0.09137090478610434,0.1853912801105554,test_12060_42660,9,12060,42660,5,cosine,none
prithvi_eo_v2_1024d,12060,0.08811774438638814,0.10364486148119417,-1.5720389630389875,C:\Users\Admin\Desktop\ShiXiaoYu\data\FineTuneResNet\city_prototypes_per_city\per_city_cluster_20260607_115444,C:\Users\Admin\Desktop\ShiXiaoYu\data\FineTuneResNet\expert_models_runs\expert_run_stage6_9_66fold_test_12060_42660_prithvi_eo_v2_1024d\predictions\step6_expert_summary_student_20260607_115516.json,C:\Users\Admin\Desktop\ShiXiaoYu\data\FineTuneResNet\expert_models_runs\expert_run_stage6_9_66fold_test_12060_42660_prithvi_eo_v2_1024d\predictions\evaluation_student_cbsa12060_knn_k5_none.json,C:\Users\Admin\Desktop\ShiXiaoYu\data\FineTuneResNet\expert_models_runs\expert_run_stage6_9_66fold_test_12060_42660_prithvi_eo_v2_1024d\predictions\predictions_student_cbsa12060_knn_k5_none.csv,C:\Users\Admin\Desktop\ShiXiaoYu\data\3.26plan_tripmode_v2_66fold\folds\test_12060_42660\logs\prithvi_eo_v2_1024d\train.log,C:\Users\Admin\Desktop\ShiXiaoYu\data\3.26plan_tripmode_v2_66fold\folds\test_12060_42660\logs\prithvi_eo_v2_1024d\inference.log,0.12475489968373125,0.1439455332160928,-1.8504620918275014,0.08909258235066597,0.10237534757437276,-2.5308481802890714,0.050505751124767184,0.06461370365311696,-0.3348066170003896,test_12060_42660,9,12060,42660,5,cosine,none
prithvi_eo_v2_1024d,42660,0.09735258372170315,0.12364141806881125,-0.17131401451204617,C:\Users\Admin\Desktop\ShiXiaoYu\data\FineTuneResNet\city_prototypes_per_city\per_city_cluster_20260607_115444,C:\Users\Admin\Desktop\ShiXiaoYu\data\FineTuneResNet\expert_models_runs\expert_run_stage6_9_66fold_test_12060_42660_prithvi_eo_v2_1024d\predictions\step6_expert_summary_student_20260607_115516.json,C:\Users\Admin\Desktop\ShiXiaoYu\data\FineTuneResNet\expert_models_runs\expert_run_stage6_9_66fold_test_12060_42660_prithvi_eo_v2_1024d\predictions\evaluation_student_cbsa42660_knn_k5_none.json,C:\Users\Admin\Desktop\ShiXiaoYu\data\FineTuneResNet\expert_models_runs\expert_run_stage6_9_66fold_test_12060_42660_prithvi_eo_v2_1024d\predictions\predictions_student_cbsa42660_knn_k5_none.csv,C:\Users\Admin\Desktop\ShiXiaoYu\data\3.26plan_tripmode_v2_66fold\folds\test_12060_42660\logs\prithvi_eo_v2_1024d\train.log,C:\Users\Admin\Desktop\ShiXiaoYu\data\3.26plan_tripmode_v2_66fold\folds\test_12060_42660\logs\prithvi_eo_v2_1024d\inference.log,0.13933273012299258,0.17029281347681377,-0.12296439307963114,0.08488923886883043,0.10260694107624141,-0.4534103066722941,0.06783578217328642,0.09802449965337862,0.06243265621578675,test_12060_42660,9,12060,42660,5,cosine,none
imagenet_pretrain,12060,0.06112125834504542,0.07625737706255936,-0.38795566308303386,C:\Users\Admin\Desktop\ShiXiaoYu\data\FineTuneResNet\city_prototypes_per_city\per_city_cluster_20260607_115612,C:\Users\Admin\Desktop\ShiXiaoYu\data\FineTuneResNet\expert_models_runs\expert_run_stage6_9_66fold_test_12060_42660_imagenet_pretrain\predictions\step6_expert_summary_student_20260607_115651.json,C:\Users\Admin\Desktop\ShiXiaoYu\data\FineTuneResNet\expert_models_runs\expert_run_stage6_9_66fold_test_12060_42660_imagenet_pretrain\predictions\evaluation_student_cbsa12060_knn_k5_none.json,C:\Users\Admin\Desktop\ShiXiaoYu\data\FineTuneResNet\expert_models_runs\expert_run_stage6_9_66fold_test_12060_42660_imagenet_pretrain\predictions\predictions_student_cbsa12060_knn_k5_none.csv,C:\Users\Admin\Desktop\ShiXiaoYu\data\3.26plan_tripmode_v2_66fold\folds\test_12060_42660\logs\imagenet_pretrain\train.log,C:\Users\Admin\Desktop\ShiXiaoYu\data\3.26plan_tripmode_v2_66fold\folds\test_12060_42660\logs\imagenet_pretrain\inference.log,0.08277724928676645,0.10050238350359142,-0.3895417729222441,0.06244721631982918,0.07317027344060102,-0.8036722420506597,0.03813930942854064,0.05509947424348565,0.02934702572380221,test_12060_42660,9,12060,42660,5,cosine,none
imagenet_pretrain,42660,0.0681520568632018,0.10461148367033495,0.15833338034240907,C:\Users\Admin\Desktop\ShiXiaoYu\data\FineTuneResNet\city_prototypes_per_city\per_city_cluster_20260607_115612,C:\Users\Admin\Desktop\ShiXiaoYu\data\FineTuneResNet\expert_models_runs\expert_run_stage6_9_66fold_test_12060_42660_imagenet_pretrain\predictions\step6_expert_summary_student_20260607_115651.json,C:\Users\Admin\Desktop\ShiXiaoYu\data\FineTuneResNet\expert_models_runs\expert_run_stage6_9_66fold_test_12060_42660_imagenet_pretrain\predictions\evaluation_student_cbsa42660_knn_k5_none.json,C:\Users\Admin\Desktop\ShiXiaoYu\data\FineTuneResNet\expert_models_runs\expert_run_stage6_9_66fold_test_12060_42660_imagenet_pretrain\predictions\predictions_student_cbsa42660_knn_k5_none.csv,C:\Users\Admin\Desktop\ShiXiaoYu\data\3.26plan_tripmode_v2_66fold\folds\test_12060_42660\logs\imagenet_pretrain\train.log,C:\Users\Admin\Desktop\ShiXiaoYu\data\3.26plan_tripmode_v2_66fold\folds\test_12060_42660\logs\imagenet_pretrain\inference.log,0.09395827344515974,0.1387785405578398,0.2542075603304208,0.059719977213395704,0.08326246482787038,0.042952967818032706,0.05077791993104997,0.09179344562529461,0.1778396128787737,test_12060_42660,9,12060,42660,5,cosine,none
satellite_pretrain,12060,0.07396377424593614,0.09130172985634057,-0.9750223847910595,C:\Users\Admin\Desktop\ShiXiaoYu\data\FineTuneResNet\city_prototypes_per_city\per_city_cluster_20260607_115745,C:\Users\Admin\Desktop\ShiXiaoYu\data\FineTuneResNet\expert_models_runs\expert_run_stage6_9_66fold_test_12060_42660_satellite_pretrain\predictions\step6_expert_summary_student_20260607_115821.json,C:\Users\Admin\Desktop\ShiXiaoYu\data\FineTuneResNet\expert_models_runs\expert_run_stage6_9_66fold_test_12060_42660_satellite_pretrain\predictions\evaluation_student_cbsa12060_knn_k5_none.json,C:\Users\Admin\Desktop\ShiXiaoYu\data\FineTuneResNet\expert_models_runs\expert_run_stage6_9_66fold_test_12060_42660_satellite_pretrain\predictions\predictions_student_cbsa12060_knn_k5_none.csv,C:\Users\Admin\Desktop\ShiXiaoYu\data\3.26plan_tripmode_v2_66fold\folds\test_12060_42660\logs\satellite_pretrain\train.log,C:\Users\Admin\Desktop\ShiXiaoYu\data\3.26plan_tripmode_v2_66fold\folds\test_12060_42660\logs\satellite_pretrain\inference.log,0.10369014831034443,0.12564394584970992,-1.1717109346435484,0.07246829003921317,0.08718129145404477,-1.5605594401681593,0.045732884388250856,0.06107995226526704,-0.1927967795614709,test_12060_42660,9,12060,42660,5,cosine,none
satellite_pretrain,42660,0.09049736779038796,0.12014258612442774,-0.1059200687244594,C:\Users\Admin\Desktop\ShiXiaoYu\data\FineTuneResNet\city_prototypes_per_city\per_city_cluster_20260607_115745,C:\Users\Admin\Desktop\ShiXiaoYu\data\FineTuneResNet\expert_models_runs\expert_run_stage6_9_66fold_test_12060_42660_satellite_pretrain\predictions\step6_expert_summary_student_20260607_115821.json,C:\Users\Admin\Desktop\ShiXiaoYu\data\FineTuneResNet\expert_models_runs\expert_run_stage6_9_66fold_test_12060_42660_satellite_pretrain\predictions\evaluation_student_cbsa42660_knn_k5_none.json,C:\Users\Admin\Desktop\ShiXiaoYu\data\FineTuneResNet\expert_models_runs\expert_run_stage6_9_66fold_test_12060_42660_satellite_pretrain\predictions\predictions_student_cbsa42660_knn_k5_none.csv,C:\Users\Admin\Desktop\ShiXiaoYu\data\3.26plan_tripmode_v2_66fold\folds\test_12060_42660\logs\satellite_pretrain\train.log,C:\Users\Admin\Desktop\ShiXiaoYu\data\3.26plan_tripmode_v2_66fold\folds\test_12060_42660\logs\satellite_pretrain\inference.log,0.12748508584878948,0.16242733707343715,-0.021625190902080815,0.07964451346542803,0.0972619974026243,-0.3059336806667894,0.06436250405694634,0.10073842389722178,0.009798665395492012,test_12060_42660,9,12060,42660,5,cosine,none
single_task_backbone_finetune,12060,0.06135085254599696,0.07666512094956786,-0.39206847770036535,C:\Users\Admin\Desktop\ShiXiaoYu\data\FineTuneResNet\city_prototypes_per_city\per_city_cluster_20260607_115916,C:\Users\Admin\Desktop\ShiXiaoYu\data\FineTuneResNet\expert_models_runs\expert_run_stage6_9_66fold_test_12060_42660_single_task_backbone_finetune\predictions\step6_expert_summary_student_20260607_115955.json,C:\Users\Admin\Desktop\ShiXiaoYu\data\FineTuneResNet\expert_models_runs\expert_run_stage6_9_66fold_test_12060_42660_single_task_backbone_finetune\predictions\evaluation_student_cbsa12060_knn_k5_none.json,C:\Users\Admin\Desktop\ShiXiaoYu\data\FineTuneResNet\expert_models_runs\expert_run_stage6_9_66fold_test_12060_42660_single_task_backbone_finetune\predictions\predictions_student_cbsa12060_knn_k5_none.csv,C:\Users\Admin\Desktop\ShiXiaoYu\data\3.26plan_tripmode_v2_66fold\folds\test_12060_42660\logs\single_task_backbone_finetune\train.log,C:\Users\Admin\Desktop\ShiXiaoYu\data\3.26plan_tripmode_v2_66fold\folds\test_12060_42660\logs\single_task_backbone_finetune\inference.log,0.0831080149145483,0.10092009251668435,-0.4011162308528733,0.05851801571829032,0.07085828699677513,-0.6914905028198681,0.04242652700515225,0.058216983335244075,-0.08359869942835463,test_12060_42660,9,12060,42660,5,cosine,none
single_task_backbone_finetune,42660,0.07319226476478856,0.09567051026505557,0.28093578764810007,C:\Users\Admin\Desktop\ShiXiaoYu\data\FineTuneResNet\city_prototypes_per_city\per_city_cluster_20260607_115916,C:\Users\Admin\Desktop\ShiXiaoYu\data\FineTuneResNet\expert_models_runs\expert_run_stage6_9_66fold_test_12060_42660_single_task_backbone_finetune\predictions\step6_expert_summary_student_20260607_115955.json,C:\Users\Admin\Desktop\ShiXiaoYu\data\FineTuneResNet\expert_models_runs\expert_run_stage6_9_66fold_test_12060_42660_single_task_backbone_finetune\predictions\evaluation_student_cbsa42660_knn_k5_none.json,C:\Users\Admin\Desktop\ShiXiaoYu\data\FineTuneResNet\expert_models_runs\expert_run_stage6_9_66fold_test_12060_42660_single_task_backbone_finetune\predictions\predictions_student_cbsa42660_knn_k5_none.csv,C:\Users\Admin\Desktop\ShiXiaoYu\data\3.26plan_tripmode_v2_66fold\folds\test_12060_42660\logs\single_task_backbone_finetune\train.log,C:\Users\Admin\Desktop\ShiXiaoYu\data\3.26plan_tripmode_v2_66fold\folds\test_12060_42660\logs\single_task_backbone_finetune\inference.log,0.0989898043710113,0.1241901756537536,0.40276145716898903,0.06429961239031078,0.08115248181615807,0.09084408949386202,0.056287377533043616,0.08166887332525503,0.3492018162814492,test_12060_42660,9,12060,42660,5,cosine,none
clay_v1_5_768d,12060,0.06494058977808473,0.0816166356741962,-0.5862176702179152,C:\Users\Admin\Desktop\ShiXiaoYu\data\FineTuneResNet\city_prototypes_per_city\per_city_cluster_20260607_120049,C:\Users\Admin\Desktop\ShiXiaoYu\data\FineTuneResNet\expert_models_runs\expert_run_stage6_9_66fold_test_12060_47900_clay_v1_5_768d\predictions\step6_expert_summary_student_20260607_120126.json,C:\Users\Admin\Desktop\ShiXiaoYu\data\FineTuneResNet\expert_models_runs\expert_run_stage6_9_66fold_test_12060_47900_clay_v1_5_768d\predictions\evaluation_student_cbsa12060_knn_k5_none.json,C:\Users\Admin\Desktop\ShiXiaoYu\data\FineTuneResNet\expert_models_runs\expert_run_stage6_9_66fold_test_12060_47900_clay_v1_5_768d\predictions\predictions_student_cbsa12060_knn_k5_none.csv,C:\Users\Admin\Desktop\ShiXiaoYu\data\3.26plan_tripmode_v2_66fold\folds\test_12060_47900\logs\clay_v1_5_768d\train.log,C:\Users\Admin\Desktop\ShiXiaoYu\data\3.26plan_tripmode_v2_66fold\folds\test_12060_47900\logs\clay_v1_5_768d\inference.log,0.08925496567047415,0.1099487481921712,-0.6630276207472097,0.06448077202167814,0.07865169702880781,-1.084032372744045,0.0410860316421019,0.0562494618016096,-0.011593017162490726,test_12060_47900,10,12060,47900,5,cosine,none
clay_v1_5_768d,47900,0.08621840077873559,0.11981055211803765,0.23902422149548053,C:\Users\Admin\Desktop\ShiXiaoYu\data\FineTuneResNet\city_prototypes_per_city\per_city_cluster_20260607_120049,C:\Users\Admin\Desktop\ShiXiaoYu\data\FineTuneResNet\expert_models_runs\expert_run_stage6_9_66fold_test_12060_47900_clay_v1_5_768d\predictions\step6_expert_summary_student_20260607_120126.json,C:\Users\Admin\Desktop\ShiXiaoYu\data\FineTuneResNet\expert_models_runs\expert_run_stage6_9_66fold_test_12060_47900_clay_v1_5_768d\predictions\evaluation_student_cbsa47900_knn_k5_none.json,C:\Users\Admin\Desktop\ShiXiaoYu\data\FineTuneResNet\expert_models_runs\expert_run_stage6_9_66fold_test_12060_47900_clay_v1_5_768d\predictions\predictions_student_cbsa47900_knn_k5_none.csv,C:\Users\Admin\Desktop\ShiXiaoYu\data\3.26plan_tripmode_v2_66fold\folds\test_12060_47900\logs\clay_v1_5_768d\train.log,C:\Users\Admin\Desktop\ShiXiaoYu\data\3.26plan_tripmode_v2_66fold\folds\test_12060_47900\logs\clay_v1_5_768d\inference.log,0.11763208995946979,0.1571598254589253,0.31112358818479025,0.0802414545946609,0.10700951897025644,0.23173345702704506,0.060781657782076066,0.09526231192493122,0.17421561927460627,test_12060_47900,10,12060,47900,5,cosine,none
prithvi_eo_v2_1024d,12060,0.0652741572354803,0.08080075662626808,-0.53340451172581,C:\Users\Admin\Desktop\ShiXiaoYu\data\FineTuneResNet\city_prototypes_per_city\per_city_cluster_20260607_120220,C:\Users\Admin\Desktop\ShiXiaoYu\data\FineTuneResNet\expert_models_runs\expert_run_stage6_9_66fold_test_12060_47900_prithvi_eo_v2_1024d\predictions\step6_expert_summary_student_20260607_120256.json,C:\Users\Admin\Desktop\ShiXiaoYu\data\FineTuneResNet\expert_models_runs\expert_run_stage6_9_66fold_test_12060_47900_prithvi_eo_v2_1024d\predictions\evaluation_student_cbsa12060_knn_k5_none.json,C:\Users\Admin\Desktop\ShiXiaoYu\data\FineTuneResNet\expert_models_runs\expert_run_stage6_9_66fold_test_12060_47900_prithvi_eo_v2_1024d\predictions\predictions_student_cbsa12060_knn_k5_none.csv,C:\Users\Admin\Desktop\ShiXiaoYu\data\3.26plan_tripmode_v2_66fold\folds\test_12060_47900\logs\prithvi_eo_v2_1024d\train.log,C:\Users\Admin\Desktop\ShiXiaoYu\data\3.26plan_tripmode_v2_66fold\folds\test_12060_47900\logs\prithvi_eo_v2_1024d\inference.log,0.09060337806318512,0.10927091743127919,-0.6425857956106484,0.060178053035785176,0.07356761182865827,-0.8233144835851252,0.04504104060747061,0.059563740618866774,-0.13431325598165644,test_12060_47900,10,12060,47900,5,cosine,none
prithvi_eo_v2_1024d,47900,0.10059504837392179,0.1440885149908385,-0.07533807464245561,C:\Users\Admin\Desktop\ShiXiaoYu\data\FineTuneResNet\city_prototypes_per_city\per_city_cluster_20260607_120220,C:\Users\Admin\Desktop\ShiXiaoYu\data\FineTuneResNet\expert_models_runs\expert_run_stage6_9_66fold_test_12060_47900_prithvi_eo_v2_1024d\predictions\step6_expert_summary_student_20260607_120256.json,C:\Users\Admin\Desktop\ShiXiaoYu\data\FineTuneResNet\expert_models_runs\expert_run_stage6_9_66fold_test_12060_47900_prithvi_eo_v2_1024d\predictions\evaluation_student_cbsa47900_knn_k5_none.json,C:\Users\Admin\Desktop\ShiXiaoYu\data\FineTuneResNet\expert_models_runs\expert_run_stage6_9_66fold_test_12060_47900_prithvi_eo_v2_1024d\predictions\predictions_student_cbsa47900_knn_k5_none.csv,C:\Users\Admin\Desktop\ShiXiaoYu\data\3.26plan_tripmode_v2_66fold\folds\test_12060_47900\logs\prithvi_eo_v2_1024d\train.log,C:\Users\Admin\Desktop\ShiXiaoYu\data\3.26plan_tripmode_v2_66fold\folds\test_12060_47900\logs\prithvi_eo_v2_1024d\inference.log,0.14148557758029404,0.1967123974245309,-0.07924911499685283,0.09626634768087348,0.13054404864651986,-0.14335541312083921,0.06403321986059786,0.10500909890146476,-0.003409695809674762,test_12060_47900,10,12060,47900,5,cosine,none
imagenet_pretrain,12060,0.05728478094475153,0.07272376677610361,-0.252820836144697,C:\Users\Admin\Desktop\ShiXiaoYu\data\FineTuneResNet\city_prototypes_per_city\per_city_cluster_20260607_120352,C:\Users\Admin\Desktop\ShiXiaoYu\data\FineTuneResNet\expert_models_runs\expert_run_stage6_9_66fold_test_12060_47900_imagenet_pretrain\predictions\step6_expert_summary_student_20260607_120435.json,C:\Users\Admin\Desktop\ShiXiaoYu\data\FineTuneResNet\expert_models_runs\expert_run_stage6_9_66fold_test_12060_47900_imagenet_pretrain\predictions\evaluation_student_cbsa12060_knn_k5_none.json,C:\Users\Admin\Desktop\ShiXiaoYu\data\FineTuneResNet\expert_models_runs\expert_run_stage6_9_66fold_test_12060_47900_imagenet_pretrain\predictions\predictions_student_cbsa12060_knn_k5_none.csv,C:\Users\Admin\Desktop\ShiXiaoYu\data\3.26plan_tripmode_v2_66fold\folds\test_12060_47900\logs\imagenet_pretrain\train.log,C:\Users\Admin\Desktop\ShiXiaoYu\data\3.26plan_tripmode_v2_66fold\folds\test_12060_47900\logs\imagenet_pretrain\inference.log,0.07755842579718981,0.09572756248432875,-0.26064523120301253,0.05551812888974797,0.06727329126490736,-0.5246621420158006,0.038777788147316784,0.0551704465790747,0.026844864784722033,test_12060_47900,10,12060,47900,5,cosine,none
imagenet_pretrain,47900,0.0806458643409574,0.13007468423346225,0.11212090563631945,C:\Users\Admin\Desktop\ShiXiaoYu\data\FineTuneResNet\city_prototypes_per_city\per_city_cluster_20260607_120352,C:\Users\Admin\Desktop\ShiXiaoYu\data\FineTuneResNet\expert_models_runs\expert_run_stage6_9_66fold_test_12060_47900_imagenet_pretrain\predictions\step6_expert_summary_student_20260607_120435.json,C:\Users\Admin\Desktop\ShiXiaoYu\data\FineTuneResNet\expert_models_runs\expert_run_stage6_9_66fold_test_12060_47900_imagenet_pretrain\predictions\evaluation_student_cbsa47900_knn_k5_none.json,C:\Users\Admin\Desktop\ShiXiaoYu\data\FineTuneResNet\expert_models_runs\expert_run_stage6_9_66fold_test_12060_47900_imagenet_pretrain\predictions\predictions_student_cbsa47900_knn_k5_none.csv,C:\Users\Admin\Desktop\ShiXiaoYu\data\3.26plan_tripmode_v2_66fold\folds\test_12060_47900\logs\imagenet_pretrain\train.log,C:\Users\Admin\Desktop\ShiXiaoYu\data\3.26plan_tripmode_v2_66fold\folds\test_12060_47900\logs\imagenet_pretrain\inference.log,0.11129326484475272,0.17368924694980037,0.1585969093465316,0.0762849752459185,0.1161000739271535,0.09565927340794023,0.054359352932201004,0.10043473182343289,0.08210653415448654,test_12060_47900,10,12060,47900,5,cosine,none
satellite_pretrain,12060,0.07015010437849724,0.08595940979685834,-0.7451348106672251,C:\Users\Admin\Desktop\ShiXiaoYu\data\FineTuneResNet\city_prototypes_per_city\per_city_cluster_20260607_120531,C:\Users\Admin\Desktop\ShiXiaoYu\data\FineTuneResNet\expert_models_runs\expert_run_stage6_9_66fold_test_12060_47900_satellite_pretrain\predictions\step6_expert_summary_student_20260607_120611.json,C:\Users\Admin\Desktop\ShiXiaoYu\data\FineTuneResNet\expert_models_runs\expert_run_stage6_9_66fold_test_12060_47900_satellite_pretrain\predictions\evaluation_student_cbsa12060_knn_k5_none.json,C:\Users\Admin\Desktop\ShiXiaoYu\data\FineTuneResNet\expert_models_runs\expert_run_stage6_9_66fold_test_12060_47900_satellite_pretrain\predictions\predictions_student_cbsa12060_knn_k5_none.csv,C:\Users\Admin\Desktop\ShiXiaoYu\data\3.26plan_tripmode_v2_66fold\folds\test_12060_47900\logs\satellite_pretrain\train.log,C:\Users\Admin\Desktop\ShiXiaoYu\data\3.26plan_tripmode_v2_66fold\folds\test_12060_47900\logs\satellite_pretrain\inference.log,0.09750249385875083,0.1170876507342435,-0.8859973091841946,0.0678526045650825,0.08075915170508109,-1.197210989816512,0.04509521471165836,0.060031426951250466,-0.15219613300096824,test_12060_47900,10,12060,47900,5,cosine,none
satellite_pretrain,47900,0.08126503588021959,0.12089304797940648,0.22294339303137187,C:\Users\Admin\Desktop\ShiXiaoYu\data\FineTuneResNet\city_prototypes_per_city\per_city_cluster_20260607_120531,C:\Users\Admin\Desktop\ShiXiaoYu\data\FineTuneResNet\expert_models_runs\expert_run_stage6_9_66fold_test_12060_47900_satellite_pretrain\predictions\step6_expert_summary_student_20260607_120611.json,C:\Users\Admin\Desktop\ShiXiaoYu\data\FineTuneResNet\expert_models_runs\expert_run_stage6_9_66fold_test_12060_47900_satellite_pretrain\predictions\evaluation_student_cbsa47900_knn_k5_none.json,C:\Users\Admin\Desktop\ShiXiaoYu\data\FineTuneResNet\expert_models_runs\expert_run_stage6_9_66fold_test_12060_47900_satellite_pretrain\predictions\predictions_student_cbsa47900_knn_k5_none.csv,C:\Users\Admin\Desktop\ShiXiaoYu\data\3.26plan_tripmode_v2_66fold\folds\test_12060_47900\logs\satellite_pretrain\train.log,C:\Users\Admin\Desktop\ShiXiaoYu\data\3.26plan_tripmode_v2_66fold\folds\test_12060_47900\logs\satellite_pretrain\inference.log,0.11129499307745754,0.15829004918757442,0.30117977358126247,0.07462747899891181,0.10666325960832174,0.23669729753646795,0.05787263556428939,0.09772583514232322,0.13095310797638515,test_12060_47900,10,12060,47900,5,cosine,none
single_task_backbone_finetune,12060,0.06198766304501865,0.07822218120970185,-0.43432975016688397,C:\Users\Admin\Desktop\ShiXiaoYu\data\FineTuneResNet\city_prototypes_per_city\per_city_cluster_20260607_120708,C:\Users\Admin\Desktop\ShiXiaoYu\data\FineTuneResNet\expert_models_runs\expert_run_stage6_9_66fold_test_12060_47900_single_task_backbone_finetune\predictions\step6_expert_summary_student_20260607_120751.json,C:\Users\Admin\Desktop\ShiXiaoYu\data\FineTuneResNet\expert_models_runs\expert_run_stage6_9_66fold_test_12060_47900_single_task_backbone_finetune\predictions\evaluation_student_cbsa12060_knn_k5_none.json,C:\Users\Admin\Desktop\ShiXiaoYu\data\FineTuneResNet\expert_models_runs\expert_run_stage6_9_66fold_test_12060_47900_single_task_backbone_finetune\predictions\predictions_student_cbsa12060_knn_k5_none.csv,C:\Users\Admin\Desktop\ShiXiaoYu\data\3.26plan_tripmode_v2_66fold\folds\test_12060_47900\logs\single_task_backbone_finetune\train.log,C:\Users\Admin\Desktop\ShiXiaoYu\data\3.26plan_tripmode_v2_66fold\folds\test_12060_47900\logs\single_task_backbone_finetune\inference.log,0.08551257275995766,0.10521289769149914,-0.5228490181876648,0.055886616237716104,0.06991805042546623,-0.6468986962944876,0.04456380013738216,0.059535595512140174,-0.13324153601849953,test_12060_47900,10,12060,47900,5,cosine,none
single_task_backbone_finetune,47900,0.07932626508076211,0.11227247901332471,0.3014396930328978,C:\Users\Admin\Desktop\ShiXiaoYu\data\FineTuneResNet\city_prototypes_per_city\per_city_cluster_20260607_120708,C:\Users\Admin\Desktop\ShiXiaoYu\data\FineTuneResNet\expert_models_runs\expert_run_stage6_9_66fold_test_12060_47900_single_task_backbone_finetune\predictions\step6_expert_summary_student_20260607_120751.json,C:\Users\Admin\Desktop\ShiXiaoYu\data\FineTuneResNet\expert_models_runs\expert_run_stage6_9_66fold_test_12060_47900_single_task_backbone_finetune\predictions\evaluation_student_cbsa47900_knn_k5_none.json,C:\Users\Admin\Desktop\ShiXiaoYu\data\FineTuneResNet\expert_models_runs\expert_run_stage6_9_66fold_test_12060_47900_single_task_backbone_finetune\predictions\predictions_student_cbsa47900_knn_k5_none.csv,C:\Users\Admin\Desktop\ShiXiaoYu\data\3.26plan_tripmode_v2_66fold\folds\test_12060_47900\logs\single_task_backbone_finetune\train.log,C:\Users\Admin\Desktop\ShiXiaoYu\data\3.26plan_tripmode_v2_66fold\folds\test_12060_47900\logs\single_task_backbone_finetune\inference.log,0.10162920979153182,0.1384403114735683,0.46545610490332234,0.06922068151516665,0.09800976395773092,0.3555254328278338,0.06712890393558786,0.10036736160867493,0.08333754136753735,test_12060_47900,10,12060,47900,5,cosine,none
clay_v1_5_768d,14460,0.09286348282540026,0.14793233227158953,0.2092506199846056,C:\Users\Admin\Desktop\ShiXiaoYu\data\FineTuneResNet\city_prototypes_per_city\per_city_cluster_20260607_120842,C:\Users\Admin\Desktop\ShiXiaoYu\data\FineTuneResNet\expert_models_runs\expert_run_stage6_9_66fold_test_14460_16980_clay_v1_5_768d\predictions\step6_expert_summary_student_20260607_120919.json,C:\Users\Admin\Desktop\ShiXiaoYu\data\FineTuneResNet\expert_models_runs\expert_run_stage6_9_66fold_test_14460_16980_clay_v1_5_768d\predictions\evaluation_student_cbsa14460_knn_k5_none.json,C:\Users\Admin\Desktop\ShiXiaoYu\data\FineTuneResNet\expert_models_runs\expert_run_stage6_9_66fold_test_14460_16980_clay_v1_5_768d\predictions\predictions_student_cbsa14460_knn_k5_none.csv,C:\Users\Admin\Desktop\ShiXiaoYu\data\3.26plan_tripmode_v2_66fold\folds\test_14460_16980\logs\clay_v1_5_768d\train.log,C:\Users\Admin\Desktop\ShiXiaoYu\data\3.26plan_tripmode_v2_66fold\folds\test_14460_16980\logs\clay_v1_5_768d\inference.log,0.12650275999143165,0.1907311141941312,0.2981480392892175,0.0779266353895468,0.11445309845861754,0.2543188618828254,0.07416105309522233,0.1386127841620198,0.07528495878177388,test_14460_16980,11,14460,16980,5,cosine,none
clay_v1_5_768d,16980,0.08818939280111361,0.13765374889556578,-0.09971744422108016,C:\Users\Admin\Desktop\ShiXiaoYu\data\FineTuneResNet\city_prototypes_per_city\per_city_cluster_20260607_120842,C:\Users\Admin\Desktop\ShiXiaoYu\data\FineTuneResNet\expert_models_runs\expert_run_stage6_9_66fold_test_14460_16980_clay_v1_5_768d\predictions\step6_expert_summary_student_20260607_120919.json,C:\Users\Admin\Desktop\ShiXiaoYu\data\FineTuneResNet\expert_models_runs\expert_run_stage6_9_66fold_test_14460_16980_clay_v1_5_768d\predictions\evaluation_student_cbsa16980_knn_k5_none.json,C:\Users\Admin\Desktop\ShiXiaoYu\data\FineTuneResNet\expert_models_runs\expert_run_stage6_9_66fold_test_14460_16980_clay_v1_5_768d\predictions\predictions_student_cbsa16980_knn_k5_none.csv,C:\Users\Admin\Desktop\ShiXiaoYu\data\3.26plan_tripmode_v2_66fold\folds\test_14460_16980\logs\clay_v1_5_768d\train.log,C:\Users\Admin\Desktop\ShiXiaoYu\data\3.26plan_tripmode_v2_66fold\folds\test_14460_16980\logs\clay_v1_5_768d\inference.log,0.12085471701552271,0.18271115801564491,-0.07970323959476855,0.09906867295778832,0.1513605303132986,-0.3135307078604217,0.04464478843002985,0.07888955835775384,0.09408161479194976,test_14460_16980,11,14460,16980,5,cosine,none
prithvi_eo_v2_1024d,14460,0.10899697899346943,0.17683377156190425,-0.10290039736624308,C:\Users\Admin\Desktop\ShiXiaoYu\data\FineTuneResNet\city_prototypes_per_city\per_city_cluster_20260607_121009,C:\Users\Admin\Desktop\ShiXiaoYu\data\FineTuneResNet\expert_models_runs\expert_run_stage6_9_66fold_test_14460_16980_prithvi_eo_v2_1024d\predictions\step6_expert_summary_student_20260607_121045.json,C:\Users\Admin\Desktop\ShiXiaoYu\data\FineTuneResNet\expert_models_runs\expert_run_stage6_9_66fold_test_14460_16980_prithvi_eo_v2_1024d\predictions\evaluation_student_cbsa14460_knn_k5_none.json,C:\Users\Admin\Desktop\ShiXiaoYu\data\FineTuneResNet\expert_models_runs\expert_run_stage6_9_66fold_test_14460_16980_prithvi_eo_v2_1024d\predictions\predictions_student_cbsa14460_knn_k5_none.csv,C:\Users\Admin\Desktop\ShiXiaoYu\data\3.26plan_tripmode_v2_66fold\folds\test_14460_16980\logs\prithvi_eo_v2_1024d\train.log,C:\Users\Admin\Desktop\ShiXiaoYu\data\3.26plan_tripmode_v2_66fold\folds\test_14460_16980\logs\prithvi_eo_v2_1024d\inference.log,0.15685888823300587,0.2412856682175504,-0.12322168445427728,0.09093049920792426,0.13873048474126706,-0.09557435211720455,0.07920154953947812,0.15048516172689522,-0.08990515552724743,test_14460_16980,11,14460,16980,5,cosine,none
prithvi_eo_v2_1024d,16980,0.09165667296978885,0.14202761746997639,-0.1639652493200984,C:\Users\Admin\Desktop\ShiXiaoYu\data\FineTuneResNet\city_prototypes_per_city\per_city_cluster_20260607_121009,C:\Users\Admin\Desktop\ShiXiaoYu\data\FineTuneResNet\expert_models_runs\expert_run_stage6_9_66fold_test_14460_16980_prithvi_eo_v2_1024d\predictions\step6_expert_summary_student_20260607_121045.json,C:\Users\Admin\Desktop\ShiXiaoYu\data\FineTuneResNet\expert_models_runs\expert_run_stage6_9_66fold_test_14460_16980_prithvi_eo_v2_1024d\predictions\evaluation_student_cbsa16980_knn_k5_none.json,C:\Users\Admin\Desktop\ShiXiaoYu\data\FineTuneResNet\expert_models_runs\expert_run_stage6_9_66fold_test_14460_16980_prithvi_eo_v2_1024d\predictions\predictions_student_cbsa16980_knn_k5_none.csv,C:\Users\Admin\Desktop\ShiXiaoYu\data\3.26plan_tripmode_v2_66fold\folds\test_14460_16980\logs\prithvi_eo_v2_1024d\train.log,C:\Users\Admin\Desktop\ShiXiaoYu\data\3.26plan_tripmode_v2_66fold\folds\test_14460_16980\logs\prithvi_eo_v2_1024d\inference.log,0.1296594944211208,0.1922294112584225,-0.19512666377173726,0.10094298014365581,0.15250040330431636,-0.3333892004906107,0.04436754434458994,0.08135303784719031,0.03662011630205275,test_14460_16980,11,14460,16980,5,cosine,none
imagenet_pretrain,14460,0.09686812782771975,0.15332627636543747,0.15776966930481365,C:\Users\Admin\Desktop\ShiXiaoYu\data\FineTuneResNet\city_prototypes_per_city\per_city_cluster_20260607_121139,C:\Users\Admin\Desktop\ShiXiaoYu\data\FineTuneResNet\expert_models_runs\expert_run_stage6_9_66fold_test_14460_16980_imagenet_pretrain\predictions\step6_expert_summary_student_20260607_121222.json,C:\Users\Admin\Desktop\ShiXiaoYu\data\FineTuneResNet\expert_models_runs\expert_run_stage6_9_66fold_test_14460_16980_imagenet_pretrain\predictions\evaluation_student_cbsa14460_knn_k5_none.json,C:\Users\Admin\Desktop\ShiXiaoYu\data\FineTuneResNet\expert_models_runs\expert_run_stage6_9_66fold_test_14460_16980_imagenet_pretrain\predictions\predictions_student_cbsa14460_knn_k5_none.csv,C:\Users\Admin\Desktop\ShiXiaoYu\data\3.26plan_tripmode_v2_66fold\folds\test_14460_16980\logs\imagenet_pretrain\train.log,C:\Users\Admin\Desktop\ShiXiaoYu\data\3.26plan_tripmode_v2_66fold\folds\test_14460_16980\logs\imagenet_pretrain\inference.log,0.13452002192420062,0.2014717348062955,0.21687574004324806,0.08273508329192357,0.12120676467423595,0.16371989129950837,0.07334927826703506,0.13730032961578098,0.09271337657168455,test_14460_16980,11,14460,16980,5,cosine,none
imagenet_pretrain,16980,0.08649340567372105,0.1338609944125156,-0.04358894051171591,C:\Users\Admin\Desktop\ShiXiaoYu\data\FineTuneResNet\city_prototypes_per_city\per_city_cluster_20260607_121139,C:\Users\Admin\Desktop\ShiXiaoYu\data\FineTuneResNet\expert_models_runs\expert_run_stage6_9_66fold_test_14460_16980_imagenet_pretrain\predictions\step6_expert_summary_student_20260607_121222.json,C:\Users\Admin\Desktop\ShiXiaoYu\data\FineTuneResNet\expert_models_runs\expert_run_stage6_9_66fold_test_14460_16980_imagenet_pretrain\predictions\evaluation_student_cbsa16980_knn_k5_none.json,C:\Users\Admin\Desktop\ShiXiaoYu\data\FineTuneResNet\expert_models_runs\expert_run_stage6_9_66fold_test_14460_16980_imagenet_pretrain\predictions\predictions_student_cbsa16980_knn_k5_none.csv,C:\Users\Admin\Desktop\ShiXiaoYu\data\3.26plan_tripmode_v2_66fold\folds\test_14460_16980\logs\imagenet_pretrain\train.log,C:\Users\Admin\Desktop\ShiXiaoYu\data\3.26plan_tripmode_v2_66fold\folds\test_14460_16980\logs\imagenet_pretrain\inference.log,0.11931700652657075,0.17739898837037615,-0.017833034149258076,0.09510000344301409,0.14583343906390522,-0.21935224972279732,0.04506320705157827,0.07835055580326539,0.10641846233690766,test_14460_16980,11,14460,16980,5,cosine,none
satellite_pretrain,14460,0.11241979893829666,0.18242582829101708,-0.17677269948855132,C:\Users\Admin\Desktop\ShiXiaoYu\data\FineTuneResNet\city_prototypes_per_city\per_city_cluster_20260607_121314,C:\Users\Admin\Desktop\ShiXiaoYu\data\FineTuneResNet\expert_models_runs\expert_run_stage6_9_66fold_test_14460_16980_satellite_pretrain\predictions\step6_expert_summary_student_20260607_121354.json,C:\Users\Admin\Desktop\ShiXiaoYu\data\FineTuneResNet\expert_models_runs\expert_run_stage6_9_66fold_test_14460_16980_satellite_pretrain\predictions\evaluation_student_cbsa14460_knn_k5_none.json,C:\Users\Admin\Desktop\ShiXiaoYu\data\FineTuneResNet\expert_models_runs\expert_run_stage6_9_66fold_test_14460_16980_satellite_pretrain\predictions\predictions_student_cbsa14460_knn_k5_none.csv,C:\Users\Admin\Desktop\ShiXiaoYu\data\3.26plan_tripmode_v2_66fold\folds\test_14460_16980\logs\satellite_pretrain\train.log,C:\Users\Admin\Desktop\ShiXiaoYu\data\3.26plan_tripmode_v2_66fold\folds\test_14460_16980\logs\satellite_pretrain\inference.log,0.16229492495510173,0.24886046071634385,-0.19485230991946656,0.09538966824026779,0.14786273188701193,-0.24455903205752927,0.07957480361952046,0.15055429226969552,-0.09090675648865809,test_14460_16980,11,14460,16980,5,cosine,none
satellite_pretrain,16980,0.08509094523486693,0.13093536983282772,0.0010875369835779969,C:\Users\Admin\Desktop\ShiXiaoYu\data\FineTuneResNet\city_prototypes_per_city\per_city_cluster_20260607_121314,C:\Users\Admin\Desktop\ShiXiaoYu\data\FineTuneResNet\expert_models_runs\expert_run_stage6_9_66fold_test_14460_16980_satellite_pretrain\predictions\step6_expert_summary_student_20260607_121354.json,C:\Users\Admin\Desktop\ShiXiaoYu\data\FineTuneResNet\expert_models_runs\expert_run_stage6_9_66fold_test_14460_16980_satellite_pretrain\predictions\evaluation_student_cbsa16980_knn_k5_none.json,C:\Users\Admin\Desktop\ShiXiaoYu\data\FineTuneResNet\expert_models_runs\expert_run_stage6_9_66fold_test_14460_16980_satellite_pretrain\predictions\predictions_student_cbsa16980_knn_k5_none.csv,C:\Users\Admin\Desktop\ShiXiaoYu\data\3.26plan_tripmode_v2_66fold\folds\test_14460_16980\logs\satellite_pretrain\train.log,C:\Users\Admin\Desktop\ShiXiaoYu\data\3.26plan_tripmode_v2_66fold\folds\test_14460_16980\logs\satellite_pretrain\inference.log,0.11849301347812241,0.17407912797498662,0.019906138573747345,0.09384938840059111,0.14141331310608565,-0.14655671824202998,0.042930433825887286,0.0773136684174109,0.12991319061901663,test_14460_16980,11,14460,16980,5,cosine,none
single_task_backbone_finetune,14460,0.09663494372242838,0.13988717188473423,0.29103400565554743,C:\Users\Admin\Desktop\ShiXiaoYu\data\FineTuneResNet\city_prototypes_per_city\per_city_cluster_20260607_121447,C:\Users\Admin\Desktop\ShiXiaoYu\data\FineTuneResNet\expert_models_runs\expert_run_stage6_9_66fold_test_14460_16980_single_task_backbone_finetune\predictions\step6_expert_summary_student_20260607_121530.json,C:\Users\Admin\Desktop\ShiXiaoYu\data\FineTuneResNet\expert_models_runs\expert_run_stage6_9_66fold_test_14460_16980_single_task_backbone_finetune\predictions\evaluation_student_cbsa14460_knn_k5_none.json,C:\Users\Admin\Desktop\ShiXiaoYu\data\FineTuneResNet\expert_models_runs\expert_run_stage6_9_66fold_test_14460_16980_single_task_backbone_finetune\predictions\predictions_student_cbsa14460_knn_k5_none.csv,C:\Users\Admin\Desktop\ShiXiaoYu\data\3.26plan_tripmode_v2_66fold\folds\test_14460_16980\logs\single_task_backbone_finetune\train.log,C:\Users\Admin\Desktop\ShiXiaoYu\data\3.26plan_tripmode_v2_66fold\folds\test_14460_16980\logs\single_task_backbone_finetune\inference.log,0.13271557727464098,0.17963024497502603,0.37746847320704047,0.083256980997468,0.11413007669708825,0.2585220041611478,0.07393227289517619,0.12590119398208846,0.237111539598454,test_14460_16980,11,14460,16980,5,cosine,none
single_task_backbone_finetune,16980,0.07639189939450437,0.10794164041700031,0.2649769985099699,C:\Users\Admin\Desktop\ShiXiaoYu\data\FineTuneResNet\city_prototypes_per_city\per_city_cluster_20260607_121447,C:\Users\Admin\Desktop\ShiXiaoYu\data\FineTuneResNet\expert_models_runs\expert_run_stage6_9_66fold_test_14460_16980_single_task_backbone_finetune\predictions\step6_expert_summary_student_20260607_121530.json,C:\Users\Admin\Desktop\ShiXiaoYu\data\FineTuneResNet\expert_models_runs\expert_run_stage6_9_66fold_test_14460_16980_single_task_backbone_finetune\predictions\evaluation_student_cbsa16980_knn_k5_none.json,C:\Users\Admin\Desktop\ShiXiaoYu\data\FineTuneResNet\expert_models_runs\expert_run_stage6_9_66fold_test_14460_16980_single_task_backbone_finetune\predictions\predictions_student_cbsa16980_knn_k5_none.csv,C:\Users\Admin\Desktop\ShiXiaoYu\data\3.26plan_tripmode_v2_66fold\folds\test_14460_16980\logs\single_task_backbone_finetune\train.log,C:\Users\Admin\Desktop\ShiXiaoYu\data\3.26plan_tripmode_v2_66fold\folds\test_14460_16980\logs\single_task_backbone_finetune\inference.log,0.09603446976269422,0.13156225340041566,0.4401948737257074,0.08109098717527771,0.11313341862840652,0.2661677900156073,0.052050241245541175,0.07912924922217873,0.08856833178859502,test_14460_16980,11,14460,16980,5,cosine,none
clay_v1_5_768d,14460,0.09284220999016557,0.14598934430039937,0.2265513663767225,C:\Users\Admin\Desktop\ShiXiaoYu\data\FineTuneResNet\city_prototypes_per_city\per_city_cluster_20260607_121622,C:\Users\Admin\Desktop\ShiXiaoYu\data\FineTuneResNet\expert_models_runs\expert_run_stage6_9_66fold_test_14460_19100_clay_v1_5_768d\predictions\step6_expert_summary_student_20260607_121658.json,C:\Users\Admin\Desktop\ShiXiaoYu\data\FineTuneResNet\expert_models_runs\expert_run_stage6_9_66fold_test_14460_19100_clay_v1_5_768d\predictions\evaluation_student_cbsa14460_knn_k5_none.json,C:\Users\Admin\Desktop\ShiXiaoYu\data\FineTuneResNet\expert_models_runs\expert_run_stage6_9_66fold_test_14460_19100_clay_v1_5_768d\predictions\predictions_student_cbsa14460_knn_k5_none.csv,C:\Users\Admin\Desktop\ShiXiaoYu\data\3.26plan_tripmode_v2_66fold\folds\test_14460_19100\logs\clay_v1_5_768d\train.log,C:\Users\Admin\Desktop\ShiXiaoYu\data\3.26plan_tripmode_v2_66fold\folds\test_14460_19100\logs\clay_v1_5_768d\inference.log,0.1256330516618607,0.18653310769827372,0.32870366297222164,0.07869963145995354,0.11338295105746922,0.26819805095347027,0.07419394684868244,0.13805197414545511,0.08275238520447559,test_14460_19100,12,14460,19100,5,cosine,none
clay_v1_5_768d,19100,0.07316958510116146,0.08843845017340968,-5.115459656158199,C:\Users\Admin\Desktop\ShiXiaoYu\data\FineTuneResNet\city_prototypes_per_city\per_city_cluster_20260607_121622,C:\Users\Admin\Desktop\ShiXiaoYu\data\FineTuneResNet\expert_models_runs\expert_run_stage6_9_66fold_test_14460_19100_clay_v1_5_768d\predictions\step6_expert_summary_student_20260607_121658.json,C:\Users\Admin\Desktop\ShiXiaoYu\data\FineTuneResNet\expert_models_runs\expert_run_stage6_9_66fold_test_14460_19100_clay_v1_5_768d\predictions\evaluation_student_cbsa19100_knn_k5_none.json,C:\Users\Admin\Desktop\ShiXiaoYu\data\FineTuneResNet\expert_models_runs\expert_run_stage6_9_66fold_test_14460_19100_clay_v1_5_768d\predictions\predictions_student_cbsa19100_knn_k5_none.csv,C:\Users\Admin\Desktop\ShiXiaoYu\data\3.26plan_tripmode_v2_66fold\folds\test_14460_19100\logs\clay_v1_5_768d\train.log,C:\Users\Admin\Desktop\ShiXiaoYu\data\3.26plan_tripmode_v2_66fold\folds\test_14460_19100\logs\clay_v1_5_768d\inference.log,0.10521013203617488,0.12536541994062966,-4.343388729725411,0.07027651612903003,0.08548841656949087,-10.517484050607425,0.044022107138279455,0.05446151401010851,-0.4855061881417604,test_14460_19100,12,14460,19100,5,cosine,none
prithvi_eo_v2_1024d,14460,0.10444025301338307,0.1694901921120392,-0.01819621623607955,C:\Users\Admin\Desktop\ShiXiaoYu\data\FineTuneResNet\city_prototypes_per_city\per_city_cluster_20260607_121749,C:\Users\Admin\Desktop\ShiXiaoYu\data\FineTuneResNet\expert_models_runs\expert_run_stage6_9_66fold_test_14460_19100_prithvi_eo_v2_1024d\predictions\step6_expert_summary_student_20260607_121824.json,C:\Users\Admin\Desktop\ShiXiaoYu\data\FineTuneResNet\expert_models_runs\expert_run_stage6_9_66fold_test_14460_19100_prithvi_eo_v2_1024d\predictions\evaluation_student_cbsa14460_knn_k5_none.json,C:\Users\Admin\Desktop\ShiXiaoYu\data\FineTuneResNet\expert_models_runs\expert_run_stage6_9_66fold_test_14460_19100_prithvi_eo_v2_1024d\predictions\predictions_student_cbsa14460_knn_k5_none.csv,C:\Users\Admin\Desktop\ShiXiaoYu\data\3.26plan_tripmode_v2_66fold\folds\test_14460_19100\logs\prithvi_eo_v2_1024d\train.log,C:\Users\Admin\Desktop\ShiXiaoYu\data\3.26plan_tripmode_v2_66fold\folds\test_14460_19100\logs\prithvi_eo_v2_1024d\inference.log,0.14841635909698436,0.22811611815440105,-0.003955286918454259,0.08691619778745505,0.13129277854804416,0.018749868508581735,0.07798820215570983,0.14906167963367234,-0.06938323029836613,test_14460_19100,12,14460,19100,5,cosine,none
prithvi_eo_v2_1024d,19100,0.07490648387596872,0.08953592144865342,-6.030382433139914,C:\Users\Admin\Desktop\ShiXiaoYu\data\FineTuneResNet\city_prototypes_per_city\per_city_cluster_20260607_121749,C:\Users\Admin\Desktop\ShiXiaoYu\data\FineTuneResNet\expert_models_runs\expert_run_stage6_9_66fold_test_14460_19100_prithvi_eo_v2_1024d\predictions\step6_expert_summary_student_20260607_121824.json,C:\Users\Admin\Desktop\ShiXiaoYu\data\FineTuneResNet\expert_models_runs\expert_run_stage6_9_66fold_test_14460_19100_prithvi_eo_v2_1024d\predictions\evaluation_student_cbsa19100_knn_k5_none.json,C:\Users\Admin\Desktop\ShiXiaoYu\data\FineTuneResNet\expert_models_runs\expert_run_stage6_9_66fold_test_14460_19100_prithvi_eo_v2_1024d\predictions\predictions_student_cbsa19100_knn_k5_none.csv,C:\Users\Admin\Desktop\ShiXiaoYu\data\3.26plan_tripmode_v2_66fold\folds\test_14460_19100\logs\prithvi_eo_v2_1024d\train.log,C:\Users\Admin\Desktop\ShiXiaoYu\data\3.26plan_tripmode_v2_66fold\folds\test_14460_19100\logs\prithvi_eo_v2_1024d\inference.log,0.1036789430476846,0.12181896319855809,-4.045347088369646,0.08234179988523481,0.09690664300315364,-13.799606617558725,0.03869870869498674,0.04988215814424855,-0.24619359349137082,test_14460_19100,12,14460,19100,5,cosine,none
imagenet_pretrain,14460,0.09569806325391202,0.14972859085539716,0.19596870106103148,C:\Users\Admin\Desktop\ShiXiaoYu\data\FineTuneResNet\city_prototypes_per_city\per_city_cluster_20260607_121919,C:\Users\Admin\Desktop\ShiXiaoYu\data\FineTuneResNet\expert_models_runs\expert_run_stage6_9_66fold_test_14460_19100_imagenet_pretrain\predictions\step6_expert_summary_student_20260607_122002.json,C:\Users\Admin\Desktop\ShiXiaoYu\data\FineTuneResNet\expert_models_runs\expert_run_stage6_9_66fold_test_14460_19100_imagenet_pretrain\predictions\evaluation_student_cbsa14460_knn_k5_none.json,C:\Users\Admin\Desktop\ShiXiaoYu\data\FineTuneResNet\expert_models_runs\expert_run_stage6_9_66fold_test_14460_19100_imagenet_pretrain\predictions\predictions_student_cbsa14460_knn_k5_none.csv,C:\Users\Admin\Desktop\ShiXiaoYu\data\3.26plan_tripmode_v2_66fold\folds\test_14460_19100\logs\imagenet_pretrain\train.log,C:\Users\Admin\Desktop\ShiXiaoYu\data\3.26plan_tripmode_v2_66fold\folds\test_14460_19100\logs\imagenet_pretrain\inference.log,0.13258631343121746,0.1961633415968897,0.2575997184487657,0.08149016673019545,0.11690733256003433,0.22199649763167806,0.0730177096003232,0.13611509840926753,0.10830988710265066,test_14460_19100,12,14460,19100,5,cosine,none
imagenet_pretrain,19100,0.06351709174406464,0.07475352638494902,-3.1968611216600213,C:\Users\Admin\Desktop\ShiXiaoYu\data\FineTuneResNet\city_prototypes_per_city\per_city_cluster_20260607_121919,C:\Users\Admin\Desktop\ShiXiaoYu\data\FineTuneResNet\expert_models_runs\expert_run_stage6_9_66fold_test_14460_19100_imagenet_pretrain\predictions\step6_expert_summary_student_20260607_122002.json,C:\Users\Admin\Desktop\ShiXiaoYu\data\FineTuneResNet\expert_models_runs\expert_run_stage6_9_66fold_test_14460_19100_imagenet_pretrain\predictions\evaluation_student_cbsa19100_knn_k5_none.json,C:\Users\Admin\Desktop\ShiXiaoYu\data\FineTuneResNet\expert_models_runs\expert_run_stage6_9_66fold_test_14460_19100_imagenet_pretrain\predictions\predictions_student_cbsa19100_knn_k5_none.csv,C:\Users\Admin\Desktop\ShiXiaoYu\data\3.26plan_tripmode_v2_66fold\folds\test_14460_19100\logs\imagenet_pretrain\train.log,C:\Users\Admin\Desktop\ShiXiaoYu\data\3.26plan_tripmode_v2_66fold\folds\test_14460_19100\logs\imagenet_pretrain\inference.log,0.08990452914561342,0.10379848770003082,-2.6630538456475312,0.060750495043895895,0.06958650185063336,-6.631204344439177,0.0398962510426846,0.050875589604182855,-0.29632517489335575,test_14460_19100,12,14460,19100,5,cosine,none
satellite_pretrain,14460,0.10718027794703748,0.17439097371155757,-0.07735944072218337,C:\Users\Admin\Desktop\ShiXiaoYu\data\FineTuneResNet\city_prototypes_per_city\per_city_cluster_20260607_122056,C:\Users\Admin\Desktop\ShiXiaoYu\data\FineTuneResNet\expert_models_runs\expert_run_stage6_9_66fold_test_14460_19100_satellite_pretrain\predictions\step6_expert_summary_student_20260607_122135.json,C:\Users\Admin\Desktop\ShiXiaoYu\data\FineTuneResNet\expert_models_runs\expert_run_stage6_9_66fold_test_14460_19100_satellite_pretrain\predictions\evaluation_student_cbsa14460_knn_k5_none.json,C:\Users\Admin\Desktop\ShiXiaoYu\data\FineTuneResNet\expert_models_runs\expert_run_stage6_9_66fold_test_14460_19100_satellite_pretrain\predictions\predictions_student_cbsa14460_knn_k5_none.csv,C:\Users\Admin\Desktop\ShiXiaoYu\data\3.26plan_tripmode_v2_66fold\folds\test_14460_19100\logs\satellite_pretrain\train.log,C:\Users\Admin\Desktop\ShiXiaoYu\data\3.26plan_tripmode_v2_66fold\folds\test_14460_19100\logs\satellite_pretrain\inference.log,0.15338954387807777,0.23585695139252374,-0.07324725726586623,0.09032502623594418,0.13918203827756961,-0.10271792391249424,0.0778262637270905,0.14813393146457943,-0.05611314098818965,test_14460_19100,12,14460,19100,5,cosine,none
satellite_pretrain,19100,0.06034345026337425,0.0737967872480328,-3.2032948953210565,C:\Users\Admin\Desktop\ShiXiaoYu\data\FineTuneResNet\city_prototypes_per_city\per_city_cluster_20260607_122056,C:\Users\Admin\Desktop\ShiXiaoYu\data\FineTuneResNet\expert_models_runs\expert_run_stage6_9_66fold_test_14460_19100_satellite_pretrain\predictions\step6_expert_summary_student_20260607_122135.json,C:\Users\Admin\Desktop\ShiXiaoYu\data\FineTuneResNet\expert_models_runs\expert_run_stage6_9_66fold_test_14460_19100_satellite_pretrain\predictions\evaluation_student_cbsa19100_knn_k5_none.json,C:\Users\Admin\Desktop\ShiXiaoYu\data\FineTuneResNet\expert_models_runs\expert_run_stage6_9_66fold_test_14460_19100_satellite_pretrain\predictions\predictions_student_cbsa19100_knn_k5_none.csv,C:\Users\Admin\Desktop\ShiXiaoYu\data\3.26plan_tripmode_v2_66fold\folds\test_14460_19100\logs\satellite_pretrain\train.log,C:\Users\Admin\Desktop\ShiXiaoYu\data\3.26plan_tripmode_v2_66fold\folds\test_14460_19100\logs\satellite_pretrain\inference.log,0.08456091891343048,0.10151551115597417,-2.5036931335421397,0.059288273698738465,0.0708018818379713,-6.900101574308353,0.037181158177953824,0.049072968750152976,-0.2060899781126766,test_14460_19100,12,14460,19100,5,cosine,none
single_task_backbone_finetune,14460,0.09604303672430729,0.13878129196567604,0.298413656366806,C:\Users\Admin\Desktop\ShiXiaoYu\data\FineTuneResNet\city_prototypes_per_city\per_city_cluster_20260607_122230,C:\Users\Admin\Desktop\ShiXiaoYu\data\FineTuneResNet\expert_models_runs\expert_run_stage6_9_66fold_test_14460_19100_single_task_backbone_finetune\predictions\step6_expert_summary_student_20260607_122311.json,C:\Users\Admin\Desktop\ShiXiaoYu\data\FineTuneResNet\expert_models_runs\expert_run_stage6_9_66fold_test_14460_19100_single_task_backbone_finetune\predictions\evaluation_student_cbsa14460_knn_k5_none.json,C:\Users\Admin\Desktop\ShiXiaoYu\data\FineTuneResNet\expert_models_runs\expert_run_stage6_9_66fold_test_14460_19100_single_task_backbone_finetune\predictions\predictions_student_cbsa14460_knn_k5_none.csv,C:\Users\Admin\Desktop\ShiXiaoYu\data\3.26plan_tripmode_v2_66fold\folds\test_14460_19100\logs\single_task_backbone_finetune\train.log,C:\Users\Admin\Desktop\ShiXiaoYu\data\3.26plan_tripmode_v2_66fold\folds\test_14460_19100\logs\single_task_backbone_finetune\inference.log,0.12907040033172051,0.17627524629692146,0.40050566129219256,0.08506454638020745,0.1146132445560484,0.2522306445725121,0.07399416346099388,0.12545538504405826,0.2425046632357134,test_14460_19100,12,14460,19100,5,cosine,none
single_task_backbone_finetune,19100,0.04231241464978194,0.054734821230129106,-1.0695771732003063,C:\Users\Admin\Desktop\ShiXiaoYu\data\FineTuneResNet\city_prototypes_per_city\per_city_cluster_20260607_122230,C:\Users\Admin\Desktop\ShiXiaoYu\data\FineTuneResNet\expert_models_runs\expert_run_stage6_9_66fold_test_14460_19100_single_task_backbone_finetune\predictions\step6_expert_summary_student_20260607_122311.json,C:\Users\Admin\Desktop\ShiXiaoYu\data\FineTuneResNet\expert_models_runs\expert_run_stage6_9_66fold_test_14460_19100_single_task_backbone_finetune\predictions\evaluation_student_cbsa19100_knn_k5_none.json,C:\Users\Admin\Desktop\ShiXiaoYu\data\FineTuneResNet\expert_models_runs\expert_run_stage6_9_66fold_test_14460_19100_single_task_backbone_finetune\predictions\predictions_student_cbsa19100_knn_k5_none.csv,C:\Users\Admin\Desktop\ShiXiaoYu\data\3.26plan_tripmode_v2_66fold\folds\test_14460_19100\logs\single_task_backbone_finetune\train.log,C:\Users\Admin\Desktop\ShiXiaoYu\data\3.26plan_tripmode_v2_66fold\folds\test_14460_19100\logs\single_task_backbone_finetune\inference.log,0.05780447965674129,0.07222676416163791,-0.7736077074749428,0.0362913080850762,0.04641751649148953,-2.3955245445939317,0.03284145620752835,0.04556018303725988,-0.039599267532044236,test_14460_19100,12,14460,19100,5,cosine,none
aef_annual_64d,14460,0.07835871329939137,0.1223121282694129,0.4413357538037805,C:\Users\Admin\Desktop\ShiXiaoYu\data\FineTuneResNet\city_prototypes_per_city\per_city_cluster_20260607_122358,C:\Users\Admin\Desktop\ShiXiaoYu\data\FineTuneResNet\expert_models_runs\expert_run_stage6_9_66fold_test_14460_26420_aef_annual_64d\predictions\step6_expert_summary_student_20260607_122422.json,C:\Users\Admin\Desktop\ShiXiaoYu\data\FineTuneResNet\expert_models_runs\expert_run_stage6_9_66fold_test_14460_26420_aef_annual_64d\predictions\evaluation_student_cbsa14460_knn_k5_none.json,C:\Users\Admin\Desktop\ShiXiaoYu\data\FineTuneResNet\expert_models_runs\expert_run_stage6_9_66fold_test_14460_26420_aef_annual_64d\predictions\predictions_student_cbsa14460_knn_k5_none.csv,C:\Users\Admin\Desktop\ShiXiaoYu\data\3.26plan_tripmode_v2_66fold\folds\test_14460_26420\logs\aef_annual_64d\train.log,C:\Users\Admin\Desktop\ShiXiaoYu\data\3.26plan_tripmode_v2_66fold\folds\test_14460_26420\logs\aef_annual_64d\inference.log,0.09995482928718673,0.14744169697128026,0.5805858606709677,0.06930670788076854,0.10172716998048408,0.4109231245307209,0.06581460273021884,0.1177675178564744,0.33249827620965267,test_14460_26420,13,14460,26420,5,cosine,none
aef_annual_64d,26420,0.04851794107147291,0.0719319872051924,-0.28420690792641706,C:\Users\Admin\Desktop\ShiXiaoYu\data\FineTuneResNet\city_prototypes_per_city\per_city_cluster_20260607_122358,C:\Users\Admin\Desktop\ShiXiaoYu\data\FineTuneResNet\expert_models_runs\expert_run_stage6_9_66fold_test_14460_26420_aef_annual_64d\predictions\step6_expert_summary_student_20260607_122422.json,C:\Users\Admin\Desktop\ShiXiaoYu\data\FineTuneResNet\expert_models_runs\expert_run_stage6_9_66fold_test_14460_26420_aef_annual_64d\predictions\evaluation_student_cbsa26420_knn_k5_none.json,C:\Users\Admin\Desktop\ShiXiaoYu\data\FineTuneResNet\expert_models_runs\expert_run_stage6_9_66fold_test_14460_26420_aef_annual_64d\predictions\predictions_student_cbsa26420_knn_k5_none.csv,C:\Users\Admin\Desktop\ShiXiaoYu\data\3.26plan_tripmode_v2_66fold\folds\test_14460_26420\logs\aef_annual_64d\train.log,C:\Users\Admin\Desktop\ShiXiaoYu\data\3.26plan_tripmode_v2_66fold\folds\test_14460_26420\logs\aef_annual_64d\inference.log,0.06510621798173541,0.09359822323717934,-0.13567146665138563,0.038726199947752823,0.05626762316357545,-0.8071783142229696,0.04172140528493049,0.0659301152148224,0.09022905709510398,test_14460_26420,13,14460,26420,5,cosine,none
clay_v1_5_768d,14460,0.09395765610344546,0.1466164715287292,0.22462428660728798,C:\Users\Admin\Desktop\ShiXiaoYu\data\FineTuneResNet\city_prototypes_per_city\per_city_cluster_20260607_122513,C:\Users\Admin\Desktop\ShiXiaoYu\data\FineTuneResNet\expert_models_runs\expert_run_stage6_9_66fold_test_14460_26420_clay_v1_5_768d\predictions\step6_expert_summary_student_20260607_122548.json,C:\Users\Admin\Desktop\ShiXiaoYu\data\FineTuneResNet\expert_models_runs\expert_run_stage6_9_66fold_test_14460_26420_clay_v1_5_768d\predictions\evaluation_student_cbsa14460_knn_k5_none.json,C:\Users\Admin\Desktop\ShiXiaoYu\data\FineTuneResNet\expert_models_runs\expert_run_stage6_9_66fold_test_14460_26420_clay_v1_5_768d\predictions\predictions_student_cbsa14460_knn_k5_none.csv,C:\Users\Admin\Desktop\ShiXiaoYu\data\3.26plan_tripmode_v2_66fold\folds\test_14460_26420\logs\clay_v1_5_768d\train.log,C:\Users\Admin\Desktop\ShiXiaoYu\data\3.26plan_tripmode_v2_66fold\folds\test_14460_26420\logs\clay_v1_5_768d\inference.log,0.12873660221742436,0.18988393637031953,0.30436907883845643,0.07778870450292251,0.11142545798017506,0.2932482301039311,0.07534766158998948,0.138540020235693,0.07625555087947644,test_14460_26420,13,14460,26420,5,cosine,none
clay_v1_5_768d,26420,0.07251994582454414,0.09308011898255701,-1.6458842192560352,C:\Users\Admin\Desktop\ShiXiaoYu\data\FineTuneResNet\city_prototypes_per_city\per_city_cluster_20260607_122513,C:\Users\Admin\Desktop\ShiXiaoYu\data\FineTuneResNet\expert_models_runs\expert_run_stage6_9_66fold_test_14460_26420_clay_v1_5_768d\predictions\step6_expert_summary_student_20260607_122548.json,C:\Users\Admin\Desktop\ShiXiaoYu\data\FineTuneResNet\expert_models_runs\expert_run_stage6_9_66fold_test_14460_26420_clay_v1_5_768d\predictions\evaluation_student_cbsa26420_knn_k5_none.json,C:\Users\Admin\Desktop\ShiXiaoYu\data\FineTuneResNet\expert_models_runs\expert_run_stage6_9_66fold_test_14460_26420_clay_v1_5_768d\predictions\predictions_student_cbsa26420_knn_k5_none.csv,C:\Users\Admin\Desktop\ShiXiaoYu\data\3.26plan_tripmode_v2_66fold\folds\test_14460_26420\logs\clay_v1_5_768d\train.log,C:\Users\Admin\Desktop\ShiXiaoYu\data\3.26plan_tripmode_v2_66fold\folds\test_14460_26420\logs\clay_v1_5_768d\inference.log,0.09848222617405808,0.12139666226975672,-0.9914706053648727,0.07125174333756747,0.09012006812141869,-3.9532600771900928,0.04782586796200688,0.06772362655649558,0.007078024786859816,test_14460_26420,13,14460,26420,5,cosine,none
prithvi_eo_v2_1024d,14460,0.1059479996871403,0.17154322619193527,-0.040084018298663183,C:\Users\Admin\Desktop\ShiXiaoYu\data\FineTuneResNet\city_prototypes_per_city\per_city_cluster_20260607_122639,C:\Users\Admin\Desktop\ShiXiaoYu\data\FineTuneResNet\expert_models_runs\expert_run_stage6_9_66fold_test_14460_26420_prithvi_eo_v2_1024d\predictions\step6_expert_summary_student_20260607_122713.json,C:\Users\Admin\Desktop\ShiXiaoYu\data\FineTuneResNet\expert_models_runs\expert_run_stage6_9_66fold_test_14460_26420_prithvi_eo_v2_1024d\predictions\evaluation_student_cbsa14460_knn_k5_none.json,C:\Users\Admin\Desktop\ShiXiaoYu\data\FineTuneResNet\expert_models_runs\expert_run_stage6_9_66fold_test_14460_26420_prithvi_eo_v2_1024d\predictions\predictions_student_cbsa14460_knn_k5_none.csv,C:\Users\Admin\Desktop\ShiXiaoYu\data\3.26plan_tripmode_v2_66fold\folds\test_14460_26420\logs\prithvi_eo_v2_1024d\train.log,C:\Users\Admin\Desktop\ShiXiaoYu\data\3.26plan_tripmode_v2_66fold\folds\test_14460_26420\logs\prithvi_eo_v2_1024d\inference.log,0.1516746147001406,0.2324730682707479,-0.042672024157797805,0.08828346566962446,0.13286965990332547,-0.004962128538370969,0.07788591869165584,0.14928695040173245,-0.07261790219982078,test_14460_26420,13,14460,26420,5,cosine,none
prithvi_eo_v2_1024d,26420,0.07629246465813799,0.09808359640593955,-2.037484727228321,C:\Users\Admin\Desktop\ShiXiaoYu\data\FineTuneResNet\city_prototypes_per_city\per_city_cluster_20260607_122639,C:\Users\Admin\Desktop\ShiXiaoYu\data\FineTuneResNet\expert_models_runs\expert_run_stage6_9_66fold_test_14460_26420_prithvi_eo_v2_1024d\predictions\step6_expert_summary_student_20260607_122713.json,C:\Users\Admin\Desktop\ShiXiaoYu\data\FineTuneResNet\expert_models_runs\expert_run_stage6_9_66fold_test_14460_26420_prithvi_eo_v2_1024d\predictions\evaluation_student_cbsa26420_knn_k5_none.json,C:\Users\Admin\Desktop\ShiXiaoYu\data\FineTuneResNet\expert_models_runs\expert_run_stage6_9_66fold_test_14460_26420_prithvi_eo_v2_1024d\predictions\predictions_student_cbsa26420_knn_k5_none.csv,C:\Users\Admin\Desktop\ShiXiaoYu\data\3.26plan_tripmode_v2_66fold\folds\test_14460_26420\logs\prithvi_eo_v2_1024d\train.log,C:\Users\Admin\Desktop\ShiXiaoYu\data\3.26plan_tripmode_v2_66fold\folds\test_14460_26420\logs\prithvi_eo_v2_1024d\inference.log,0.10237250142257671,0.12775784441917706,-1.205644723155995,0.0792281277079098,0.098375456732206,-4.9023047918487626,0.04727676484392744,0.0681174880664356,-0.004504666680206437,test_14460_26420,13,14460,26420,5,cosine,none
imagenet_pretrain,14460,0.0959859824185985,0.15097526760453406,0.18376452835168844,C:\Users\Admin\Desktop\ShiXiaoYu\data\FineTuneResNet\city_prototypes_per_city\per_city_cluster_20260607_122808,C:\Users\Admin\Desktop\ShiXiaoYu\data\FineTuneResNet\expert_models_runs\expert_run_stage6_9_66fold_test_14460_26420_imagenet_pretrain\predictions\step6_expert_summary_student_20260607_122850.json,C:\Users\Admin\Desktop\ShiXiaoYu\data\FineTuneResNet\expert_models_runs\expert_run_stage6_9_66fold_test_14460_26420_imagenet_pretrain\predictions\evaluation_student_cbsa14460_knn_k5_none.json,C:\Users\Admin\Desktop\ShiXiaoYu\data\FineTuneResNet\expert_models_runs\expert_run_stage6_9_66fold_test_14460_26420_imagenet_pretrain\predictions\predictions_student_cbsa14460_knn_k5_none.csv,C:\Users\Admin\Desktop\ShiXiaoYu\data\3.26plan_tripmode_v2_66fold\folds\test_14460_26420\logs\imagenet_pretrain\train.log,C:\Users\Admin\Desktop\ShiXiaoYu\data\3.26plan_tripmode_v2_66fold\folds\test_14460_26420\logs\imagenet_pretrain\inference.log,0.13346944677775274,0.1984841156040353,0.23992939144771142,0.08196405023190871,0.11814858661885644,0.20538801629326742,0.07252445024613399,0.1362931005907104,0.10597617731408648,test_14460_26420,13,14460,26420,5,cosine,none
imagenet_pretrain,26420,0.06433014910441212,0.08255964442387452,-0.9238730442720565,C:\Users\Admin\Desktop\ShiXiaoYu\data\FineTuneResNet\city_prototypes_per_city\per_city_cluster_20260607_122808,C:\Users\Admin\Desktop\ShiXiaoYu\data\FineTuneResNet\expert_models_runs\expert_run_stage6_9_66fold_test_14460_26420_imagenet_pretrain\predictions\step6_expert_summary_student_20260607_122850.json,C:\Users\Admin\Desktop\ShiXiaoYu\data\FineTuneResNet\expert_models_runs\expert_run_stage6_9_66fold_test_14460_26420_imagenet_pretrain\predictions\evaluation_student_cbsa26420_knn_k5_none.json,C:\Users\Admin\Desktop\ShiXiaoYu\data\FineTuneResNet\expert_models_runs\expert_run_stage6_9_66fold_test_14460_26420_imagenet_pretrain\predictions\predictions_student_cbsa26420_knn_k5_none.csv,C:\Users\Admin\Desktop\ShiXiaoYu\data\3.26plan_tripmode_v2_66fold\folds\test_14460_26420\logs\imagenet_pretrain\train.log,C:\Users\Admin\Desktop\ShiXiaoYu\data\3.26plan_tripmode_v2_66fold\folds\test_14460_26420\logs\imagenet_pretrain\inference.log,0.08797260578608429,0.10869094050874063,-0.5964197850266302,0.059656595627389467,0.07270846362876025,-2.224170832410075,0.04536124589976263,0.06627952913412266,0.04897148462053602,test_14460_26420,13,14460,26420,5,cosine,none
satellite_pretrain,14460,0.10816033702867478,0.17602774372069474,-0.09793049435861863,C:\Users\Admin\Desktop\ShiXiaoYu\data\FineTuneResNet\city_prototypes_per_city\per_city_cluster_20260607_122943,C:\Users\Admin\Desktop\ShiXiaoYu\data\FineTuneResNet\expert_models_runs\expert_run_stage6_9_66fold_test_14460_26420_satellite_pretrain\predictions\step6_expert_summary_student_20260607_123022.json,C:\Users\Admin\Desktop\ShiXiaoYu\data\FineTuneResNet\expert_models_runs\expert_run_stage6_9_66fold_test_14460_26420_satellite_pretrain\predictions\evaluation_student_cbsa14460_knn_k5_none.json,C:\Users\Admin\Desktop\ShiXiaoYu\data\FineTuneResNet\expert_models_runs\expert_run_stage6_9_66fold_test_14460_26420_satellite_pretrain\predictions\predictions_student_cbsa14460_knn_k5_none.csv,C:\Users\Admin\Desktop\ShiXiaoYu\data\3.26plan_tripmode_v2_66fold\folds\test_14460_26420\logs\satellite_pretrain\train.log,C:\Users\Admin\Desktop\ShiXiaoYu\data\3.26plan_tripmode_v2_66fold\folds\test_14460_26420\logs\satellite_pretrain\inference.log,0.15454810987341094,0.23816625684705017,-0.09436674658775024,0.09176862675783898,0.1412317256677033,-0.13543579262484284,0.0781642744547744,0.1486852486473308,-0.06398894386326281,test_14460_26420,13,14460,26420,5,cosine,none
satellite_pretrain,26420,0.06416876359781885,0.08422136413219074,-1.0194972053494173,C:\Users\Admin\Desktop\ShiXiaoYu\data\FineTuneResNet\city_prototypes_per_city\per_city_cluster_20260607_122943,C:\Users\Admin\Desktop\ShiXiaoYu\data\FineTuneResNet\expert_models_runs\expert_run_stage6_9_66fold_test_14460_26420_satellite_pretrain\predictions\step6_expert_summary_student_20260607_123022.json,C:\Users\Admin\Desktop\ShiXiaoYu\data\FineTuneResNet\expert_models_runs\expert_run_stage6_9_66fold_test_14460_26420_satellite_pretrain\predictions\evaluation_student_cbsa26420_knn_k5_none.json,C:\Users\Admin\Desktop\ShiXiaoYu\data\FineTuneResNet\expert_models_runs\expert_run_stage6_9_66fold_test_14460_26420_satellite_pretrain\predictions\predictions_student_cbsa26420_knn_k5_none.csv,C:\Users\Admin\Desktop\ShiXiaoYu\data\3.26plan_tripmode_v2_66fold\folds\test_14460_26420\logs\satellite_pretrain\train.log,C:\Users\Admin\Desktop\ShiXiaoYu\data\3.26plan_tripmode_v2_66fold\folds\test_14460_26420\logs\satellite_pretrain\inference.log,0.08797207096858412,0.1115054458620806,-0.6801674437482492,0.05940293814688142,0.07500250092246495,-2.430833160288696,0.045131281677991034,0.06615614561202666,0.05250898798869297,test_14460_26420,13,14460,26420,5,cosine,none
single_task_backbone_finetune,14460,0.0985635436019716,0.14078193178101342,0.2801416449819658,C:\Users\Admin\Desktop\ShiXiaoYu\data\FineTuneResNet\city_prototypes_per_city\per_city_cluster_20260607_123115,C:\Users\Admin\Desktop\ShiXiaoYu\data\FineTuneResNet\expert_models_runs\expert_run_stage6_9_66fold_test_14460_26420_single_task_backbone_finetune\predictions\step6_expert_summary_student_20260607_123156.json,C:\Users\Admin\Desktop\ShiXiaoYu\data\FineTuneResNet\expert_models_runs\expert_run_stage6_9_66fold_test_14460_26420_single_task_backbone_finetune\predictions\evaluation_student_cbsa14460_knn_k5_none.json,C:\Users\Admin\Desktop\ShiXiaoYu\data\FineTuneResNet\expert_models_runs\expert_run_stage6_9_66fold_test_14460_26420_single_task_backbone_finetune\predictions\predictions_student_cbsa14460_knn_k5_none.csv,C:\Users\Admin\Desktop\ShiXiaoYu\data\3.26plan_tripmode_v2_66fold\folds\test_14460_26420\logs\single_task_backbone_finetune\train.log,C:\Users\Admin\Desktop\ShiXiaoYu\data\3.26plan_tripmode_v2_66fold\folds\test_14460_26420\logs\single_task_backbone_finetune\inference.log,0.1352472825650207,0.17982558709528676,0.37611377094027565,0.08520103926004817,0.11527076570139223,0.24362632488810831,0.07524230898084595,0.1272494425463613,0.22068483911751346,test_14460_26420,13,14460,26420,5,cosine,none
single_task_backbone_finetune,26420,0.04430866309099951,0.06873006237634362,-0.19055308768762913,C:\Users\Admin\Desktop\ShiXiaoYu\data\FineTuneResNet\city_prototypes_per_city\per_city_cluster_20260607_123115,C:\Users\Admin\Desktop\ShiXiaoYu\data\FineTuneResNet\expert_models_runs\expert_run_stage6_9_66fold_test_14460_26420_single_task_backbone_finetune\predictions\step6_expert_summary_student_20260607_123156.json,C:\Users\Admin\Desktop\ShiXiaoYu\data\FineTuneResNet\expert_models_runs\expert_run_stage6_9_66fold_test_14460_26420_single_task_backbone_finetune\predictions\evaluation_student_cbsa26420_knn_k5_none.json,C:\Users\Admin\Desktop\ShiXiaoYu\data\FineTuneResNet\expert_models_runs\expert_run_stage6_9_66fold_test_14460_26420_single_task_backbone_finetune\predictions\predictions_student_cbsa26420_knn_k5_none.csv,C:\Users\Admin\Desktop\ShiXiaoYu\data\3.26plan_tripmode_v2_66fold\folds\test_14460_26420\logs\single_task_backbone_finetune\train.log,C:\Users\Admin\Desktop\ShiXiaoYu\data\3.26plan_tripmode_v2_66fold\folds\test_14460_26420\logs\single_task_backbone_finetune\inference.log,0.05982242549959282,0.08922947900174479,-0.07591291930314048,0.03430230961170366,0.05001112906591661,-0.5253918719874748,0.03880125416170204,0.06694957906136945,0.029645528227727924,test_14460_26420,13,14460,26420,5,cosine,none
aef_annual_64d,14460,0.0783785644254173,0.12170656068533743,0.4465090567070075,C:\Users\Admin\Desktop\ShiXiaoYu\data\FineTuneResNet\city_prototypes_per_city\per_city_cluster_20260607_123242,C:\Users\Admin\Desktop\ShiXiaoYu\data\FineTuneResNet\expert_models_runs\expert_run_stage6_9_66fold_test_14460_31080_aef_annual_64d\predictions\step6_expert_summary_student_20260607_123309.json,C:\Users\Admin\Desktop\ShiXiaoYu\data\FineTuneResNet\expert_models_runs\expert_run_stage6_9_66fold_test_14460_31080_aef_annual_64d\predictions\evaluation_student_cbsa14460_knn_k5_none.json,C:\Users\Admin\Desktop\ShiXiaoYu\data\FineTuneResNet\expert_models_runs\expert_run_stage6_9_66fold_test_14460_31080_aef_annual_64d\predictions\predictions_student_cbsa14460_knn_k5_none.csv,C:\Users\Admin\Desktop\ShiXiaoYu\data\3.26plan_tripmode_v2_66fold\folds\test_14460_31080\logs\aef_annual_64d\train.log,C:\Users\Admin\Desktop\ShiXiaoYu\data\3.26plan_tripmode_v2_66fold\folds\test_14460_31080\logs\aef_annual_64d\inference.log,0.09952198434933189,0.14656285644626887,0.5855708766803851,0.07005550998161467,0.1018814255159603,0.40913525873845413,0.06555819894530535,0.11667540009378312,0.34482103470218317,test_14460_31080,14,14460,31080,5,cosine,none
aef_annual_64d,31080,0.17500239652163577,0.20063349190868585,-5.987025815057085,C:\Users\Admin\Desktop\ShiXiaoYu\data\FineTuneResNet\city_prototypes_per_city\per_city_cluster_20260607_123242,C:\Users\Admin\Desktop\ShiXiaoYu\data\FineTuneResNet\expert_models_runs\expert_run_stage6_9_66fold_test_14460_31080_aef_annual_64d\predictions\step6_expert_summary_student_20260607_123309.json,C:\Users\Admin\Desktop\ShiXiaoYu\data\FineTuneResNet\expert_models_runs\expert_run_stage6_9_66fold_test_14460_31080_aef_annual_64d\predictions\evaluation_student_cbsa31080_knn_k5_none.json,C:\Users\Admin\Desktop\ShiXiaoYu\data\FineTuneResNet\expert_models_runs\expert_run_stage6_9_66fold_test_14460_31080_aef_annual_64d\predictions\predictions_student_cbsa31080_knn_k5_none.csv,C:\Users\Admin\Desktop\ShiXiaoYu\data\3.26plan_tripmode_v2_66fold\folds\test_14460_31080\logs\aef_annual_64d\train.log,C:\Users\Admin\Desktop\ShiXiaoYu\data\3.26plan_tripmode_v2_66fold\folds\test_14460_31080\logs\aef_annual_64d\inference.log,0.24398941734337898,0.27500937275135084,-6.301878701283664,0.2002557518500107,0.22839357421098078,-10.459927321785706,0.08076202037151763,0.09849752876372603,-1.1992714221018868,test_14460_31080,14,14460,31080,5,cosine,none
clay_v1_5_768d,14460,0.09302671792538246,0.1478153749976706,0.20919181508169196,C:\Users\Admin\Desktop\ShiXiaoYu\data\FineTuneResNet\city_prototypes_per_city\per_city_cluster_20260607_123400,C:\Users\Admin\Desktop\ShiXiaoYu\data\FineTuneResNet\expert_models_runs\expert_run_stage6_9_66fold_test_14460_31080_clay_v1_5_768d\predictions\step6_expert_summary_student_20260607_123436.json,C:\Users\Admin\Desktop\ShiXiaoYu\data\FineTuneResNet\expert_models_runs\expert_run_stage6_9_66fold_test_14460_31080_clay_v1_5_768d\predictions\evaluation_student_cbsa14460_knn_k5_none.json,C:\Users\Admin\Desktop\ShiXiaoYu\data\FineTuneResNet\expert_models_runs\expert_run_stage6_9_66fold_test_14460_31080_clay_v1_5_768d\predictions\predictions_student_cbsa14460_knn_k5_none.csv,C:\Users\Admin\Desktop\ShiXiaoYu\data\3.26plan_tripmode_v2_66fold\folds\test_14460_31080\logs\clay_v1_5_768d\train.log,C:\Users\Admin\Desktop\ShiXiaoYu\data\3.26plan_tripmode_v2_66fold\folds\test_14460_31080\logs\clay_v1_5_768d\inference.log,0.1263420809957668,0.18994745285178477,0.30390362168426455,0.07851117397644594,0.11407556752464683,0.25923010322368667,0.07422689880393465,0.13942310461658022,0.0644417203371247,test_14460_31080,14,14460,31080,5,cosine,none
clay_v1_5_768d,31080,0.06578515096567035,0.08832357149761387,-0.26449653582336613,C:\Users\Admin\Desktop\ShiXiaoYu\data\FineTuneResNet\city_prototypes_per_city\per_city_cluster_20260607_123400,C:\Users\Admin\Desktop\ShiXiaoYu\data\FineTuneResNet\expert_models_runs\expert_run_stage6_9_66fold_test_14460_31080_clay_v1_5_768d\predictions\step6_expert_summary_student_20260607_123436.json,C:\Users\Admin\Desktop\ShiXiaoYu\data\FineTuneResNet\expert_models_runs\expert_run_stage6_9_66fold_test_14460_31080_clay_v1_5_768d\predictions\evaluation_student_cbsa31080_knn_k5_none.json,C:\Users\Admin\Desktop\ShiXiaoYu\data\FineTuneResNet\expert_models_runs\expert_run_stage6_9_66fold_test_14460_31080_clay_v1_5_768d\predictions\predictions_student_cbsa31080_knn_k5_none.csv,C:\Users\Admin\Desktop\ShiXiaoYu\data\3.26plan_tripmode_v2_66fold\folds\test_14460_31080\logs\clay_v1_5_768d\train.log,C:\Users\Admin\Desktop\ShiXiaoYu\data\3.26plan_tripmode_v2_66fold\folds\test_14460_31080\logs\clay_v1_5_768d\inference.log,0.08930211213446912,0.11546614870695568,-0.28720875232537946,0.06252887304157814,0.08122968765471572,-0.44958493852787473,0.045524467720963795,0.06827487813117017,-0.056695916616844144,test_14460_31080,14,14460,31080,5,cosine,none
prithvi_eo_v2_1024d,14460,0.10924477358526635,0.17712213585616857,-0.10795188151136596,C:\Users\Admin\Desktop\ShiXiaoYu\data\FineTuneResNet\city_prototypes_per_city\per_city_cluster_20260607_123527,C:\Users\Admin\Desktop\ShiXiaoYu\data\FineTuneResNet\expert_models_runs\expert_run_stage6_9_66fold_test_14460_31080_prithvi_eo_v2_1024d\predictions\step6_expert_summary_student_20260607_123602.json,C:\Users\Admin\Desktop\ShiXiaoYu\data\FineTuneResNet\expert_models_runs\expert_run_stage6_9_66fold_test_14460_31080_prithvi_eo_v2_1024d\predictions\evaluation_student_cbsa14460_knn_k5_none.json,C:\Users\Admin\Desktop\ShiXiaoYu\data\FineTuneResNet\expert_models_runs\expert_run_stage6_9_66fold_test_14460_31080_prithvi_eo_v2_1024d\predictions\predictions_student_cbsa14460_knn_k5_none.csv,C:\Users\Admin\Desktop\ShiXiaoYu\data\3.26plan_tripmode_v2_66fold\folds\test_14460_31080\logs\prithvi_eo_v2_1024d\train.log,C:\Users\Admin\Desktop\ShiXiaoYu\data\3.26plan_tripmode_v2_66fold\folds\test_14460_31080\logs\prithvi_eo_v2_1024d\inference.log,0.1570904858898906,0.24100925834400663,-0.120649698031847,0.09157537856104501,0.13960482586853276,-0.10942746146719662,0.07906845630486342,0.15075232335596636,-0.09377848503505426,test_14460_31080,14,14460,31080,5,cosine,none
prithvi_eo_v2_1024d,31080,0.05879395682036668,0.08306504521133729,-0.1223103706236152,C:\Users\Admin\Desktop\ShiXiaoYu\data\FineTuneResNet\city_prototypes_per_city\per_city_cluster_20260607_123527,C:\Users\Admin\Desktop\ShiXiaoYu\data\FineTuneResNet\expert_models_runs\expert_run_stage6_9_66fold_test_14460_31080_prithvi_eo_v2_1024d\predictions\step6_expert_summary_student_20260607_123602.json,C:\Users\Admin\Desktop\ShiXiaoYu\data\FineTuneResNet\expert_models_runs\expert_run_stage6_9_66fold_test_14460_31080_prithvi_eo_v2_1024d\predictions\evaluation_student_cbsa31080_knn_k5_none.json,C:\Users\Admin\Desktop\ShiXiaoYu\data\FineTuneResNet\expert_models_runs\expert_run_stage6_9_66fold_test_14460_31080_prithvi_eo_v2_1024d\predictions\predictions_student_cbsa31080_knn_k5_none.csv,C:\Users\Admin\Desktop\ShiXiaoYu\data\3.26plan_tripmode_v2_66fold\folds\test_14460_31080\logs\prithvi_eo_v2_1024d\train.log,C:\Users\Admin\Desktop\ShiXiaoYu\data\3.26plan_tripmode_v2_66fold\folds\test_14460_31080\logs\prithvi_eo_v2_1024d\inference.log,0.07953510430376283,0.1073572767642156,-0.11276279415895174,0.056611796225057916,0.07668124071751774,-0.2917913253833744,0.040234969932279305,0.06515661815227852,0.037623007671480524,test_14460_31080,14,14460,31080,5,cosine,none
imagenet_pretrain,14460,0.09680492899945033,0.15309375821832963,0.16181134717206802,C:\Users\Admin\Desktop\ShiXiaoYu\data\FineTuneResNet\city_prototypes_per_city\per_city_cluster_20260607_123656,C:\Users\Admin\Desktop\ShiXiaoYu\data\FineTuneResNet\expert_models_runs\expert_run_stage6_9_66fold_test_14460_31080_imagenet_pretrain\predictions\step6_expert_summary_student_20260607_123738.json,C:\Users\Admin\Desktop\ShiXiaoYu\data\FineTuneResNet\expert_models_runs\expert_run_stage6_9_66fold_test_14460_31080_imagenet_pretrain\predictions\evaluation_student_cbsa14460_knn_k5_none.json,C:\Users\Admin\Desktop\ShiXiaoYu\data\FineTuneResNet\expert_models_runs\expert_run_stage6_9_66fold_test_14460_31080_imagenet_pretrain\predictions\predictions_student_cbsa14460_knn_k5_none.csv,C:\Users\Admin\Desktop\ShiXiaoYu\data\3.26plan_tripmode_v2_66fold\folds\test_14460_31080\logs\imagenet_pretrain\train.log,C:\Users\Admin\Desktop\ShiXiaoYu\data\3.26plan_tripmode_v2_66fold\folds\test_14460_31080\logs\imagenet_pretrain\inference.log,0.13455855626880603,0.20187029694378558,0.2137742388909566,0.0824929974516768,0.11970307462353766,0.1843409478512683,0.07336323327786812,0.13770790308766565,0.08731885477397916,test_14460_31080,14,14460,31080,5,cosine,none
imagenet_pretrain,31080,0.0630882689025152,0.08532064847242425,-0.18456045108926658,C:\Users\Admin\Desktop\ShiXiaoYu\data\FineTuneResNet\city_prototypes_per_city\per_city_cluster_20260607_123656,C:\Users\Admin\Desktop\ShiXiaoYu\data\FineTuneResNet\expert_models_runs\expert_run_stage6_9_66fold_test_14460_31080_imagenet_pretrain\predictions\step6_expert_summary_student_20260607_123738.json,C:\Users\Admin\Desktop\ShiXiaoYu\data\FineTuneResNet\expert_models_runs\expert_run_stage6_9_66fold_test_14460_31080_imagenet_pretrain\predictions\evaluation_student_cbsa31080_knn_k5_none.json,C:\Users\Admin\Desktop\ShiXiaoYu\data\FineTuneResNet\expert_models_runs\expert_run_stage6_9_66fold_test_14460_31080_imagenet_pretrain\predictions\predictions_student_cbsa31080_knn_k5_none.csv,C:\Users\Admin\Desktop\ShiXiaoYu\data\3.26plan_tripmode_v2_66fold\folds\test_14460_31080\logs\imagenet_pretrain\train.log,C:\Users\Admin\Desktop\ShiXiaoYu\data\3.26plan_tripmode_v2_66fold\folds\test_14460_31080\logs\imagenet_pretrain\inference.log,0.08468384070978335,0.10998839960508869,-0.1679745747080823,0.061690527518287866,0.0784673934462104,-0.3526721672735189,0.042890438479474415,0.06750615236597367,-0.033034611286198556,test_14460_31080,14,14460,31080,5,cosine,none
satellite_pretrain,14460,0.11025028591880347,0.180162437034583,-0.14770246268985035,C:\Users\Admin\Desktop\ShiXiaoYu\data\FineTuneResNet\city_prototypes_per_city\per_city_cluster_20260607_123831,C:\Users\Admin\Desktop\ShiXiaoYu\data\FineTuneResNet\expert_models_runs\expert_run_stage6_9_66fold_test_14460_31080_satellite_pretrain\predictions\step6_expert_summary_student_20260607_123911.json,C:\Users\Admin\Desktop\ShiXiaoYu\data\FineTuneResNet\expert_models_runs\expert_run_stage6_9_66fold_test_14460_31080_satellite_pretrain\predictions\evaluation_student_cbsa14460_knn_k5_none.json,C:\Users\Admin\Desktop\ShiXiaoYu\data\FineTuneResNet\expert_models_runs\expert_run_stage6_9_66fold_test_14460_31080_satellite_pretrain\predictions\predictions_student_cbsa14460_knn_k5_none.csv,C:\Users\Admin\Desktop\ShiXiaoYu\data\3.26plan_tripmode_v2_66fold\folds\test_14460_31080\logs\satellite_pretrain\train.log,C:\Users\Admin\Desktop\ShiXiaoYu\data\3.26plan_tripmode_v2_66fold\folds\test_14460_31080\logs\satellite_pretrain\inference.log,0.1589644226595323,0.24525178427847022,-0.1604509202555111,0.09240023769889028,0.14476758747435353,-0.19300076787468923,0.07938619739798779,0.15046793935092526,-0.08965569993935074,test_14460_31080,14,14460,31080,5,cosine,none
satellite_pretrain,31080,0.045124318205065655,0.0714891544970057,0.16045325029567728,C:\Users\Admin\Desktop\ShiXiaoYu\data\FineTuneResNet\city_prototypes_per_city\per_city_cluster_20260607_123831,C:\Users\Admin\Desktop\ShiXiaoYu\data\FineTuneResNet\expert_models_runs\expert_run_stage6_9_66fold_test_14460_31080_satellite_pretrain\predictions\step6_expert_summary_student_20260607_123911.json,C:\Users\Admin\Desktop\ShiXiaoYu\data\FineTuneResNet\expert_models_runs\expert_run_stage6_9_66fold_test_14460_31080_satellite_pretrain\predictions\evaluation_student_cbsa31080_knn_k5_none.json,C:\Users\Admin\Desktop\ShiXiaoYu\data\FineTuneResNet\expert_models_runs\expert_run_stage6_9_66fold_test_14460_31080_satellite_pretrain\predictions\predictions_student_cbsa31080_knn_k5_none.csv,C:\Users\Admin\Desktop\ShiXiaoYu\data\3.26plan_tripmode_v2_66fold\folds\test_14460_31080\logs\satellite_pretrain\train.log,C:\Users\Admin\Desktop\ShiXiaoYu\data\3.26plan_tripmode_v2_66fold\folds\test_14460_31080\logs\satellite_pretrain\inference.log,0.058416420015136174,0.08996881040739407,0.21850972231057642,0.041021995473837974,0.059027930217811386,0.23452817205931276,0.035934539126222825,0.06547072286581161,0.028321856517142696,test_14460_31080,14,14460,31080,5,cosine,none
single_task_backbone_finetune,14460,0.09850938837270173,0.14043047071812623,0.2810153542281337,C:\Users\Admin\Desktop\ShiXiaoYu\data\FineTuneResNet\city_prototypes_per_city\per_city_cluster_20260607_124008,C:\Users\Admin\Desktop\ShiXiaoYu\data\FineTuneResNet\expert_models_runs\expert_run_stage6_9_66fold_test_14460_31080_single_task_backbone_finetune\predictions\step6_expert_summary_student_20260607_124052.json,C:\Users\Admin\Desktop\ShiXiaoYu\data\FineTuneResNet\expert_models_runs\expert_run_stage6_9_66fold_test_14460_31080_single_task_backbone_finetune\predictions\evaluation_student_cbsa14460_knn_k5_none.json,C:\Users\Admin\Desktop\ShiXiaoYu\data\FineTuneResNet\expert_models_runs\expert_run_stage6_9_66fold_test_14460_31080_single_task_backbone_finetune\predictions\predictions_student_cbsa14460_knn_k5_none.csv,C:\Users\Admin\Desktop\ShiXiaoYu\data\3.26plan_tripmode_v2_66fold\folds\test_14460_31080\logs\single_task_backbone_finetune\train.log,C:\Users\Admin\Desktop\ShiXiaoYu\data\3.26plan_tripmode_v2_66fold\folds\test_14460_31080\logs\single_task_backbone_finetune\inference.log,0.13250495636583404,0.17834706933566788,0.38633072403021185,0.08679354421571073,0.11750837375929087,0.21397622745564815,0.07622966453656045,0.1254359690594199,0.24273911119854097,test_14460_31080,14,14460,31080,5,cosine,none
single_task_backbone_finetune,31080,0.043692757577969255,0.07344702120774572,0.11615839642915267,C:\Users\Admin\Desktop\ShiXiaoYu\data\FineTuneResNet\city_prototypes_per_city\per_city_cluster_20260607_124008,C:\Users\Admin\Desktop\ShiXiaoYu\data\FineTuneResNet\expert_models_runs\expert_run_stage6_9_66fold_test_14460_31080_single_task_backbone_finetune\predictions\step6_expert_summary_student_20260607_124052.json,C:\Users\Admin\Desktop\ShiXiaoYu\data\FineTuneResNet\expert_models_runs\expert_run_stage6_9_66fold_test_14460_31080_single_task_backbone_finetune\predictions\evaluation_student_cbsa31080_knn_k5_none.json,C:\Users\Admin\Desktop\ShiXiaoYu\data\FineTuneResNet\expert_models_runs\expert_run_stage6_9_66fold_test_14460_31080_single_task_backbone_finetune\predictions\predictions_student_cbsa31080_knn_k5_none.csv,C:\Users\Admin\Desktop\ShiXiaoYu\data\3.26plan_tripmode_v2_66fold\folds\test_14460_31080\logs\single_task_backbone_finetune\train.log,C:\Users\Admin\Desktop\ShiXiaoYu\data\3.26plan_tripmode_v2_66fold\folds\test_14460_31080\logs\single_task_backbone_finetune\inference.log,0.057034298760661524,0.09231720660932136,0.17717982291969958,0.03934556292712638,0.06453976142398447,0.08489945769387741,0.03469841104611986,0.06348409558993132,0.08639590867388103,test_14460_31080,14,14460,31080,5,cosine,none
aef_annual_64d,14460,0.07792363581306967,0.12148363427729114,0.4476513248153949,C:\Users\Admin\Desktop\ShiXiaoYu\data\FineTuneResNet\city_prototypes_per_city\per_city_cluster_20260607_124145,C:\Users\Admin\Desktop\ShiXiaoYu\data\FineTuneResNet\expert_models_runs\expert_run_stage6_9_66fold_test_14460_33100_aef_annual_64d\predictions\step6_expert_summary_student_20260607_124212.json,C:\Users\Admin\Desktop\ShiXiaoYu\data\FineTuneResNet\expert_models_runs\expert_run_stage6_9_66fold_test_14460_33100_aef_annual_64d\predictions\evaluation_student_cbsa14460_knn_k5_none.json,C:\Users\Admin\Desktop\ShiXiaoYu\data\FineTuneResNet\expert_models_runs\expert_run_stage6_9_66fold_test_14460_33100_aef_annual_64d\predictions\predictions_student_cbsa14460_knn_k5_none.csv,C:\Users\Admin\Desktop\ShiXiaoYu\data\3.26plan_tripmode_v2_66fold\folds\test_14460_33100\logs\aef_annual_64d\train.log,C:\Users\Admin\Desktop\ShiXiaoYu\data\3.26plan_tripmode_v2_66fold\folds\test_14460_33100\logs\aef_annual_64d\inference.log,0.09890682157544592,0.1457888376399896,0.5899366336250479,0.06916338467365793,0.10094341761394558,0.41996518986994247,0.0657007011901052,0.11771864757793829,0.33305215095119445,test_14460_33100,15,14460,33100,5,cosine,none
aef_annual_64d,33100,0.07032358875799805,0.09977804972711722,-1.4617854037758076,C:\Users\Admin\Desktop\ShiXiaoYu\data\FineTuneResNet\city_prototypes_per_city\per_city_cluster_20260607_124145,C:\Users\Admin\Desktop\ShiXiaoYu\data\FineTuneResNet\expert_models_runs\expert_run_stage6_9_66fold_test_14460_33100_aef_annual_64d\predictions\step6_expert_summary_student_20260607_124212.json,C:\Users\Admin\Desktop\ShiXiaoYu\data\FineTuneResNet\expert_models_runs\expert_run_stage6_9_66fold_test_14460_33100_aef_annual_64d\predictions\evaluation_student_cbsa33100_knn_k5_none.json,C:\Users\Admin\Desktop\ShiXiaoYu\data\FineTuneResNet\expert_models_runs\expert_run_stage6_9_66fold_test_14460_33100_aef_annual_64d\predictions\predictions_student_cbsa33100_knn_k5_none.csv,C:\Users\Admin\Desktop\ShiXiaoYu\data\3.26plan_tripmode_v2_66fold\folds\test_14460_33100\logs\aef_annual_64d\train.log,C:\Users\Admin\Desktop\ShiXiaoYu\data\3.26plan_tripmode_v2_66fold\folds\test_14460_33100\logs\aef_annual_64d\inference.log,0.0981939084518947,0.13822593909491732,-1.3027461458874576,0.0634514663276054,0.09182655309442354,-3.1513195111846137,0.04932539149449407,0.06928165699201079,0.06870944574464877,test_14460_33100,15,14460,33100,5,cosine,none
clay_v1_5_768d,14460,0.0919752667934493,0.14454263131800463,0.24356926065017145,C:\Users\Admin\Desktop\ShiXiaoYu\data\FineTuneResNet\city_prototypes_per_city\per_city_cluster_20260607_124307,C:\Users\Admin\Desktop\ShiXiaoYu\data\FineTuneResNet\expert_models_runs\expert_run_stage6_9_66fold_test_14460_33100_clay_v1_5_768d\predictions\step6_expert_summary_student_20260607_124343.json,C:\Users\Admin\Desktop\ShiXiaoYu\data\FineTuneResNet\expert_models_runs\expert_run_stage6_9_66fold_test_14460_33100_clay_v1_5_768d\predictions\evaluation_student_cbsa14460_knn_k5_none.json,C:\Users\Admin\Desktop\ShiXiaoYu\data\FineTuneResNet\expert_models_runs\expert_run_stage6_9_66fold_test_14460_33100_clay_v1_5_768d\predictions\predictions_student_cbsa14460_knn_k5_none.csv,C:\Users\Admin\Desktop\ShiXiaoYu\data\3.26plan_tripmode_v2_66fold\folds\test_14460_33100\logs\clay_v1_5_768d\train.log,C:\Users\Admin\Desktop\ShiXiaoYu\data\3.26plan_tripmode_v2_66fold\folds\test_14460_33100\logs\clay_v1_5_768d\inference.log,0.1250487614154207,0.18567462900443232,0.33486843957110524,0.07710930616770062,0.11083958128282398,0.3006609131442407,0.07376773279722658,0.13711368366675758,0.0951784292351684,test_14460_33100,15,14460,33100,5,cosine,none
clay_v1_5_768d,33100,0.06747303513386203,0.08717996826900958,-0.7826782398578959,C:\Users\Admin\Desktop\ShiXiaoYu\data\FineTuneResNet\city_prototypes_per_city\per_city_cluster_20260607_124307,C:\Users\Admin\Desktop\ShiXiaoYu\data\FineTuneResNet\expert_models_runs\expert_run_stage6_9_66fold_test_14460_33100_clay_v1_5_768d\predictions\step6_expert_summary_student_20260607_124343.json,C:\Users\Admin\Desktop\ShiXiaoYu\data\FineTuneResNet\expert_models_runs\expert_run_stage6_9_66fold_test_14460_33100_clay_v1_5_768d\predictions\evaluation_student_cbsa33100_knn_k5_none.json,C:\Users\Admin\Desktop\ShiXiaoYu\data\FineTuneResNet\expert_models_runs\expert_run_stage6_9_66fold_test_14460_33100_clay_v1_5_768d\predictions\predictions_student_cbsa33100_knn_k5_none.csv,C:\Users\Admin\Desktop\ShiXiaoYu\data\3.26plan_tripmode_v2_66fold\folds\test_14460_33100\logs\clay_v1_5_768d\train.log,C:\Users\Admin\Desktop\ShiXiaoYu\data\3.26plan_tripmode_v2_66fold\folds\test_14460_33100\logs\clay_v1_5_768d\inference.log,0.09078616394888149,0.11458871218560523,-0.5825252310637372,0.058652207698650476,0.07481998501708742,-1.7560356408172462,0.052980733754054134,0.07213120760433607,-0.009473847692703874,test_14460_33100,15,14460,33100,5,cosine,none
prithvi_eo_v2_1024d,14460,0.10972273420630062,0.1777663786114647,-0.11855499784066607,C:\Users\Admin\Desktop\ShiXiaoYu\data\FineTuneResNet\city_prototypes_per_city\per_city_cluster_20260607_124437,C:\Users\Admin\Desktop\ShiXiaoYu\data\FineTuneResNet\expert_models_runs\expert_run_stage6_9_66fold_test_14460_33100_prithvi_eo_v2_1024d\predictions\step6_expert_summary_student_20260607_124512.json,C:\Users\Admin\Desktop\ShiXiaoYu\data\FineTuneResNet\expert_models_runs\expert_run_stage6_9_66fold_test_14460_33100_prithvi_eo_v2_1024d\predictions\evaluation_student_cbsa14460_knn_k5_none.json,C:\Users\Admin\Desktop\ShiXiaoYu\data\FineTuneResNet\expert_models_runs\expert_run_stage6_9_66fold_test_14460_33100_prithvi_eo_v2_1024d\predictions\predictions_student_cbsa14460_knn_k5_none.csv,C:\Users\Admin\Desktop\ShiXiaoYu\data\3.26plan_tripmode_v2_66fold\folds\test_14460_33100\logs\prithvi_eo_v2_1024d\train.log,C:\Users\Admin\Desktop\ShiXiaoYu\data\3.26plan_tripmode_v2_66fold\folds\test_14460_33100\logs\prithvi_eo_v2_1024d\inference.log,0.15689232260541325,0.24088024244556414,-0.11945021772757247,0.09285660702685118,0.1416652415796499,-0.1424170135779219,0.07941927298663744,0.15075365180918002,-0.09379776221650382,test_14460_33100,15,14460,33100,5,cosine,none
prithvi_eo_v2_1024d,33100,0.100428534848375,0.11646454530358215,-2.2254188147572056,C:\Users\Admin\Desktop\ShiXiaoYu\data\FineTuneResNet\city_prototypes_per_city\per_city_cluster_20260607_124437,C:\Users\Admin\Desktop\ShiXiaoYu\data\FineTuneResNet\expert_models_runs\expert_run_stage6_9_66fold_test_14460_33100_prithvi_eo_v2_1024d\predictions\step6_expert_summary_student_20260607_124512.json,C:\Users\Admin\Desktop\ShiXiaoYu\data\FineTuneResNet\expert_models_runs\expert_run_stage6_9_66fold_test_14460_33100_prithvi_eo_v2_1024d\predictions\evaluation_student_cbsa33100_knn_k5_none.json,C:\Users\Admin\Desktop\ShiXiaoYu\data\FineTuneResNet\expert_models_runs\expert_run_stage6_9_66fold_test_14460_33100_prithvi_eo_v2_1024d\predictions\predictions_student_cbsa33100_knn_k5_none.csv,C:\Users\Admin\Desktop\ShiXiaoYu\data\3.26plan_tripmode_v2_66fold\folds\test_14460_33100\logs\prithvi_eo_v2_1024d\train.log,C:\Users\Admin\Desktop\ShiXiaoYu\data\3.26plan_tripmode_v2_66fold\folds\test_14460_33100\logs\prithvi_eo_v2_1024d\inference.log,0.1476417898699137,0.16752075846090622,-2.382238486018747,0.08939762378064028,0.10104197163911596,-4.026355709140376,0.06424619089457098,0.08083090581072429,-0.2676622491124938,test_14460_33100,15,14460,33100,5,cosine,none
imagenet_pretrain,14460,0.09643750718270738,0.15217948723407557,0.1706112425136993,C:\Users\Admin\Desktop\ShiXiaoYu\data\FineTuneResNet\city_prototypes_per_city\per_city_cluster_20260607_124609,C:\Users\Admin\Desktop\ShiXiaoYu\data\FineTuneResNet\expert_models_runs\expert_run_stage6_9_66fold_test_14460_33100_imagenet_pretrain\predictions\step6_expert_summary_student_20260607_124652.json,C:\Users\Admin\Desktop\ShiXiaoYu\data\FineTuneResNet\expert_models_runs\expert_run_stage6_9_66fold_test_14460_33100_imagenet_pretrain\predictions\evaluation_student_cbsa14460_knn_k5_none.json,C:\Users\Admin\Desktop\ShiXiaoYu\data\FineTuneResNet\expert_models_runs\expert_run_stage6_9_66fold_test_14460_33100_imagenet_pretrain\predictions\predictions_student_cbsa14460_knn_k5_none.csv,C:\Users\Admin\Desktop\ShiXiaoYu\data\3.26plan_tripmode_v2_66fold\folds\test_14460_33100\logs\imagenet_pretrain\train.log,C:\Users\Admin\Desktop\ShiXiaoYu\data\3.26plan_tripmode_v2_66fold\folds\test_14460_33100\logs\imagenet_pretrain\inference.log,0.13425679854595782,0.2000200302327799,0.22812068445494826,0.08176329170899455,0.11903159501000232,0.19346623152070497,0.07329243129316977,0.13748683645944448,0.09024681156544467,test_14460_33100,15,14460,33100,5,cosine,none
imagenet_pretrain,33100,0.05938726147185089,0.08002343234278653,-0.5244988559674963,C:\Users\Admin\Desktop\ShiXiaoYu\data\FineTuneResNet\city_prototypes_per_city\per_city_cluster_20260607_124609,C:\Users\Admin\Desktop\ShiXiaoYu\data\FineTuneResNet\expert_models_runs\expert_run_stage6_9_66fold_test_14460_33100_imagenet_pretrain\predictions\step6_expert_summary_student_20260607_124652.json,C:\Users\Admin\Desktop\ShiXiaoYu\data\FineTuneResNet\expert_models_runs\expert_run_stage6_9_66fold_test_14460_33100_imagenet_pretrain\predictions\evaluation_student_cbsa33100_knn_k5_none.json,C:\Users\Admin\Desktop\ShiXiaoYu\data\FineTuneResNet\expert_models_runs\expert_run_stage6_9_66fold_test_14460_33100_imagenet_pretrain\predictions\predictions_student_cbsa33100_knn_k5_none.csv,C:\Users\Admin\Desktop\ShiXiaoYu\data\3.26plan_tripmode_v2_66fold\folds\test_14460_33100\logs\imagenet_pretrain\train.log,C:\Users\Admin\Desktop\ShiXiaoYu\data\3.26plan_tripmode_v2_66fold\folds\test_14460_33100\logs\imagenet_pretrain\inference.log,0.07851394069625128,0.10210013722070156,-0.2563759583749914,0.054812718459499706,0.07019620956392958,-1.4259224827985637,0.04483512525980169,0.06777395024372844,0.10880187327106605,test_14460_33100,15,14460,33100,5,cosine,none
satellite_pretrain,14460,0.10950117099244716,0.1795908636097223,-0.14162039435883758,C:\Users\Admin\Desktop\ShiXiaoYu\data\FineTuneResNet\city_prototypes_per_city\per_city_cluster_20260607_124749,C:\Users\Admin\Desktop\ShiXiaoYu\data\FineTuneResNet\expert_models_runs\expert_run_stage6_9_66fold_test_14460_33100_satellite_pretrain\predictions\step6_expert_summary_student_20260607_124827.json,C:\Users\Admin\Desktop\ShiXiaoYu\data\FineTuneResNet\expert_models_runs\expert_run_stage6_9_66fold_test_14460_33100_satellite_pretrain\predictions\evaluation_student_cbsa14460_knn_k5_none.json,C:\Users\Admin\Desktop\ShiXiaoYu\data\FineTuneResNet\expert_models_runs\expert_run_stage6_9_66fold_test_14460_33100_satellite_pretrain\predictions\predictions_student_cbsa14460_knn_k5_none.csv,C:\Users\Admin\Desktop\ShiXiaoYu\data\3.26plan_tripmode_v2_66fold\folds\test_14460_33100\logs\satellite_pretrain\train.log,C:\Users\Admin\Desktop\ShiXiaoYu\data\3.26plan_tripmode_v2_66fold\folds\test_14460_33100\logs\satellite_pretrain\inference.log,0.15702304690323898,0.24388371031397865,-0.14754047611757382,0.09256168156752942,0.14460832041063457,-0.19037723570747422,0.07891878450657311,0.1502805601045536,-0.08694347125146473,test_14460_33100,15,14460,33100,5,cosine,none
satellite_pretrain,33100,0.06877585009416362,0.09253325483063173,-1.2356686580325684,C:\Users\Admin\Desktop\ShiXiaoYu\data\FineTuneResNet\city_prototypes_per_city\per_city_cluster_20260607_124749,C:\Users\Admin\Desktop\ShiXiaoYu\data\FineTuneResNet\expert_models_runs\expert_run_stage6_9_66fold_test_14460_33100_satellite_pretrain\predictions\step6_expert_summary_student_20260607_124827.json,C:\Users\Admin\Desktop\ShiXiaoYu\data\FineTuneResNet\expert_models_runs\expert_run_stage6_9_66fold_test_14460_33100_satellite_pretrain\predictions\evaluation_student_cbsa33100_knn_k5_none.json,C:\Users\Admin\Desktop\ShiXiaoYu\data\FineTuneResNet\expert_models_runs\expert_run_stage6_9_66fold_test_14460_33100_satellite_pretrain\predictions\predictions_student_cbsa33100_knn_k5_none.csv,C:\Users\Admin\Desktop\ShiXiaoYu\data\3.26plan_tripmode_v2_66fold\folds\test_14460_33100\logs\satellite_pretrain\train.log,C:\Users\Admin\Desktop\ShiXiaoYu\data\3.26plan_tripmode_v2_66fold\folds\test_14460_33100\logs\satellite_pretrain\inference.log,0.09108554882550868,0.11745554341867655,-0.6627004057241552,0.0706299286070675,0.09162946186061667,-3.133518328405355,0.04461207284991467,0.06851475921260197,0.089212760031805,test_14460_33100,15,14460,33100,5,cosine,none
single_task_backbone_finetune,14460,0.09620291138340126,0.13917669255783446,0.2930662517645414,C:\Users\Admin\Desktop\ShiXiaoYu\data\FineTuneResNet\city_prototypes_per_city\per_city_cluster_20260607_124926,C:\Users\Admin\Desktop\ShiXiaoYu\data\FineTuneResNet\expert_models_runs\expert_run_stage6_9_66fold_test_14460_33100_single_task_backbone_finetune\predictions\step6_expert_summary_student_20260607_125009.json,C:\Users\Admin\Desktop\ShiXiaoYu\data\FineTuneResNet\expert_models_runs\expert_run_stage6_9_66fold_test_14460_33100_single_task_backbone_finetune\predictions\evaluation_student_cbsa14460_knn_k5_none.json,C:\Users\Admin\Desktop\ShiXiaoYu\data\FineTuneResNet\expert_models_runs\expert_run_stage6_9_66fold_test_14460_33100_single_task_backbone_finetune\predictions\predictions_student_cbsa14460_knn_k5_none.csv,C:\Users\Admin\Desktop\ShiXiaoYu\data\3.26plan_tripmode_v2_66fold\folds\test_14460_33100\logs\single_task_backbone_finetune\train.log,C:\Users\Admin\Desktop\ShiXiaoYu\data\3.26plan_tripmode_v2_66fold\folds\test_14460_33100\logs\single_task_backbone_finetune\inference.log,0.13007769016248344,0.1761748427842698,0.4011883912464187,0.08556668832210289,0.11575707246985176,0.2372308517737466,0.07296435566561742,0.12559816241938182,0.24077951227345884,test_14460_33100,15,14460,33100,5,cosine,none
single_task_backbone_finetune,33100,0.05241778131356822,0.07712288910413888,-0.4248189826373922,C:\Users\Admin\Desktop\ShiXiaoYu\data\FineTuneResNet\city_prototypes_per_city\per_city_cluster_20260607_124926,C:\Users\Admin\Desktop\ShiXiaoYu\data\FineTuneResNet\expert_models_runs\expert_run_stage6_9_66fold_test_14460_33100_single_task_backbone_finetune\predictions\step6_expert_summary_student_20260607_125009.json,C:\Users\Admin\Desktop\ShiXiaoYu\data\FineTuneResNet\expert_models_runs\expert_run_stage6_9_66fold_test_14460_33100_single_task_backbone_finetune\predictions\evaluation_student_cbsa33100_knn_k5_none.json,C:\Users\Admin\Desktop\ShiXiaoYu\data\FineTuneResNet\expert_models_runs\expert_run_stage6_9_66fold_test_14460_33100_single_task_backbone_finetune\predictions\predictions_student_cbsa33100_knn_k5_none.csv,C:\Users\Admin\Desktop\ShiXiaoYu\data\3.26plan_tripmode_v2_66fold\folds\test_14460_33100\logs\single_task_backbone_finetune\train.log,C:\Users\Admin\Desktop\ShiXiaoYu\data\3.26plan_tripmode_v2_66fold\folds\test_14460_33100\logs\single_task_backbone_finetune\inference.log,0.06841568187622153,0.09804645134383672,-0.15859253231059167,0.047416803356209306,0.06827465735750247,-1.2949258310850396,0.0414208587082738,0.06504755861107744,0.17906141548345478,test_14460_33100,15,14460,33100,5,cosine,none
aef_annual_64d,14460,0.07863987250499903,0.1244539487227551,0.43074362281035583,C:\Users\Admin\Desktop\ShiXiaoYu\data\FineTuneResNet\city_prototypes_per_city\per_city_cluster_20260607_125100,C:\Users\Admin\Desktop\ShiXiaoYu\data\FineTuneResNet\expert_models_runs\expert_run_stage6_9_66fold_test_14460_35620_aef_annual_64d\predictions\step6_expert_summary_student_20260607_125123.json,C:\Users\Admin\Desktop\ShiXiaoYu\data\FineTuneResNet\expert_models_runs\expert_run_stage6_9_66fold_test_14460_35620_aef_annual_64d\predictions\evaluation_student_cbsa14460_knn_k5_none.json,C:\Users\Admin\Desktop\ShiXiaoYu\data\FineTuneResNet\expert_models_runs\expert_run_stage6_9_66fold_test_14460_35620_aef_annual_64d\predictions\predictions_student_cbsa14460_knn_k5_none.csv,C:\Users\Admin\Desktop\ShiXiaoYu\data\3.26plan_tripmode_v2_66fold\folds\test_14460_35620\logs\aef_annual_64d\train.log,C:\Users\Admin\Desktop\ShiXiaoYu\data\3.26plan_tripmode_v2_66fold\folds\test_14460_35620\logs\aef_annual_64d\inference.log,0.10332606729715318,0.15495346352568584,0.536761120982614,0.0673261481615967,0.10224422428557269,0.4049196389452283,0.06526740205624722,0.11616415835700676,0.3505501085032252,test_14460_35620,16,14460,35620,5,cosine,none
aef_annual_64d,35620,0.1821112453671776,0.24310872070241252,-0.053220767630122956,C:\Users\Admin\Desktop\ShiXiaoYu\data\FineTuneResNet\city_prototypes_per_city\per_city_cluster_20260607_125100,C:\Users\Admin\Desktop\ShiXiaoYu\data\FineTuneResNet\expert_models_runs\expert_run_stage6_9_66fold_test_14460_35620_aef_annual_64d\predictions\step6_expert_summary_student_20260607_125123.json,C:\Users\Admin\Desktop\ShiXiaoYu\data\FineTuneResNet\expert_models_runs\expert_run_stage6_9_66fold_test_14460_35620_aef_annual_64d\predictions\evaluation_student_cbsa35620_knn_k5_none.json,C:\Users\Admin\Desktop\ShiXiaoYu\data\FineTuneResNet\expert_models_runs\expert_run_stage6_9_66fold_test_14460_35620_aef_annual_64d\predictions\predictions_student_cbsa35620_knn_k5_none.csv,C:\Users\Admin\Desktop\ShiXiaoYu\data\3.26plan_tripmode_v2_66fold\folds\test_14460_35620\logs\aef_annual_64d\train.log,C:\Users\Admin\Desktop\ShiXiaoYu\data\3.26plan_tripmode_v2_66fold\folds\test_14460_35620\logs\aef_annual_64d\inference.log,0.2548578877588447,0.3293149399807847,-0.09913198658611488,0.21645369535377568,0.29034599931993826,-0.29807624119163756,0.07502215298891238,0.10966522280651457,0.23754592488738357,test_14460_35620,16,14460,35620,5,cosine,none
clay_v1_5_768d,14460,0.10074325477117008,0.16269254649814185,0.05852392836560586,C:\Users\Admin\Desktop\ShiXiaoYu\data\FineTuneResNet\city_prototypes_per_city\per_city_cluster_20260607_125217,C:\Users\Admin\Desktop\ShiXiaoYu\data\FineTuneResNet\expert_models_runs\expert_run_stage6_9_66fold_test_14460_35620_clay_v1_5_768d\predictions\step6_expert_summary_student_20260607_125253.json,C:\Users\Admin\Desktop\ShiXiaoYu\data\FineTuneResNet\expert_models_runs\expert_run_stage6_9_66fold_test_14460_35620_clay_v1_5_768d\predictions\evaluation_student_cbsa14460_knn_k5_none.json,C:\Users\Admin\Desktop\ShiXiaoYu\data\FineTuneResNet\expert_models_runs\expert_run_stage6_9_66fold_test_14460_35620_clay_v1_5_768d\predictions\predictions_student_cbsa14460_knn_k5_none.csv,C:\Users\Admin\Desktop\ShiXiaoYu\data\3.26plan_tripmode_v2_66fold\folds\test_14460_35620\logs\clay_v1_5_768d\train.log,C:\Users\Admin\Desktop\ShiXiaoYu\data\3.26plan_tripmode_v2_66fold\folds\test_14460_35620\logs\clay_v1_5_768d\inference.log,0.1414750183753334,0.21744973576061707,0.08773671953286022,0.08477549478871889,0.12850629892795884,0.05995881622268506,0.0759792511494579,0.14212160480584962,0.027876249341272308,test_14460_35620,16,14460,35620,5,cosine,none
clay_v1_5_768d,35620,0.17420793165935614,0.23227952248452252,-0.030547825096186438,C:\Users\Admin\Desktop\ShiXiaoYu\data\FineTuneResNet\city_prototypes_per_city\per_city_cluster_20260607_125217,C:\Users\Admin\Desktop\ShiXiaoYu\data\FineTuneResNet\expert_models_runs\expert_run_stage6_9_66fold_test_14460_35620_clay_v1_5_768d\predictions\step6_expert_summary_student_20260607_125253.json,C:\Users\Admin\Desktop\ShiXiaoYu\data\FineTuneResNet\expert_models_runs\expert_run_stage6_9_66fold_test_14460_35620_clay_v1_5_768d\predictions\evaluation_student_cbsa35620_knn_k5_none.json,C:\Users\Admin\Desktop\ShiXiaoYu\data\FineTuneResNet\expert_models_runs\expert_run_stage6_9_66fold_test_14460_35620_clay_v1_5_768d\predictions\predictions_student_cbsa35620_knn_k5_none.csv,C:\Users\Admin\Desktop\ShiXiaoYu\data\3.26plan_tripmode_v2_66fold\folds\test_14460_35620\logs\clay_v1_5_768d\train.log,C:\Users\Admin\Desktop\ShiXiaoYu\data\3.26plan_tripmode_v2_66fold\folds\test_14460_35620\logs\clay_v1_5_768d\inference.log,0.22847413011208018,0.296837353993006,0.07726574034603406,0.2226337727909926,0.29568673056271794,-0.30872012821717454,0.07151589207499563,0.10431448289784365,0.13981091258258116,test_14460_35620,16,14460,35620,5,cosine,none
prithvi_eo_v2_1024d,14460,0.11918795852357922,0.19538015568814002,-0.34239700759034214,C:\Users\Admin\Desktop\ShiXiaoYu\data\FineTuneResNet\city_prototypes_per_city\per_city_cluster_20260607_125345,C:\Users\Admin\Desktop\ShiXiaoYu\data\FineTuneResNet\expert_models_runs\expert_run_stage6_9_66fold_test_14460_35620_prithvi_eo_v2_1024d\predictions\step6_expert_summary_student_20260607_125420.json,C:\Users\Admin\Desktop\ShiXiaoYu\data\FineTuneResNet\expert_models_runs\expert_run_stage6_9_66fold_test_14460_35620_prithvi_eo_v2_1024d\predictions\evaluation_student_cbsa14460_knn_k5_none.json,C:\Users\Admin\Desktop\ShiXiaoYu\data\FineTuneResNet\expert_models_runs\expert_run_stage6_9_66fold_test_14460_35620_prithvi_eo_v2_1024d\predictions\predictions_student_cbsa14460_knn_k5_none.csv,C:\Users\Admin\Desktop\ShiXiaoYu\data\3.26plan_tripmode_v2_66fold\folds\test_14460_35620\logs\prithvi_eo_v2_1024d\train.log,C:\Users\Admin\Desktop\ShiXiaoYu\data\3.26plan_tripmode_v2_66fold\folds\test_14460_35620\logs\prithvi_eo_v2_1024d\inference.log,0.17388079254834574,0.2710922077863047,-0.4178702654399795,0.10139306360791947,0.15841690189196836,-0.42856853565735653,0.08229001941447246,0.156631357386147,-0.18075222167369032,test_14460_35620,16,14460,35620,5,cosine,none
prithvi_eo_v2_1024d,35620,0.23003093495302643,0.3061003927626657,-0.7007237932734252,C:\Users\Admin\Desktop\ShiXiaoYu\data\FineTuneResNet\city_prototypes_per_city\per_city_cluster_20260607_125345,C:\Users\Admin\Desktop\ShiXiaoYu\data\FineTuneResNet\expert_models_runs\expert_run_stage6_9_66fold_test_14460_35620_prithvi_eo_v2_1024d\predictions\step6_expert_summary_student_20260607_125420.json,C:\Users\Admin\Desktop\ShiXiaoYu\data\FineTuneResNet\expert_models_runs\expert_run_stage6_9_66fold_test_14460_35620_prithvi_eo_v2_1024d\predictions\evaluation_student_cbsa35620_knn_k5_none.json,C:\Users\Admin\Desktop\ShiXiaoYu\data\FineTuneResNet\expert_models_runs\expert_run_stage6_9_66fold_test_14460_35620_prithvi_eo_v2_1024d\predictions\predictions_student_cbsa35620_knn_k5_none.csv,C:\Users\Admin\Desktop\ShiXiaoYu\data\3.26plan_tripmode_v2_66fold\folds\test_14460_35620\logs\prithvi_eo_v2_1024d\train.log,C:\Users\Admin\Desktop\ShiXiaoYu\data\3.26plan_tripmode_v2_66fold\folds\test_14460_35620\logs\prithvi_eo_v2_1024d\inference.log,0.3343903233606293,0.4287817242685446,-0.92536057679577,0.2829983399264519,0.3702087699190885,-1.0515235966310494,0.07270414157199817,0.11931068410036398,-0.12528720639345603,test_14460_35620,16,14460,35620,5,cosine,none
imagenet_pretrain,14460,0.103485927423814,0.16631994731863026,0.01852526412303923,C:\Users\Admin\Desktop\ShiXiaoYu\data\FineTuneResNet\city_prototypes_per_city\per_city_cluster_20260607_125515,C:\Users\Admin\Desktop\ShiXiaoYu\data\FineTuneResNet\expert_models_runs\expert_run_stage6_9_66fold_test_14460_35620_imagenet_pretrain\predictions\step6_expert_summary_student_20260607_125557.json,C:\Users\Admin\Desktop\ShiXiaoYu\data\FineTuneResNet\expert_models_runs\expert_run_stage6_9_66fold_test_14460_35620_imagenet_pretrain\predictions\evaluation_student_cbsa14460_knn_k5_none.json,C:\Users\Admin\Desktop\ShiXiaoYu\data\FineTuneResNet\expert_models_runs\expert_run_stage6_9_66fold_test_14460_35620_imagenet_pretrain\predictions\predictions_student_cbsa14460_knn_k5_none.csv,C:\Users\Admin\Desktop\ShiXiaoYu\data\3.26plan_tripmode_v2_66fold\folds\test_14460_35620\logs\imagenet_pretrain\train.log,C:\Users\Admin\Desktop\ShiXiaoYu\data\3.26plan_tripmode_v2_66fold\folds\test_14460_35620\logs\imagenet_pretrain\inference.log,0.14708156331506222,0.22444674247170196,0.0280833119737538,0.0884987222795344,0.1340749687474385,-0.023277577927679483,0.07487749667684537,0.14043813073675032,0.05077005832304338,test_14460_35620,16,14460,35620,5,cosine,none
imagenet_pretrain,35620,0.20092424075055348,0.2681433633927269,-0.3146072105786574,C:\Users\Admin\Desktop\ShiXiaoYu\data\FineTuneResNet\city_prototypes_per_city\per_city_cluster_20260607_125515,C:\Users\Admin\Desktop\ShiXiaoYu\data\FineTuneResNet\expert_models_runs\expert_run_stage6_9_66fold_test_14460_35620_imagenet_pretrain\predictions\step6_expert_summary_student_20260607_125557.json,C:\Users\Admin\Desktop\ShiXiaoYu\data\FineTuneResNet\expert_models_runs\expert_run_stage6_9_66fold_test_14460_35620_imagenet_pretrain\predictions\evaluation_student_cbsa35620_knn_k5_none.json,C:\Users\Admin\Desktop\ShiXiaoYu\data\FineTuneResNet\expert_models_runs\expert_run_stage6_9_66fold_test_14460_35620_imagenet_pretrain\predictions\predictions_student_cbsa35620_knn_k5_none.csv,C:\Users\Admin\Desktop\ShiXiaoYu\data\3.26plan_tripmode_v2_66fold\folds\test_14460_35620\logs\imagenet_pretrain\train.log,C:\Users\Admin\Desktop\ShiXiaoYu\data\3.26plan_tripmode_v2_66fold\folds\test_14460_35620\logs\imagenet_pretrain\inference.log,0.28577421430159045,0.3679467574143373,-0.41778214362205857,0.2499178160027162,0.3300544390644049,-0.6306256431497614,0.06708069194735379,0.10642889369943838,0.10458615503584767,test_14460_35620,16,14460,35620,5,cosine,none
satellite_pretrain,14460,0.11305055263882517,0.18581630331511703,-0.21875069047790396,C:\Users\Admin\Desktop\ShiXiaoYu\data\FineTuneResNet\city_prototypes_per_city\per_city_cluster_20260607_125652,C:\Users\Admin\Desktop\ShiXiaoYu\data\FineTuneResNet\expert_models_runs\expert_run_stage6_9_66fold_test_14460_35620_satellite_pretrain\predictions\step6_expert_summary_student_20260607_125731.json,C:\Users\Admin\Desktop\ShiXiaoYu\data\FineTuneResNet\expert_models_runs\expert_run_stage6_9_66fold_test_14460_35620_satellite_pretrain\predictions\evaluation_student_cbsa14460_knn_k5_none.json,C:\Users\Admin\Desktop\ShiXiaoYu\data\FineTuneResNet\expert_models_runs\expert_run_stage6_9_66fold_test_14460_35620_satellite_pretrain\predictions\predictions_student_cbsa14460_knn_k5_none.csv,C:\Users\Admin\Desktop\ShiXiaoYu\data\3.26plan_tripmode_v2_66fold\folds\test_14460_35620\logs\satellite_pretrain\train.log,C:\Users\Admin\Desktop\ShiXiaoYu\data\3.26plan_tripmode_v2_66fold\folds\test_14460_35620\logs\satellite_pretrain\inference.log,0.16391490439278034,0.2550477379884793,-0.25500477490816653,0.09596835242769229,0.1510385758545864,-0.29859525953394117,0.07926840109600289,0.1513625961022854,-0.10265203699160419,test_14460_35620,16,14460,35620,5,cosine,none
satellite_pretrain,35620,0.218856723843738,0.2939016125054061,-0.5768465370803942,C:\Users\Admin\Desktop\ShiXiaoYu\data\FineTuneResNet\city_prototypes_per_city\per_city_cluster_20260607_125652,C:\Users\Admin\Desktop\ShiXiaoYu\data\FineTuneResNet\expert_models_runs\expert_run_stage6_9_66fold_test_14460_35620_satellite_pretrain\predictions\step6_expert_summary_student_20260607_125731.json,C:\Users\Admin\Desktop\ShiXiaoYu\data\FineTuneResNet\expert_models_runs\expert_run_stage6_9_66fold_test_14460_35620_satellite_pretrain\predictions\evaluation_student_cbsa35620_knn_k5_none.json,C:\Users\Admin\Desktop\ShiXiaoYu\data\FineTuneResNet\expert_models_runs\expert_run_stage6_9_66fold_test_14460_35620_satellite_pretrain\predictions\predictions_student_cbsa35620_knn_k5_none.csv,C:\Users\Admin\Desktop\ShiXiaoYu\data\3.26plan_tripmode_v2_66fold\folds\test_14460_35620\logs\satellite_pretrain\train.log,C:\Users\Admin\Desktop\ShiXiaoYu\data\3.26plan_tripmode_v2_66fold\folds\test_14460_35620\logs\satellite_pretrain\inference.log,0.3119371283481539,0.40611308777159244,-0.72716374721433,0.2720399974250479,0.3590500957087692,-0.9297151437833797,0.0725930457580122,0.11654165403585659,-0.07366072024347292,test_14460_35620,16,14460,35620,5,cosine,none
single_task_backbone_finetune,14460,0.09680237118964835,0.140454202245804,0.2823011175648682,C:\Users\Admin\Desktop\ShiXiaoYu\data\FineTuneResNet\city_prototypes_per_city\per_city_cluster_20260607_125826,C:\Users\Admin\Desktop\ShiXiaoYu\data\FineTuneResNet\expert_models_runs\expert_run_stage6_9_66fold_test_14460_35620_single_task_backbone_finetune\predictions\step6_expert_summary_student_20260607_125907.json,C:\Users\Admin\Desktop\ShiXiaoYu\data\FineTuneResNet\expert_models_runs\expert_run_stage6_9_66fold_test_14460_35620_single_task_backbone_finetune\predictions\evaluation_student_cbsa14460_knn_k5_none.json,C:\Users\Admin\Desktop\ShiXiaoYu\data\FineTuneResNet\expert_models_runs\expert_run_stage6_9_66fold_test_14460_35620_single_task_backbone_finetune\predictions\predictions_student_cbsa14460_knn_k5_none.csv,C:\Users\Admin\Desktop\ShiXiaoYu\data\3.26plan_tripmode_v2_66fold\folds\test_14460_35620\logs\single_task_backbone_finetune\train.log,C:\Users\Admin\Desktop\ShiXiaoYu\data\3.26plan_tripmode_v2_66fold\folds\test_14460_35620\logs\single_task_backbone_finetune\inference.log,0.13214840823558505,0.17901839810404568,0.3817021174526928,0.08432601190379918,0.11650807276660566,0.22730147020347513,0.07393269342956084,0.1258361358667607,0.23789976503843668,test_14460_35620,16,14460,35620,5,cosine,none
single_task_backbone_finetune,35620,0.15145906980916582,0.1993151663674406,0.12220367666041392,C:\Users\Admin\Desktop\ShiXiaoYu\data\FineTuneResNet\city_prototypes_per_city\per_city_cluster_20260607_125826,C:\Users\Admin\Desktop\ShiXiaoYu\data\FineTuneResNet\expert_models_runs\expert_run_stage6_9_66fold_test_14460_35620_single_task_backbone_finetune\predictions\step6_expert_summary_student_20260607_125907.json,C:\Users\Admin\Desktop\ShiXiaoYu\data\FineTuneResNet\expert_models_runs\expert_run_stage6_9_66fold_test_14460_35620_single_task_backbone_finetune\predictions\evaluation_student_cbsa35620_knn_k5_none.json,C:\Users\Admin\Desktop\ShiXiaoYu\data\FineTuneResNet\expert_models_runs\expert_run_stage6_9_66fold_test_14460_35620_single_task_backbone_finetune\predictions\predictions_student_cbsa35620_knn_k5_none.csv,C:\Users\Admin\Desktop\ShiXiaoYu\data\3.26plan_tripmode_v2_66fold\folds\test_14460_35620\logs\single_task_backbone_finetune\train.log,C:\Users\Admin\Desktop\ShiXiaoYu\data\3.26plan_tripmode_v2_66fold\folds\test_14460_35620\logs\single_task_backbone_finetune\inference.log,0.1720024271511534,0.22288205957235172,0.4797767393614477,0.19297745906390254,0.25497384804605083,0.026862097520490402,0.08939732321244151,0.12008959148391915,-0.14002780690069638,test_14460_35620,16,14460,35620,5,cosine,none
aef_annual_64d,14460,0.07844192748778593,0.122135973449572,0.4421162402893577,C:\Users\Admin\Desktop\ShiXiaoYu\data\FineTuneResNet\city_prototypes_per_city\per_city_cluster_20260607_125958,C:\Users\Admin\Desktop\ShiXiaoYu\data\FineTuneResNet\expert_models_runs\expert_run_stage6_9_66fold_test_14460_38060_aef_annual_64d\predictions\step6_expert_summary_student_20260607_130023.json,C:\Users\Admin\Desktop\ShiXiaoYu\data\FineTuneResNet\expert_models_runs\expert_run_stage6_9_66fold_test_14460_38060_aef_annual_64d\predictions\evaluation_student_cbsa14460_knn_k5_none.json,C:\Users\Admin\Desktop\ShiXiaoYu\data\FineTuneResNet\expert_models_runs\expert_run_stage6_9_66fold_test_14460_38060_aef_annual_64d\predictions\predictions_student_cbsa14460_knn_k5_none.csv,C:\Users\Admin\Desktop\ShiXiaoYu\data\3.26plan_tripmode_v2_66fold\folds\test_14460_38060\logs\aef_annual_64d\train.log,C:\Users\Admin\Desktop\ShiXiaoYu\data\3.26plan_tripmode_v2_66fold\folds\test_14460_38060\logs\aef_annual_64d\inference.log,0.09994830732182841,0.14680338058619535,0.5842095221952825,0.06955516797711084,0.10187240863844185,0.4092398414769086,0.06582230716441853,0.11773213112407879,0.3328993571958818,test_14460_38060,17,14460,38060,5,cosine,none
aef_annual_64d,38060,0.05613744790870601,0.06792253885603365,-2.1807966565755685,C:\Users\Admin\Desktop\ShiXiaoYu\data\FineTuneResNet\city_prototypes_per_city\per_city_cluster_20260607_125958,C:\Users\Admin\Desktop\ShiXiaoYu\data\FineTuneResNet\expert_models_runs\expert_run_stage6_9_66fold_test_14460_38060_aef_annual_64d\predictions\step6_expert_summary_student_20260607_130023.json,C:\Users\Admin\Desktop\ShiXiaoYu\data\FineTuneResNet\expert_models_runs\expert_run_stage6_9_66fold_test_14460_38060_aef_annual_64d\predictions\evaluation_student_cbsa38060_knn_k5_none.json,C:\Users\Admin\Desktop\ShiXiaoYu\data\FineTuneResNet\expert_models_runs\expert_run_stage6_9_66fold_test_14460_38060_aef_annual_64d\predictions\predictions_student_cbsa38060_knn_k5_none.csv,C:\Users\Admin\Desktop\ShiXiaoYu\data\3.26plan_tripmode_v2_66fold\folds\test_14460_38060\logs\aef_annual_64d\train.log,C:\Users\Admin\Desktop\ShiXiaoYu\data\3.26plan_tripmode_v2_66fold\folds\test_14460_38060\logs\aef_annual_64d\inference.log,0.07779345656754728,0.09237107416270783,-1.5059204961161523,0.05268125529714861,0.06157687669970206,-4.942241392643251,0.03793763186142216,0.049819665705691046,-0.09422808096730217,test_14460_38060,17,14460,38060,5,cosine,none
clay_v1_5_768d,14460,0.09366600568985445,0.14758079281806563,0.21533739641203473,C:\Users\Admin\Desktop\ShiXiaoYu\data\FineTuneResNet\city_prototypes_per_city\per_city_cluster_20260607_130118,C:\Users\Admin\Desktop\ShiXiaoYu\data\FineTuneResNet\expert_models_runs\expert_run_stage6_9_66fold_test_14460_38060_clay_v1_5_768d\predictions\step6_expert_summary_student_20260607_130151.json,C:\Users\Admin\Desktop\ShiXiaoYu\data\FineTuneResNet\expert_models_runs\expert_run_stage6_9_66fold_test_14460_38060_clay_v1_5_768d\predictions\evaluation_student_cbsa14460_knn_k5_none.json,C:\Users\Admin\Desktop\ShiXiaoYu\data\FineTuneResNet\expert_models_runs\expert_run_stage6_9_66fold_test_14460_38060_clay_v1_5_768d\predictions\predictions_student_cbsa14460_knn_k5_none.csv,C:\Users\Admin\Desktop\ShiXiaoYu\data\3.26plan_tripmode_v2_66fold\folds\test_14460_38060\logs\clay_v1_5_768d\train.log,C:\Users\Admin\Desktop\ShiXiaoYu\data\3.26plan_tripmode_v2_66fold\folds\test_14460_38060\logs\clay_v1_5_768d\inference.log,0.12860236488165983,0.19150812792718755,0.29241788399720603,0.07782263723624386,0.11332608745131262,0.2689318907876914,0.07457301495165965,0.1379081630756967,0.0846624144512067,test_14460_38060,17,14460,38060,5,cosine,none
clay_v1_5_768d,38060,0.04660145061082079,0.056402784964847935,-1.0698695264889895,C:\Users\Admin\Desktop\ShiXiaoYu\data\FineTuneResNet\city_prototypes_per_city\per_city_cluster_20260607_130118,C:\Users\Admin\Desktop\ShiXiaoYu\data\FineTuneResNet\expert_models_runs\expert_run_stage6_9_66fold_test_14460_38060_clay_v1_5_768d\predictions\step6_expert_summary_student_20260607_130151.json,C:\Users\Admin\Desktop\ShiXiaoYu\data\FineTuneResNet\expert_models_runs\expert_run_stage6_9_66fold_test_14460_38060_clay_v1_5_768d\predictions\evaluation_student_cbsa38060_knn_k5_none.json,C:\Users\Admin\Desktop\ShiXiaoYu\data\FineTuneResNet\expert_models_runs\expert_run_stage6_9_66fold_test_14460_38060_clay_v1_5_768d\predictions\predictions_student_cbsa38060_knn_k5_none.csv,C:\Users\Admin\Desktop\ShiXiaoYu\data\3.26plan_tripmode_v2_66fold\folds\test_14460_38060\logs\clay_v1_5_768d\train.log,C:\Users\Admin\Desktop\ShiXiaoYu\data\3.26plan_tripmode_v2_66fold\folds\test_14460_38060\logs\clay_v1_5_768d\inference.log,0.06020098476714798,0.07186768370851516,-0.5169197155082159,0.043235815880661985,0.04808076596727088,-2.6229115559825016,0.036367551184652416,0.04925990521875776,-0.06977730797625092,test_14460_38060,17,14460,38060,5,cosine,none
prithvi_eo_v2_1024d,14460,0.10853702658572036,0.1757447121285334,-0.09091688185200142,C:\Users\Admin\Desktop\ShiXiaoYu\data\FineTuneResNet\city_prototypes_per_city\per_city_cluster_20260607_130246,C:\Users\Admin\Desktop\ShiXiaoYu\data\FineTuneResNet\expert_models_runs\expert_run_stage6_9_66fold_test_14460_38060_prithvi_eo_v2_1024d\predictions\step6_expert_summary_student_20260607_130318.json,C:\Users\Admin\Desktop\ShiXiaoYu\data\FineTuneResNet\expert_models_runs\expert_run_stage6_9_66fold_test_14460_38060_prithvi_eo_v2_1024d\predictions\evaluation_student_cbsa14460_knn_k5_none.json,C:\Users\Admin\Desktop\ShiXiaoYu\data\FineTuneResNet\expert_models_runs\expert_run_stage6_9_66fold_test_14460_38060_prithvi_eo_v2_1024d\predictions\predictions_student_cbsa14460_knn_k5_none.csv,C:\Users\Admin\Desktop\ShiXiaoYu\data\3.26plan_tripmode_v2_66fold\folds\test_14460_38060\logs\prithvi_eo_v2_1024d\train.log,C:\Users\Admin\Desktop\ShiXiaoYu\data\3.26plan_tripmode_v2_66fold\folds\test_14460_38060\logs\prithvi_eo_v2_1024d\inference.log,0.15557776290572212,0.2387663744586867,-0.09988873938188125,0.09063996957745069,0.13725291745572452,-0.07236151199517038,0.07939334727398827,0.15121484447118907,-0.10050039417895262,test_14460_38060,17,14460,38060,5,cosine,none
prithvi_eo_v2_1024d,38060,0.04334923008508589,0.054826837465819865,-0.9370324436837661,C:\Users\Admin\Desktop\ShiXiaoYu\data\FineTuneResNet\city_prototypes_per_city\per_city_cluster_20260607_130246,C:\Users\Admin\Desktop\ShiXiaoYu\data\FineTuneResNet\expert_models_runs\expert_run_stage6_9_66fold_test_14460_38060_prithvi_eo_v2_1024d\predictions\step6_expert_summary_student_20260607_130318.json,C:\Users\Admin\Desktop\ShiXiaoYu\data\FineTuneResNet\expert_models_runs\expert_run_stage6_9_66fold_test_14460_38060_prithvi_eo_v2_1024d\predictions\evaluation_student_cbsa38060_knn_k5_none.json,C:\Users\Admin\Desktop\ShiXiaoYu\data\FineTuneResNet\expert_models_runs\expert_run_stage6_9_66fold_test_14460_38060_prithvi_eo_v2_1024d\predictions\predictions_student_cbsa38060_knn_k5_none.csv,C:\Users\Admin\Desktop\ShiXiaoYu\data\3.26plan_tripmode_v2_66fold\folds\test_14460_38060\logs\prithvi_eo_v2_1024d\train.log,C:\Users\Admin\Desktop\ShiXiaoYu\data\3.26plan_tripmode_v2_66fold\folds\test_14460_38060\logs\prithvi_eo_v2_1024d\inference.log,0.05564395422246095,0.07008852182536572,-0.44274341861987154,0.04109564420921838,0.04619448711007042,-2.3442233561168297,0.03330809182357835,0.04819750346202345,-0.024130556314597706,test_14460_38060,17,14460,38060,5,cosine,none
imagenet_pretrain,14460,0.09792806885974242,0.15421389322257004,0.1487539993886113,C:\Users\Admin\Desktop\ShiXiaoYu\data\FineTuneResNet\city_prototypes_per_city\per_city_cluster_20260607_130416,C:\Users\Admin\Desktop\ShiXiaoYu\data\FineTuneResNet\expert_models_runs\expert_run_stage6_9_66fold_test_14460_38060_imagenet_pretrain\predictions\step6_expert_summary_student_20260607_130456.json,C:\Users\Admin\Desktop\ShiXiaoYu\data\FineTuneResNet\expert_models_runs\expert_run_stage6_9_66fold_test_14460_38060_imagenet_pretrain\predictions\evaluation_student_cbsa14460_knn_k5_none.json,C:\Users\Admin\Desktop\ShiXiaoYu\data\FineTuneResNet\expert_models_runs\expert_run_stage6_9_66fold_test_14460_38060_imagenet_pretrain\predictions\predictions_student_cbsa14460_knn_k5_none.csv,C:\Users\Admin\Desktop\ShiXiaoYu\data\3.26plan_tripmode_v2_66fold\folds\test_14460_38060\logs\imagenet_pretrain\train.log,C:\Users\Admin\Desktop\ShiXiaoYu\data\3.26plan_tripmode_v2_66fold\folds\test_14460_38060\logs\imagenet_pretrain\inference.log,0.13642417310233643,0.20301758471444598,0.20481214336509412,0.08344993580183382,0.12152312823448713,0.15934861993682448,0.07391009767505703,0.13810096671877695,0.0821012348639153,test_14460_38060,17,14460,38060,5,cosine,none
imagenet_pretrain,38060,0.04237673109757711,0.054082424749395,-0.896325268092565,C:\Users\Admin\Desktop\ShiXiaoYu\data\FineTuneResNet\city_prototypes_per_city\per_city_cluster_20260607_130416,C:\Users\Admin\Desktop\ShiXiaoYu\data\FineTuneResNet\expert_models_runs\expert_run_stage6_9_66fold_test_14460_38060_imagenet_pretrain\predictions\step6_expert_summary_student_20260607_130456.json,C:\Users\Admin\Desktop\ShiXiaoYu\data\FineTuneResNet\expert_models_runs\expert_run_stage6_9_66fold_test_14460_38060_imagenet_pretrain\predictions\evaluation_student_cbsa38060_knn_k5_none.json,C:\Users\Admin\Desktop\ShiXiaoYu\data\FineTuneResNet\expert_models_runs\expert_run_stage6_9_66fold_test_14460_38060_imagenet_pretrain\predictions\predictions_student_cbsa38060_knn_k5_none.csv,C:\Users\Admin\Desktop\ShiXiaoYu\data\3.26plan_tripmode_v2_66fold\folds\test_14460_38060\logs\imagenet_pretrain\train.log,C:\Users\Admin\Desktop\ShiXiaoYu\data\3.26plan_tripmode_v2_66fold\folds\test_14460_38060\logs\imagenet_pretrain\inference.log,0.05512414966655993,0.06893144866286821,-0.39550087063494077,0.03975550658426631,0.04590561718617437,-2.30252898520586,0.03225053704190508,0.04741020839914242,0.009054051563106125,test_14460_38060,17,14460,38060,5,cosine,none
satellite_pretrain,14460,0.10994882474968103,0.17936806285608622,-0.1379111665285532,C:\Users\Admin\Desktop\ShiXiaoYu\data\FineTuneResNet\city_prototypes_per_city\per_city_cluster_20260607_130553,C:\Users\Admin\Desktop\ShiXiaoYu\data\FineTuneResNet\expert_models_runs\expert_run_stage6_9_66fold_test_14460_38060_satellite_pretrain\predictions\step6_expert_summary_student_20260607_130629.json,C:\Users\Admin\Desktop\ShiXiaoYu\data\FineTuneResNet\expert_models_runs\expert_run_stage6_9_66fold_test_14460_38060_satellite_pretrain\predictions\evaluation_student_cbsa14460_knn_k5_none.json,C:\Users\Admin\Desktop\ShiXiaoYu\data\FineTuneResNet\expert_models_runs\expert_run_stage6_9_66fold_test_14460_38060_satellite_pretrain\predictions\predictions_student_cbsa14460_knn_k5_none.csv,C:\Users\Admin\Desktop\ShiXiaoYu\data\3.26plan_tripmode_v2_66fold\folds\test_14460_38060\logs\satellite_pretrain\train.log,C:\Users\Admin\Desktop\ShiXiaoYu\data\3.26plan_tripmode_v2_66fold\folds\test_14460_38060\logs\satellite_pretrain\inference.log,0.15849116705244892,0.2442918912135361,-0.15138489918472375,0.09307797988695223,0.14486458134974592,-0.1945999177091342,0.07827732730964193,0.14894771600497675,-0.06774868269180168,test_14460_38060,17,14460,38060,5,cosine,none
satellite_pretrain,38060,0.03531550536122695,0.05056490671522973,-0.6159860799531681,C:\Users\Admin\Desktop\ShiXiaoYu\data\FineTuneResNet\city_prototypes_per_city\per_city_cluster_20260607_130553,C:\Users\Admin\Desktop\ShiXiaoYu\data\FineTuneResNet\expert_models_runs\expert_run_stage6_9_66fold_test_14460_38060_satellite_pretrain\predictions\step6_expert_summary_student_20260607_130629.json,C:\Users\Admin\Desktop\ShiXiaoYu\data\FineTuneResNet\expert_models_runs\expert_run_stage6_9_66fold_test_14460_38060_satellite_pretrain\predictions\evaluation_student_cbsa38060_knn_k5_none.json,C:\Users\Admin\Desktop\ShiXiaoYu\data\FineTuneResNet\expert_models_runs\expert_run_stage6_9_66fold_test_14460_38060_satellite_pretrain\predictions\predictions_student_cbsa38060_knn_k5_none.csv,C:\Users\Admin\Desktop\ShiXiaoYu\data\3.26plan_tripmode_v2_66fold\folds\test_14460_38060\logs\satellite_pretrain\train.log,C:\Users\Admin\Desktop\ShiXiaoYu\data\3.26plan_tripmode_v2_66fold\folds\test_14460_38060\logs\satellite_pretrain\inference.log,0.044943621115598825,0.06314603963033022,-0.17108262084942916,0.03092706540980889,0.041521814690580375,-1.7018897782259073,0.030075829558273138,0.04702686582477858,0.025014159215832055,test_14460_38060,17,14460,38060,5,cosine,none
single_task_backbone_finetune,14460,0.09588707498246592,0.1394390136422892,0.28441001246852204,C:\Users\Admin\Desktop\ShiXiaoYu\data\FineTuneResNet\city_prototypes_per_city\per_city_cluster_20260607_130727,C:\Users\Admin\Desktop\ShiXiaoYu\data\FineTuneResNet\expert_models_runs\expert_run_stage6_9_66fold_test_14460_38060_single_task_backbone_finetune\predictions\step6_expert_summary_student_20260607_130807.json,C:\Users\Admin\Desktop\ShiXiaoYu\data\FineTuneResNet\expert_models_runs\expert_run_stage6_9_66fold_test_14460_38060_single_task_backbone_finetune\predictions\evaluation_student_cbsa14460_knn_k5_none.json,C:\Users\Admin\Desktop\ShiXiaoYu\data\FineTuneResNet\expert_models_runs\expert_run_stage6_9_66fold_test_14460_38060_single_task_backbone_finetune\predictions\predictions_student_cbsa14460_knn_k5_none.csv,C:\Users\Admin\Desktop\ShiXiaoYu\data\3.26plan_tripmode_v2_66fold\folds\test_14460_38060\logs\single_task_backbone_finetune\train.log,C:\Users\Admin\Desktop\ShiXiaoYu\data\3.26plan_tripmode_v2_66fold\folds\test_14460_38060\logs\single_task_backbone_finetune\inference.log,0.12692010947942614,0.17392287466022524,0.41639925737422245,0.08828495825772856,0.11920494628981144,0.19111533519690604,0.0724561572102431,0.12518921997683086,0.24571544483443764,test_14460_38060,17,14460,38060,5,cosine,none
single_task_backbone_finetune,38060,0.03614861892618276,0.047208464794581406,-0.3236083990145127,C:\Users\Admin\Desktop\ShiXiaoYu\data\FineTuneResNet\city_prototypes_per_city\per_city_cluster_20260607_130727,C:\Users\Admin\Desktop\ShiXiaoYu\data\FineTuneResNet\expert_models_runs\expert_run_stage6_9_66fold_test_14460_38060_single_task_backbone_finetune\predictions\step6_expert_summary_student_20260607_130807.json,C:\Users\Admin\Desktop\ShiXiaoYu\data\FineTuneResNet\expert_models_runs\expert_run_stage6_9_66fold_test_14460_38060_single_task_backbone_finetune\predictions\evaluation_student_cbsa38060_knn_k5_none.json,C:\Users\Admin\Desktop\ShiXiaoYu\data\FineTuneResNet\expert_models_runs\expert_run_stage6_9_66fold_test_14460_38060_single_task_backbone_finetune\predictions\predictions_student_cbsa38060_knn_k5_none.csv,C:\Users\Admin\Desktop\ShiXiaoYu\data\3.26plan_tripmode_v2_66fold\folds\test_14460_38060\logs\single_task_backbone_finetune\train.log,C:\Users\Admin\Desktop\ShiXiaoYu\data\3.26plan_tripmode_v2_66fold\folds\test_14460_38060\logs\single_task_backbone_finetune\inference.log,0.046994960302181574,0.06006102951932875,-0.0594509259189393,0.030689918635747784,0.035512299967799095,-0.9763896798268386,0.03076097784061893,0.046052064896616354,0.06501540870223965,test_14460_38060,17,14460,38060,5,cosine,none
aef_annual_64d,14460,0.07797322865203761,0.12116190999218927,0.4469695808527086,C:\Users\Admin\Desktop\ShiXiaoYu\data\FineTuneResNet\city_prototypes_per_city\per_city_cluster_20260607_130856,C:\Users\Admin\Desktop\ShiXiaoYu\data\FineTuneResNet\expert_models_runs\expert_run_stage6_9_66fold_test_14460_41860_aef_annual_64d\predictions\step6_expert_summary_student_20260607_130919.json,C:\Users\Admin\Desktop\ShiXiaoYu\data\FineTuneResNet\expert_models_runs\expert_run_stage6_9_66fold_test_14460_41860_aef_annual_64d\predictions\evaluation_student_cbsa14460_knn_k5_none.json,C:\Users\Admin\Desktop\ShiXiaoYu\data\FineTuneResNet\expert_models_runs\expert_run_stage6_9_66fold_test_14460_41860_aef_annual_64d\predictions\predictions_student_cbsa14460_knn_k5_none.csv,C:\Users\Admin\Desktop\ShiXiaoYu\data\3.26plan_tripmode_v2_66fold\folds\test_14460_41860\logs\aef_annual_64d\train.log,C:\Users\Admin\Desktop\ShiXiaoYu\data\3.26plan_tripmode_v2_66fold\folds\test_14460_41860\logs\aef_annual_64d\inference.log,0.09777764036790838,0.1435660840128017,0.6023452862608559,0.06989329705833945,0.1018724829514529,0.4092389795912854,0.06624874852986498,0.11804716301231323,0.3293244767059845,test_14460_41860,18,14460,41860,5,cosine,none
aef_annual_64d,41860,0.09668270626194302,0.13074878360151596,0.2898575121387392,C:\Users\Admin\Desktop\ShiXiaoYu\data\FineTuneResNet\city_prototypes_per_city\per_city_cluster_20260607_130856,C:\Users\Admin\Desktop\ShiXiaoYu\data\FineTuneResNet\expert_models_runs\expert_run_stage6_9_66fold_test_14460_41860_aef_annual_64d\predictions\step6_expert_summary_student_20260607_130919.json,C:\Users\Admin\Desktop\ShiXiaoYu\data\FineTuneResNet\expert_models_runs\expert_run_stage6_9_66fold_test_14460_41860_aef_annual_64d\predictions\evaluation_student_cbsa41860_knn_k5_none.json,C:\Users\Admin\Desktop\ShiXiaoYu\data\FineTuneResNet\expert_models_runs\expert_run_stage6_9_66fold_test_14460_41860_aef_annual_64d\predictions\predictions_student_cbsa41860_knn_k5_none.csv,C:\Users\Admin\Desktop\ShiXiaoYu\data\3.26plan_tripmode_v2_66fold\folds\test_14460_41860\logs\aef_annual_64d\train.log,C:\Users\Admin\Desktop\ShiXiaoYu\data\3.26plan_tripmode_v2_66fold\folds\test_14460_41860\logs\aef_annual_64d\inference.log,0.13026148092141865,0.16952310805943527,0.4023493722244478,0.08779044877663816,0.10989367370529914,0.22128930289791537,0.0719961890877722,0.11282956903981352,0.24593386129385453,test_14460_41860,18,14460,41860,5,cosine,none
clay_v1_5_768d,14460,0.09528465879625865,0.1521576520112866,0.168952525906328,C:\Users\Admin\Desktop\ShiXiaoYu\data\FineTuneResNet\city_prototypes_per_city\per_city_cluster_20260607_131013,C:\Users\Admin\Desktop\ShiXiaoYu\data\FineTuneResNet\expert_models_runs\expert_run_stage6_9_66fold_test_14460_41860_clay_v1_5_768d\predictions\step6_expert_summary_student_20260607_131045.json,C:\Users\Admin\Desktop\ShiXiaoYu\data\FineTuneResNet\expert_models_runs\expert_run_stage6_9_66fold_test_14460_41860_clay_v1_5_768d\predictions\evaluation_student_cbsa14460_knn_k5_none.json,C:\Users\Admin\Desktop\ShiXiaoYu\data\FineTuneResNet\expert_models_runs\expert_run_stage6_9_66fold_test_14460_41860_clay_v1_5_768d\predictions\predictions_student_cbsa14460_knn_k5_none.csv,C:\Users\Admin\Desktop\ShiXiaoYu\data\3.26plan_tripmode_v2_66fold\folds\test_14460_41860\logs\clay_v1_5_768d\train.log,C:\Users\Admin\Desktop\ShiXiaoYu\data\3.26plan_tripmode_v2_66fold\folds\test_14460_41860\logs\clay_v1_5_768d\inference.log,0.13180888739278726,0.19901885971919167,0.23582840037881048,0.07914226331018577,0.1160413267842373,0.23348012397953177,0.07490282568580292,0.1414127695304308,0.03754905336064174,test_14460_41860,18,14460,41860,5,cosine,none
clay_v1_5_768d,41860,0.09286225752386353,0.13752897342208267,0.1984244149322636,C:\Users\Admin\Desktop\ShiXiaoYu\data\FineTuneResNet\city_prototypes_per_city\per_city_cluster_20260607_131013,C:\Users\Admin\Desktop\ShiXiaoYu\data\FineTuneResNet\expert_models_runs\expert_run_stage6_9_66fold_test_14460_41860_clay_v1_5_768d\predictions\step6_expert_summary_student_20260607_131045.json,C:\Users\Admin\Desktop\ShiXiaoYu\data\FineTuneResNet\expert_models_runs\expert_run_stage6_9_66fold_test_14460_41860_clay_v1_5_768d\predictions\evaluation_student_cbsa41860_knn_k5_none.json,C:\Users\Admin\Desktop\ShiXiaoYu\data\FineTuneResNet\expert_models_runs\expert_run_stage6_9_66fold_test_14460_41860_clay_v1_5_768d\predictions\predictions_student_cbsa41860_knn_k5_none.csv,C:\Users\Admin\Desktop\ShiXiaoYu\data\3.26plan_tripmode_v2_66fold\folds\test_14460_41860\logs\clay_v1_5_768d\train.log,C:\Users\Admin\Desktop\ShiXiaoYu\data\3.26plan_tripmode_v2_66fold\folds\test_14460_41860\logs\clay_v1_5_768d\inference.log,0.12689203235922053,0.1819216591246301,0.28455315926527525,0.08140131577259137,0.1107929003742906,0.1872375527348087,0.07029342443977868,0.11987236076732738,0.12348253279670685,test_14460_41860,18,14460,41860,5,cosine,none
prithvi_eo_v2_1024d,14460,0.10895827481027322,0.17660199409898766,-0.10094224815137094,C:\Users\Admin\Desktop\ShiXiaoYu\data\FineTuneResNet\city_prototypes_per_city\per_city_cluster_20260607_131139,C:\Users\Admin\Desktop\ShiXiaoYu\data\FineTuneResNet\expert_models_runs\expert_run_stage6_9_66fold_test_14460_41860_prithvi_eo_v2_1024d\predictions\step6_expert_summary_student_20260607_131211.json,C:\Users\Admin\Desktop\ShiXiaoYu\data\FineTuneResNet\expert_models_runs\expert_run_stage6_9_66fold_test_14460_41860_prithvi_eo_v2_1024d\predictions\evaluation_student_cbsa14460_knn_k5_none.json,C:\Users\Admin\Desktop\ShiXiaoYu\data\FineTuneResNet\expert_models_runs\expert_run_stage6_9_66fold_test_14460_41860_prithvi_eo_v2_1024d\predictions\predictions_student_cbsa14460_knn_k5_none.csv,C:\Users\Admin\Desktop\ShiXiaoYu\data\3.26plan_tripmode_v2_66fold\folds\test_14460_41860\logs\prithvi_eo_v2_1024d\train.log,C:\Users\Admin\Desktop\ShiXiaoYu\data\3.26plan_tripmode_v2_66fold\folds\test_14460_41860\logs\prithvi_eo_v2_1024d\inference.log,0.15633164284779252,0.24049068481066202,-0.11583233901260459,0.09176089090130743,0.13878484727274146,-0.09643313761720074,0.07878229068171973,0.1505304502135595,-0.09056126782430751,test_14460_41860,18,14460,41860,5,cosine,none
prithvi_eo_v2_1024d,41860,0.1152652185943296,0.17500152491966148,-0.2796273353529201,C:\Users\Admin\Desktop\ShiXiaoYu\data\FineTuneResNet\city_prototypes_per_city\per_city_cluster_20260607_131139,C:\Users\Admin\Desktop\ShiXiaoYu\data\FineTuneResNet\expert_models_runs\expert_run_stage6_9_66fold_test_14460_41860_prithvi_eo_v2_1024d\predictions\step6_expert_summary_student_20260607_131211.json,C:\Users\Admin\Desktop\ShiXiaoYu\data\FineTuneResNet\expert_models_runs\expert_run_stage6_9_66fold_test_14460_41860_prithvi_eo_v2_1024d\predictions\evaluation_student_cbsa41860_knn_k5_none.json,C:\Users\Admin\Desktop\ShiXiaoYu\data\FineTuneResNet\expert_models_runs\expert_run_stage6_9_66fold_test_14460_41860_prithvi_eo_v2_1024d\predictions\predictions_student_cbsa41860_knn_k5_none.csv,C:\Users\Admin\Desktop\ShiXiaoYu\data\3.26plan_tripmode_v2_66fold\folds\test_14460_41860\logs\prithvi_eo_v2_1024d\train.log,C:\Users\Admin\Desktop\ShiXiaoYu\data\3.26plan_tripmode_v2_66fold\folds\test_14460_41860\logs\prithvi_eo_v2_1024d\inference.log,0.16104312006931534,0.24319552283351872,-0.2785558535180721,0.10705882409908211,0.1526170698668347,-0.54221878384484,0.07769371161459139,0.12919198205863097,-0.01810736869584817,test_14460_41860,18,14460,41860,5,cosine,none
imagenet_pretrain,14460,0.09991897776961191,0.16059825844504544,0.08028675882060492,C:\Users\Admin\Desktop\ShiXiaoYu\data\FineTuneResNet\city_prototypes_per_city\per_city_cluster_20260607_131308,C:\Users\Admin\Desktop\ShiXiaoYu\data\FineTuneResNet\expert_models_runs\expert_run_stage6_9_66fold_test_14460_41860_imagenet_pretrain\predictions\step6_expert_summary_student_20260607_131348.json,C:\Users\Admin\Desktop\ShiXiaoYu\data\FineTuneResNet\expert_models_runs\expert_run_stage6_9_66fold_test_14460_41860_imagenet_pretrain\predictions\evaluation_student_cbsa14460_knn_k5_none.json,C:\Users\Admin\Desktop\ShiXiaoYu\data\FineTuneResNet\expert_models_runs\expert_run_stage6_9_66fold_test_14460_41860_imagenet_pretrain\predictions\predictions_student_cbsa14460_knn_k5_none.csv,C:\Users\Admin\Desktop\ShiXiaoYu\data\3.26plan_tripmode_v2_66fold\folds\test_14460_41860\logs\imagenet_pretrain\train.log,C:\Users\Admin\Desktop\ShiXiaoYu\data\3.26plan_tripmode_v2_66fold\folds\test_14460_41860\logs\imagenet_pretrain\inference.log,0.1404033959639616,0.21312915225502654,0.12362871143335108,0.08379385366617942,0.12490991405250905,0.11183865386906655,0.07555968367869474,0.1437557090276007,0.005392911159397107,test_14460_41860,18,14460,41860,5,cosine,none
imagenet_pretrain,41860,0.1022105051283565,0.15477751406299442,0.002185706020834973,C:\Users\Admin\Desktop\ShiXiaoYu\data\FineTuneResNet\city_prototypes_per_city\per_city_cluster_20260607_131308,C:\Users\Admin\Desktop\ShiXiaoYu\data\FineTuneResNet\expert_models_runs\expert_run_stage6_9_66fold_test_14460_41860_imagenet_pretrain\predictions\step6_expert_summary_student_20260607_131348.json,C:\Users\Admin\Desktop\ShiXiaoYu\data\FineTuneResNet\expert_models_runs\expert_run_stage6_9_66fold_test_14460_41860_imagenet_pretrain\predictions\evaluation_student_cbsa41860_knn_k5_none.json,C:\Users\Admin\Desktop\ShiXiaoYu\data\FineTuneResNet\expert_models_runs\expert_run_stage6_9_66fold_test_14460_41860_imagenet_pretrain\predictions\predictions_student_cbsa41860_knn_k5_none.csv,C:\Users\Admin\Desktop\ShiXiaoYu\data\3.26plan_tripmode_v2_66fold\folds\test_14460_41860\logs\imagenet_pretrain\train.log,C:\Users\Admin\Desktop\ShiXiaoYu\data\3.26plan_tripmode_v2_66fold\folds\test_14460_41860\logs\imagenet_pretrain\inference.log,0.14443758264358106,0.21227905192649074,0.025856734074216847,0.08837559868548096,0.12504590568850935,-0.03532981049091566,0.07381833405600743,0.1270075845739832,0.01603019447920373,test_14460_41860,18,14460,41860,5,cosine,none
satellite_pretrain,14460,0.10920603678614671,0.17914019929878053,-0.13598555755654082,C:\Users\Admin\Desktop\ShiXiaoYu\data\FineTuneResNet\city_prototypes_per_city\per_city_cluster_20260607_131444,C:\Users\Admin\Desktop\ShiXiaoYu\data\FineTuneResNet\expert_models_runs\expert_run_stage6_9_66fold_test_14460_41860_satellite_pretrain\predictions\step6_expert_summary_student_20260607_131521.json,C:\Users\Admin\Desktop\ShiXiaoYu\data\FineTuneResNet\expert_models_runs\expert_run_stage6_9_66fold_test_14460_41860_satellite_pretrain\predictions\evaluation_student_cbsa14460_knn_k5_none.json,C:\Users\Admin\Desktop\ShiXiaoYu\data\FineTuneResNet\expert_models_runs\expert_run_stage6_9_66fold_test_14460_41860_satellite_pretrain\predictions\predictions_student_cbsa14460_knn_k5_none.csv,C:\Users\Admin\Desktop\ShiXiaoYu\data\3.26plan_tripmode_v2_66fold\folds\test_14460_41860\logs\satellite_pretrain\train.log,C:\Users\Admin\Desktop\ShiXiaoYu\data\3.26plan_tripmode_v2_66fold\folds\test_14460_41860\logs\satellite_pretrain\inference.log,0.1566291279366719,0.24319805912884854,-0.1410971882922405,0.09213008232310162,0.14419031338116903,-0.18350533669236313,0.07885890009866661,0.15003222538632402,-0.08335414768501881,test_14460_41860,18,14460,41860,5,cosine,none
satellite_pretrain,41860,0.10363827625697843,0.15854862277309603,-0.047239753184028475,C:\Users\Admin\Desktop\ShiXiaoYu\data\FineTuneResNet\city_prototypes_per_city\per_city_cluster_20260607_131444,C:\Users\Admin\Desktop\ShiXiaoYu\data\FineTuneResNet\expert_models_runs\expert_run_stage6_9_66fold_test_14460_41860_satellite_pretrain\predictions\step6_expert_summary_student_20260607_131521.json,C:\Users\Admin\Desktop\ShiXiaoYu\data\FineTuneResNet\expert_models_runs\expert_run_stage6_9_66fold_test_14460_41860_satellite_pretrain\predictions\evaluation_student_cbsa41860_knn_k5_none.json,C:\Users\Admin\Desktop\ShiXiaoYu\data\FineTuneResNet\expert_models_runs\expert_run_stage6_9_66fold_test_14460_41860_satellite_pretrain\predictions\predictions_student_cbsa41860_knn_k5_none.csv,C:\Users\Admin\Desktop\ShiXiaoYu\data\3.26plan_tripmode_v2_66fold\folds\test_14460_41860\logs\satellite_pretrain\train.log,C:\Users\Admin\Desktop\ShiXiaoYu\data\3.26plan_tripmode_v2_66fold\folds\test_14460_41860\logs\satellite_pretrain\inference.log,0.1454515819973045,0.21789191556850335,-0.026338895690570796,0.09108484389672367,0.13048553015335854,-0.12736481114211462,0.07437840287690711,0.12726842259742624,0.011984447280599997,test_14460_41860,18,14460,41860,5,cosine,none
single_task_backbone_finetune,14460,0.09551117215550751,0.14168342154859423,0.26577890450462993,C:\Users\Admin\Desktop\ShiXiaoYu\data\FineTuneResNet\city_prototypes_per_city\per_city_cluster_20260607_131617,C:\Users\Admin\Desktop\ShiXiaoYu\data\FineTuneResNet\expert_models_runs\expert_run_stage6_9_66fold_test_14460_41860_single_task_backbone_finetune\predictions\step6_expert_summary_student_20260607_131656.json,C:\Users\Admin\Desktop\ShiXiaoYu\data\FineTuneResNet\expert_models_runs\expert_run_stage6_9_66fold_test_14460_41860_single_task_backbone_finetune\predictions\evaluation_student_cbsa14460_knn_k5_none.json,C:\Users\Admin\Desktop\ShiXiaoYu\data\FineTuneResNet\expert_models_runs\expert_run_stage6_9_66fold_test_14460_41860_single_task_backbone_finetune\predictions\predictions_student_cbsa14460_knn_k5_none.csv,C:\Users\Admin\Desktop\ShiXiaoYu\data\3.26plan_tripmode_v2_66fold\folds\test_14460_41860\logs\single_task_backbone_finetune\train.log,C:\Users\Admin\Desktop\ShiXiaoYu\data\3.26plan_tripmode_v2_66fold\folds\test_14460_41860\logs\single_task_backbone_finetune\inference.log,0.12838255758496464,0.17818262615867939,0.38746185786356246,0.08432116833699768,0.1158100478054201,0.23653254113197697,0.07382979054456022,0.13105759068168313,0.17334231451835036,test_14460_41860,18,14460,41860,5,cosine,none
single_task_backbone_finetune,41860,0.07752838780185914,0.11228831944375071,0.45029012398307894,C:\Users\Admin\Desktop\ShiXiaoYu\data\FineTuneResNet\city_prototypes_per_city\per_city_cluster_20260607_131617,C:\Users\Admin\Desktop\ShiXiaoYu\data\FineTuneResNet\expert_models_runs\expert_run_stage6_9_66fold_test_14460_41860_single_task_backbone_finetune\predictions\step6_expert_summary_student_20260607_131656.json,C:\Users\Admin\Desktop\ShiXiaoYu\data\FineTuneResNet\expert_models_runs\expert_run_stage6_9_66fold_test_14460_41860_single_task_backbone_finetune\predictions\evaluation_student_cbsa41860_knn_k5_none.json,C:\Users\Admin\Desktop\ShiXiaoYu\data\FineTuneResNet\expert_models_runs\expert_run_stage6_9_66fold_test_14460_41860_single_task_backbone_finetune\predictions\predictions_student_cbsa41860_knn_k5_none.csv,C:\Users\Admin\Desktop\ShiXiaoYu\data\3.26plan_tripmode_v2_66fold\folds\test_14460_41860\logs\single_task_backbone_finetune\train.log,C:\Users\Admin\Desktop\ShiXiaoYu\data\3.26plan_tripmode_v2_66fold\folds\test_14460_41860\logs\single_task_backbone_finetune\inference.log,0.10044166085514757,0.14113980702268103,0.5693667171432741,0.07110273217091378,0.09803697365753712,0.3636155504702058,0.06104077037951607,0.097688177651034,0.41788810433575685,test_14460_41860,18,14460,41860,5,cosine,none
aef_annual_64d,14460,0.07904403485696847,0.12273539436804863,0.437799386477946,C:\Users\Admin\Desktop\ShiXiaoYu\data\FineTuneResNet\city_prototypes_per_city\per_city_cluster_20260607_131746,C:\Users\Admin\Desktop\ShiXiaoYu\data\FineTuneResNet\expert_models_runs\expert_run_stage6_9_66fold_test_14460_42660_aef_annual_64d\predictions\step6_expert_summary_student_20260607_131809.json,C:\Users\Admin\Desktop\ShiXiaoYu\data\FineTuneResNet\expert_models_runs\expert_run_stage6_9_66fold_test_14460_42660_aef_annual_64d\predictions\evaluation_student_cbsa14460_knn_k5_none.json,C:\Users\Admin\Desktop\ShiXiaoYu\data\FineTuneResNet\expert_models_runs\expert_run_stage6_9_66fold_test_14460_42660_aef_annual_64d\predictions\predictions_student_cbsa14460_knn_k5_none.csv,C:\Users\Admin\Desktop\ShiXiaoYu\data\3.26plan_tripmode_v2_66fold\folds\test_14460_42660\logs\aef_annual_64d\train.log,C:\Users\Admin\Desktop\ShiXiaoYu\data\3.26plan_tripmode_v2_66fold\folds\test_14460_42660\logs\aef_annual_64d\inference.log,0.10118412227321691,0.14810256543523775,0.5768176082516154,0.06938534515428393,0.10101752542361775,0.4191132098373601,0.06656263714340456,0.11908609224529036,0.31746734134486254,test_14460_42660,19,14460,42660,5,cosine,none
aef_annual_64d,42660,0.05910232373058363,0.0854515960760303,0.393860452926824,C:\Users\Admin\Desktop\ShiXiaoYu\data\FineTuneResNet\city_prototypes_per_city\per_city_cluster_20260607_131746,C:\Users\Admin\Desktop\ShiXiaoYu\data\FineTuneResNet\expert_models_runs\expert_run_stage6_9_66fold_test_14460_42660_aef_annual_64d\predictions\step6_expert_summary_student_20260607_131809.json,C:\Users\Admin\Desktop\ShiXiaoYu\data\FineTuneResNet\expert_models_runs\expert_run_stage6_9_66fold_test_14460_42660_aef_annual_64d\predictions\evaluation_student_cbsa42660_knn_k5_none.json,C:\Users\Admin\Desktop\ShiXiaoYu\data\FineTuneResNet\expert_models_runs\expert_run_stage6_9_66fold_test_14460_42660_aef_annual_64d\predictions\predictions_student_cbsa42660_knn_k5_none.csv,C:\Users\Admin\Desktop\ShiXiaoYu\data\3.26plan_tripmode_v2_66fold\folds\test_14460_42660\logs\aef_annual_64d\train.log,C:\Users\Admin\Desktop\ShiXiaoYu\data\3.26plan_tripmode_v2_66fold\folds\test_14460_42660\logs\aef_annual_64d\inference.log,0.0729852456284679,0.09907283920314588,0.6199133966262851,0.054909818925543495,0.07525434187828536,0.2181960172033247,0.04941190663773948,0.08202760714665962,0.3434719449508621,test_14460_42660,19,14460,42660,5,cosine,none
clay_v1_5_768d,14460,0.09347110916437991,0.14800746085059077,0.21304726662795961,C:\Users\Admin\Desktop\ShiXiaoYu\data\FineTuneResNet\city_prototypes_per_city\per_city_cluster_20260607_131904,C:\Users\Admin\Desktop\ShiXiaoYu\data\FineTuneResNet\expert_models_runs\expert_run_stage6_9_66fold_test_14460_42660_clay_v1_5_768d\predictions\step6_expert_summary_student_20260607_131935.json,C:\Users\Admin\Desktop\ShiXiaoYu\data\FineTuneResNet\expert_models_runs\expert_run_stage6_9_66fold_test_14460_42660_clay_v1_5_768d\predictions\evaluation_student_cbsa14460_knn_k5_none.json,C:\Users\Admin\Desktop\ShiXiaoYu\data\FineTuneResNet\expert_models_runs\expert_run_stage6_9_66fold_test_14460_42660_clay_v1_5_768d\predictions\predictions_student_cbsa14460_knn_k5_none.csv,C:\Users\Admin\Desktop\ShiXiaoYu\data\3.26plan_tripmode_v2_66fold\folds\test_14460_42660\logs\clay_v1_5_768d\train.log,C:\Users\Admin\Desktop\ShiXiaoYu\data\3.26plan_tripmode_v2_66fold\folds\test_14460_42660\logs\clay_v1_5_768d\inference.log,0.12889737475485966,0.1933122881032264,0.27902310282855547,0.07721560304554931,0.1123389395968579,0.2816126283214443,0.0743003496927308,0.13837115485168797,0.07850606873387911,test_14460_42660,19,14460,42660,5,cosine,none
clay_v1_5_768d,42660,0.07276694170890563,0.10577191808053486,0.12784010687825267,C:\Users\Admin\Desktop\ShiXiaoYu\data\FineTuneResNet\city_prototypes_per_city\per_city_cluster_20260607_131904,C:\Users\Admin\Desktop\ShiXiaoYu\data\FineTuneResNet\expert_models_runs\expert_run_stage6_9_66fold_test_14460_42660_clay_v1_5_768d\predictions\step6_expert_summary_student_20260607_131935.json,C:\Users\Admin\Desktop\ShiXiaoYu\data\FineTuneResNet\expert_models_runs\expert_run_stage6_9_66fold_test_14460_42660_clay_v1_5_768d\predictions\evaluation_student_cbsa42660_knn_k5_none.json,C:\Users\Admin\Desktop\ShiXiaoYu\data\FineTuneResNet\expert_models_runs\expert_run_stage6_9_66fold_test_14460_42660_clay_v1_5_768d\predictions\predictions_student_cbsa42660_knn_k5_none.csv,C:\Users\Admin\Desktop\ShiXiaoYu\data\3.26plan_tripmode_v2_66fold\folds\test_14460_42660\logs\clay_v1_5_768d\train.log,C:\Users\Admin\Desktop\ShiXiaoYu\data\3.26plan_tripmode_v2_66fold\folds\test_14460_42660\logs\clay_v1_5_768d\inference.log,0.10101054069969174,0.1386376485175062,0.2557210923194515,0.06259671730799073,0.08812716930311515,-0.07214715012903139,0.05469356711903443,0.09055093642098323,0.19994637844433794,test_14460_42660,19,14460,42660,5,cosine,none
prithvi_eo_v2_1024d,14460,0.10680160595718276,0.17292718832532517,-0.059929279881010857,C:\Users\Admin\Desktop\ShiXiaoYu\data\FineTuneResNet\city_prototypes_per_city\per_city_cluster_20260607_132030,C:\Users\Admin\Desktop\ShiXiaoYu\data\FineTuneResNet\expert_models_runs\expert_run_stage6_9_66fold_test_14460_42660_prithvi_eo_v2_1024d\predictions\step6_expert_summary_student_20260607_132100.json,C:\Users\Admin\Desktop\ShiXiaoYu\data\FineTuneResNet\expert_models_runs\expert_run_stage6_9_66fold_test_14460_42660_prithvi_eo_v2_1024d\predictions\evaluation_student_cbsa14460_knn_k5_none.json,C:\Users\Admin\Desktop\ShiXiaoYu\data\FineTuneResNet\expert_models_runs\expert_run_stage6_9_66fold_test_14460_42660_prithvi_eo_v2_1024d\predictions\predictions_student_cbsa14460_knn_k5_none.csv,C:\Users\Admin\Desktop\ShiXiaoYu\data\3.26plan_tripmode_v2_66fold\folds\test_14460_42660\logs\prithvi_eo_v2_1024d\train.log,C:\Users\Admin\Desktop\ShiXiaoYu\data\3.26plan_tripmode_v2_66fold\folds\test_14460_42660\logs\prithvi_eo_v2_1024d\inference.log,0.15203286126183171,0.23301909403223034,-0.047575769764646614,0.0893192924948897,0.13588386229757887,-0.051075260948031165,0.07905266411482685,0.14987860864616628,-0.0811368089303548,test_14460_42660,19,14460,42660,5,cosine,none
prithvi_eo_v2_1024d,42660,0.08000226426820801,0.11142080823128707,0.029634676225548866,C:\Users\Admin\Desktop\ShiXiaoYu\data\FineTuneResNet\city_prototypes_per_city\per_city_cluster_20260607_132030,C:\Users\Admin\Desktop\ShiXiaoYu\data\FineTuneResNet\expert_models_runs\expert_run_stage6_9_66fold_test_14460_42660_prithvi_eo_v2_1024d\predictions\step6_expert_summary_student_20260607_132100.json,C:\Users\Admin\Desktop\ShiXiaoYu\data\FineTuneResNet\expert_models_runs\expert_run_stage6_9_66fold_test_14460_42660_prithvi_eo_v2_1024d\predictions\evaluation_student_cbsa42660_knn_k5_none.json,C:\Users\Admin\Desktop\ShiXiaoYu\data\FineTuneResNet\expert_models_runs\expert_run_stage6_9_66fold_test_14460_42660_prithvi_eo_v2_1024d\predictions\predictions_student_cbsa42660_knn_k5_none.csv,C:\Users\Admin\Desktop\ShiXiaoYu\data\3.26plan_tripmode_v2_66fold\folds\test_14460_42660\logs\prithvi_eo_v2_1024d\train.log,C:\Users\Admin\Desktop\ShiXiaoYu\data\3.26plan_tripmode_v2_66fold\folds\test_14460_42660\logs\prithvi_eo_v2_1024d\inference.log,0.11158958452483199,0.14683854750885753,0.16506338987505864,0.07445271955181153,0.09460126758495602,-0.23545993387344621,0.05396448872798051,0.09282260960004765,0.15930057267503417,test_14460_42660,19,14460,42660,5,cosine,none
imagenet_pretrain,14460,0.09780214704452818,0.15393026694047576,0.15254941149695908,C:\Users\Admin\Desktop\ShiXiaoYu\data\FineTuneResNet\city_prototypes_per_city\per_city_cluster_20260607_132158,C:\Users\Admin\Desktop\ShiXiaoYu\data\FineTuneResNet\expert_models_runs\expert_run_stage6_9_66fold_test_14460_42660_imagenet_pretrain\predictions\step6_expert_summary_student_20260607_132236.json,C:\Users\Admin\Desktop\ShiXiaoYu\data\FineTuneResNet\expert_models_runs\expert_run_stage6_9_66fold_test_14460_42660_imagenet_pretrain\predictions\evaluation_student_cbsa14460_knn_k5_none.json,C:\Users\Admin\Desktop\ShiXiaoYu\data\FineTuneResNet\expert_models_runs\expert_run_stage6_9_66fold_test_14460_42660_imagenet_pretrain\predictions\predictions_student_cbsa14460_knn_k5_none.csv,C:\Users\Admin\Desktop\ShiXiaoYu\data\3.26plan_tripmode_v2_66fold\folds\test_14460_42660\logs\imagenet_pretrain\train.log,C:\Users\Admin\Desktop\ShiXiaoYu\data\3.26plan_tripmode_v2_66fold\folds\test_14460_42660\logs\imagenet_pretrain\inference.log,0.13616649951562096,0.20296668694878464,0.20521081042429534,0.08350365381043025,0.1208184522322536,0.16906972119426278,0.07373628780753333,0.1380056616403891,0.0833677028723191,test_14460_42660,19,14460,42660,5,cosine,none
imagenet_pretrain,42660,0.06621784223676845,0.1044718230118994,0.16552947168246845,C:\Users\Admin\Desktop\ShiXiaoYu\data\FineTuneResNet\city_prototypes_per_city\per_city_cluster_20260607_132158,C:\Users\Admin\Desktop\ShiXiaoYu\data\FineTuneResNet\expert_models_runs\expert_run_stage6_9_66fold_test_14460_42660_imagenet_pretrain\predictions\step6_expert_summary_student_20260607_132236.json,C:\Users\Admin\Desktop\ShiXiaoYu\data\FineTuneResNet\expert_models_runs\expert_run_stage6_9_66fold_test_14460_42660_imagenet_pretrain\predictions\evaluation_student_cbsa42660_knn_k5_none.json,C:\Users\Admin\Desktop\ShiXiaoYu\data\FineTuneResNet\expert_models_runs\expert_run_stage6_9_66fold_test_14460_42660_imagenet_pretrain\predictions\predictions_student_cbsa42660_knn_k5_none.csv,C:\Users\Admin\Desktop\ShiXiaoYu\data\3.26plan_tripmode_v2_66fold\folds\test_14460_42660\logs\imagenet_pretrain\train.log,C:\Users\Admin\Desktop\ShiXiaoYu\data\3.26plan_tripmode_v2_66fold\folds\test_14460_42660\logs\imagenet_pretrain\inference.log,0.0918057660827771,0.13959413356681988,0.24541584858534427,0.05636237971950041,0.08154991786329772,0.08191728614863392,0.050485380908027865,0.0922714176055806,0.16925528031342718,test_14460_42660,19,14460,42660,5,cosine,none
satellite_pretrain,14460,0.10800215826139721,0.17604537958790387,-0.09908420494131882,C:\Users\Admin\Desktop\ShiXiaoYu\data\FineTuneResNet\city_prototypes_per_city\per_city_cluster_20260607_132333,C:\Users\Admin\Desktop\ShiXiaoYu\data\FineTuneResNet\expert_models_runs\expert_run_stage6_9_66fold_test_14460_42660_satellite_pretrain\predictions\step6_expert_summary_student_20260607_132408.json,C:\Users\Admin\Desktop\ShiXiaoYu\data\FineTuneResNet\expert_models_runs\expert_run_stage6_9_66fold_test_14460_42660_satellite_pretrain\predictions\evaluation_student_cbsa14460_knn_k5_none.json,C:\Users\Admin\Desktop\ShiXiaoYu\data\FineTuneResNet\expert_models_runs\expert_run_stage6_9_66fold_test_14460_42660_satellite_pretrain\predictions\predictions_student_cbsa14460_knn_k5_none.csv,C:\Users\Admin\Desktop\ShiXiaoYu\data\3.26plan_tripmode_v2_66fold\folds\test_14460_42660\logs\satellite_pretrain\train.log,C:\Users\Admin\Desktop\ShiXiaoYu\data\3.26plan_tripmode_v2_66fold\folds\test_14460_42660\logs\satellite_pretrain\inference.log,0.15494342632672015,0.2378519212368502,-0.09147992763766699,0.09106733626176827,0.14183636915776665,-0.14517869503483682,0.07799571219570324,0.14844784836909478,-0.06059399215145267,test_14460_42660,19,14460,42660,5,cosine,none
satellite_pretrain,42660,0.07851978206197625,0.11101792821893396,0.05592032909900443,C:\Users\Admin\Desktop\ShiXiaoYu\data\FineTuneResNet\city_prototypes_per_city\per_city_cluster_20260607_132333,C:\Users\Admin\Desktop\ShiXiaoYu\data\FineTuneResNet\expert_models_runs\expert_run_stage6_9_66fold_test_14460_42660_satellite_pretrain\predictions\step6_expert_summary_student_20260607_132408.json,C:\Users\Admin\Desktop\ShiXiaoYu\data\FineTuneResNet\expert_models_runs\expert_run_stage6_9_66fold_test_14460_42660_satellite_pretrain\predictions\evaluation_student_cbsa42660_knn_k5_none.json,C:\Users\Admin\Desktop\ShiXiaoYu\data\FineTuneResNet\expert_models_runs\expert_run_stage6_9_66fold_test_14460_42660_satellite_pretrain\predictions\predictions_student_cbsa42660_knn_k5_none.csv,C:\Users\Admin\Desktop\ShiXiaoYu\data\3.26plan_tripmode_v2_66fold\folds\test_14460_42660\logs\satellite_pretrain\train.log,C:\Users\Admin\Desktop\ShiXiaoYu\data\3.26plan_tripmode_v2_66fold\folds\test_14460_42660\logs\satellite_pretrain\inference.log,0.1102498349036199,0.1486026689578267,0.1448809853043791,0.06861934209111102,0.08806441754128214,-0.07062082925006741,0.056690169191197855,0.09638669815769302,0.09350083124270159,test_14460_42660,19,14460,42660,5,cosine,none
single_task_backbone_finetune,14460,0.09680743665336355,0.13873583873892545,0.2966580559970145,C:\Users\Admin\Desktop\ShiXiaoYu\data\FineTuneResNet\city_prototypes_per_city\per_city_cluster_20260607_132505,C:\Users\Admin\Desktop\ShiXiaoYu\data\FineTuneResNet\expert_models_runs\expert_run_stage6_9_66fold_test_14460_42660_single_task_backbone_finetune\predictions\step6_expert_summary_student_20260607_132543.json,C:\Users\Admin\Desktop\ShiXiaoYu\data\FineTuneResNet\expert_models_runs\expert_run_stage6_9_66fold_test_14460_42660_single_task_backbone_finetune\predictions\evaluation_student_cbsa14460_knn_k5_none.json,C:\Users\Admin\Desktop\ShiXiaoYu\data\FineTuneResNet\expert_models_runs\expert_run_stage6_9_66fold_test_14460_42660_single_task_backbone_finetune\predictions\predictions_student_cbsa14460_knn_k5_none.csv,C:\Users\Admin\Desktop\ShiXiaoYu\data\3.26plan_tripmode_v2_66fold\folds\test_14460_42660\logs\single_task_backbone_finetune\train.log,C:\Users\Admin\Desktop\ShiXiaoYu\data\3.26plan_tripmode_v2_66fold\folds\test_14460_42660\logs\single_task_backbone_finetune\inference.log,0.131198692849025,0.17509646726607359,0.4084966703721795,0.08454591546072089,0.11526913839057112,0.24364768063031494,0.07467770165034476,0.12584191056013164,0.237829816988549,test_14460_42660,19,14460,42660,5,cosine,none
single_task_backbone_finetune,42660,0.06584829113219832,0.09113327630547692,0.3460285978847703,C:\Users\Admin\Desktop\ShiXiaoYu\data\FineTuneResNet\city_prototypes_per_city\per_city_cluster_20260607_132505,C:\Users\Admin\Desktop\ShiXiaoYu\data\FineTuneResNet\expert_models_runs\expert_run_stage6_9_66fold_test_14460_42660_single_task_backbone_finetune\predictions\step6_expert_summary_student_20260607_132543.json,C:\Users\Admin\Desktop\ShiXiaoYu\data\FineTuneResNet\expert_models_runs\expert_run_stage6_9_66fold_test_14460_42660_single_task_backbone_finetune\predictions\evaluation_student_cbsa42660_knn_k5_none.json,C:\Users\Admin\Desktop\ShiXiaoYu\data\FineTuneResNet\expert_models_runs\expert_run_stage6_9_66fold_test_14460_42660_single_task_backbone_finetune\predictions\predictions_student_cbsa42660_knn_k5_none.csv,C:\Users\Admin\Desktop\ShiXiaoYu\data\3.26plan_tripmode_v2_66fold\folds\test_14460_42660\logs\single_task_backbone_finetune\train.log,C:\Users\Admin\Desktop\ShiXiaoYu\data\3.26plan_tripmode_v2_66fold\folds\test_14460_42660\logs\single_task_backbone_finetune\inference.log,0.08852758038275906,0.11638906701612466,0.47543692293838424,0.057650657966629465,0.07592739831811879,0.20414895264377708,0.051366635047206434,0.08108336358218729,0.35849991807214954,test_14460_42660,19,14460,42660,5,cosine,none
aef_annual_64d,14460,0.07931497196812938,0.1251847195985249,0.415131068858629,C:\Users\Admin\Desktop\ShiXiaoYu\data\FineTuneResNet\city_prototypes_per_city\per_city_cluster_20260607_132634,C:\Users\Admin\Desktop\ShiXiaoYu\data\FineTuneResNet\expert_models_runs\expert_run_stage6_9_66fold_test_14460_47900_aef_annual_64d\predictions\step6_expert_summary_student_20260607_132700.json,C:\Users\Admin\Desktop\ShiXiaoYu\data\FineTuneResNet\expert_models_runs\expert_run_stage6_9_66fold_test_14460_47900_aef_annual_64d\predictions\evaluation_student_cbsa14460_knn_k5_none.json,C:\Users\Admin\Desktop\ShiXiaoYu\data\FineTuneResNet\expert_models_runs\expert_run_stage6_9_66fold_test_14460_47900_aef_annual_64d\predictions\predictions_student_cbsa14460_knn_k5_none.csv,C:\Users\Admin\Desktop\ShiXiaoYu\data\3.26plan_tripmode_v2_66fold\folds\test_14460_47900\logs\aef_annual_64d\train.log,C:\Users\Admin\Desktop\ShiXiaoYu\data\3.26plan_tripmode_v2_66fold\folds\test_14460_47900\logs\aef_annual_64d\inference.log,0.10150464951726312,0.1510671195703115,0.5597064504916163,0.07016337541311446,0.1036824388873341,0.3880605413352034,0.06627689097401054,0.12080460033792913,0.29762621474906725,test_14460_47900,20,14460,47900,5,cosine,none
aef_annual_64d,47900,0.06553256444919724,0.10667734963083797,0.39265634628923113,C:\Users\Admin\Desktop\ShiXiaoYu\data\FineTuneResNet\city_prototypes_per_city\per_city_cluster_20260607_132634,C:\Users\Admin\Desktop\ShiXiaoYu\data\FineTuneResNet\expert_models_runs\expert_run_stage6_9_66fold_test_14460_47900_aef_annual_64d\predictions\step6_expert_summary_student_20260607_132700.json,C:\Users\Admin\Desktop\ShiXiaoYu\data\FineTuneResNet\expert_models_runs\expert_run_stage6_9_66fold_test_14460_47900_aef_annual_64d\predictions\evaluation_student_cbsa47900_knn_k5_none.json,C:\Users\Admin\Desktop\ShiXiaoYu\data\FineTuneResNet\expert_models_runs\expert_run_stage6_9_66fold_test_14460_47900_aef_annual_64d\predictions\predictions_student_cbsa47900_knn_k5_none.csv,C:\Users\Admin\Desktop\ShiXiaoYu\data\3.26plan_tripmode_v2_66fold\folds\test_14460_47900\logs\aef_annual_64d\train.log,C:\Users\Admin\Desktop\ShiXiaoYu\data\3.26plan_tripmode_v2_66fold\folds\test_14460_47900\logs\aef_annual_64d\inference.log,0.08799247548812437,0.1368442812017645,0.4777102006111438,0.06332826321610008,0.10054247944292731,0.32178673620641374,0.04527695464336722,0.08264528824782207,0.3784721020501358,test_14460_47900,20,14460,47900,5,cosine,none
clay_v1_5_768d,14460,0.0928214576695996,0.14618644419307325,0.22723129036416123,C:\Users\Admin\Desktop\ShiXiaoYu\data\FineTuneResNet\city_prototypes_per_city\per_city_cluster_20260607_132755,C:\Users\Admin\Desktop\ShiXiaoYu\data\FineTuneResNet\expert_models_runs\expert_run_stage6_9_66fold_test_14460_47900_clay_v1_5_768d\predictions\step6_expert_summary_student_20260607_132830.json,C:\Users\Admin\Desktop\ShiXiaoYu\data\FineTuneResNet\expert_models_runs\expert_run_stage6_9_66fold_test_14460_47900_clay_v1_5_768d\predictions\evaluation_student_cbsa14460_knn_k5_none.json,C:\Users\Admin\Desktop\ShiXiaoYu\data\FineTuneResNet\expert_models_runs\expert_run_stage6_9_66fold_test_14460_47900_clay_v1_5_768d\predictions\predictions_student_cbsa14460_knn_k5_none.csv,C:\Users\Admin\Desktop\ShiXiaoYu\data\3.26plan_tripmode_v2_66fold\folds\test_14460_47900\logs\clay_v1_5_768d\train.log,C:\Users\Admin\Desktop\ShiXiaoYu\data\3.26plan_tripmode_v2_66fold\folds\test_14460_47900\logs\clay_v1_5_768d\inference.log,0.12607658919610681,0.18829398499489597,0.3159697319121898,0.07735434285862726,0.11177366452509316,0.2888241043621702,0.07503344095406472,0.13849168305923065,0.07690003481812369,test_14460_47900,20,14460,47900,5,cosine,none
clay_v1_5_768d,47900,0.07328248505069883,0.11642476365251515,0.283289019293897,C:\Users\Admin\Desktop\ShiXiaoYu\data\FineTuneResNet\city_prototypes_per_city\per_city_cluster_20260607_132755,C:\Users\Admin\Desktop\ShiXiaoYu\data\FineTuneResNet\expert_models_runs\expert_run_stage6_9_66fold_test_14460_47900_clay_v1_5_768d\predictions\step6_expert_summary_student_20260607_132830.json,C:\Users\Admin\Desktop\ShiXiaoYu\data\FineTuneResNet\expert_models_runs\expert_run_stage6_9_66fold_test_14460_47900_clay_v1_5_768d\predictions\evaluation_student_cbsa47900_knn_k5_none.json,C:\Users\Admin\Desktop\ShiXiaoYu\data\FineTuneResNet\expert_models_runs\expert_run_stage6_9_66fold_test_14460_47900_clay_v1_5_768d\predictions\predictions_student_cbsa47900_knn_k5_none.csv,C:\Users\Admin\Desktop\ShiXiaoYu\data\3.26plan_tripmode_v2_66fold\folds\test_14460_47900\logs\clay_v1_5_768d\train.log,C:\Users\Admin\Desktop\ShiXiaoYu\data\3.26plan_tripmode_v2_66fold\folds\test_14460_47900\logs\clay_v1_5_768d\inference.log,0.09934986943481564,0.15260511776853417,0.35047415703691454,0.0713565491021796,0.10659767054870506,0.23763574464454973,0.04914103661510125,0.09007150264030628,0.26175715620022677,test_14460_47900,20,14460,47900,5,cosine,none
prithvi_eo_v2_1024d,14460,0.10987092334717495,0.17810185580552965,-0.11903356931502425,C:\Users\Admin\Desktop\ShiXiaoYu\data\FineTuneResNet\city_prototypes_per_city\per_city_cluster_20260607_132926,C:\Users\Admin\Desktop\ShiXiaoYu\data\FineTuneResNet\expert_models_runs\expert_run_stage6_9_66fold_test_14460_47900_prithvi_eo_v2_1024d\predictions\step6_expert_summary_student_20260607_133000.json,C:\Users\Admin\Desktop\ShiXiaoYu\data\FineTuneResNet\expert_models_runs\expert_run_stage6_9_66fold_test_14460_47900_prithvi_eo_v2_1024d\predictions\evaluation_student_cbsa14460_knn_k5_none.json,C:\Users\Admin\Desktop\ShiXiaoYu\data\FineTuneResNet\expert_models_runs\expert_run_stage6_9_66fold_test_14460_47900_prithvi_eo_v2_1024d\predictions\predictions_student_cbsa14460_knn_k5_none.csv,C:\Users\Admin\Desktop\ShiXiaoYu\data\3.26plan_tripmode_v2_66fold\folds\test_14460_47900\logs\prithvi_eo_v2_1024d\train.log,C:\Users\Admin\Desktop\ShiXiaoYu\data\3.26plan_tripmode_v2_66fold\folds\test_14460_47900\logs\prithvi_eo_v2_1024d\inference.log,0.15858875248644597,0.24290385524866434,-0.1383380202351241,0.09144252226775428,0.13986941098537622,-0.11363671649342755,0.07958149528732461,0.15153230118254843,-0.10512597121652112,test_14460_47900,20,14460,47900,5,cosine,none
prithvi_eo_v2_1024d,47900,0.09149875297917169,0.14154871268976615,-0.04007094870304825,C:\Users\Admin\Desktop\ShiXiaoYu\data\FineTuneResNet\city_prototypes_per_city\per_city_cluster_20260607_132926,C:\Users\Admin\Desktop\ShiXiaoYu\data\FineTuneResNet\expert_models_runs\expert_run_stage6_9_66fold_test_14460_47900_prithvi_eo_v2_1024d\predictions\step6_expert_summary_student_20260607_133000.json,C:\Users\Admin\Desktop\ShiXiaoYu\data\FineTuneResNet\expert_models_runs\expert_run_stage6_9_66fold_test_14460_47900_prithvi_eo_v2_1024d\predictions\evaluation_student_cbsa47900_knn_k5_none.json,C:\Users\Admin\Desktop\ShiXiaoYu\data\FineTuneResNet\expert_models_runs\expert_run_stage6_9_66fold_test_14460_47900_prithvi_eo_v2_1024d\predictions\predictions_student_cbsa47900_knn_k5_none.csv,C:\Users\Admin\Desktop\ShiXiaoYu\data\3.26plan_tripmode_v2_66fold\folds\test_14460_47900\logs\prithvi_eo_v2_1024d\train.log,C:\Users\Admin\Desktop\ShiXiaoYu\data\3.26plan_tripmode_v2_66fold\folds\test_14460_47900\logs\prithvi_eo_v2_1024d\inference.log,0.1282563299859039,0.19200603517288997,-0.028224618788036393,0.0906660529291126,0.13043139188241445,-0.14138288134086174,0.0555738760224986,0.10220871101399405,0.0493946540197534,test_14460_47900,20,14460,47900,5,cosine,none
imagenet_pretrain,14460,0.09930664355888953,0.1585030069758576,0.10375665915381178,C:\Users\Admin\Desktop\ShiXiaoYu\data\FineTuneResNet\city_prototypes_per_city\per_city_cluster_20260607_133059,C:\Users\Admin\Desktop\ShiXiaoYu\data\FineTuneResNet\expert_models_runs\expert_run_stage6_9_66fold_test_14460_47900_imagenet_pretrain\predictions\step6_expert_summary_student_20260607_133141.json,C:\Users\Admin\Desktop\ShiXiaoYu\data\FineTuneResNet\expert_models_runs\expert_run_stage6_9_66fold_test_14460_47900_imagenet_pretrain\predictions\evaluation_student_cbsa14460_knn_k5_none.json,C:\Users\Admin\Desktop\ShiXiaoYu\data\FineTuneResNet\expert_models_runs\expert_run_stage6_9_66fold_test_14460_47900_imagenet_pretrain\predictions\predictions_student_cbsa14460_knn_k5_none.csv,C:\Users\Admin\Desktop\ShiXiaoYu\data\3.26plan_tripmode_v2_66fold\folds\test_14460_47900\logs\imagenet_pretrain\train.log,C:\Users\Admin\Desktop\ShiXiaoYu\data\3.26plan_tripmode_v2_66fold\folds\test_14460_47900\logs\imagenet_pretrain\inference.log,0.13911921312804149,0.21033355950627336,0.14646846982957273,0.0840309497454029,0.1250976887858302,0.1091663341338095,0.07476976780322424,0.14007777263546922,0.055635173498053136,test_14460_47900,20,14460,47900,5,cosine,none
imagenet_pretrain,47900,0.07865431233063237,0.1315936313992738,0.09589354769007545,C:\Users\Admin\Desktop\ShiXiaoYu\data\FineTuneResNet\city_prototypes_per_city\per_city_cluster_20260607_133059,C:\Users\Admin\Desktop\ShiXiaoYu\data\FineTuneResNet\expert_models_runs\expert_run_stage6_9_66fold_test_14460_47900_imagenet_pretrain\predictions\step6_expert_summary_student_20260607_133141.json,C:\Users\Admin\Desktop\ShiXiaoYu\data\FineTuneResNet\expert_models_runs\expert_run_stage6_9_66fold_test_14460_47900_imagenet_pretrain\predictions\evaluation_student_cbsa47900_knn_k5_none.json,C:\Users\Admin\Desktop\ShiXiaoYu\data\FineTuneResNet\expert_models_runs\expert_run_stage6_9_66fold_test_14460_47900_imagenet_pretrain\predictions\predictions_student_cbsa47900_knn_k5_none.csv,C:\Users\Admin\Desktop\ShiXiaoYu\data\3.26plan_tripmode_v2_66fold\folds\test_14460_47900\logs\imagenet_pretrain\train.log,C:\Users\Admin\Desktop\ShiXiaoYu\data\3.26plan_tripmode_v2_66fold\folds\test_14460_47900\logs\imagenet_pretrain\inference.log,0.10929755883906542,0.17705978836341696,0.12562421844547567,0.075113967779939,0.11850719284409512,0.057770887620776756,0.051551410372892674,0.09921391299030936,0.10428553700397392,test_14460_47900,20,14460,47900,5,cosine,none
satellite_pretrain,14460,0.11068399805602458,0.18128574779798523,-0.16233780605292214,C:\Users\Admin\Desktop\ShiXiaoYu\data\FineTuneResNet\city_prototypes_per_city\per_city_cluster_20260607_133238,C:\Users\Admin\Desktop\ShiXiaoYu\data\FineTuneResNet\expert_models_runs\expert_run_stage6_9_66fold_test_14460_47900_satellite_pretrain\predictions\step6_expert_summary_student_20260607_133317.json,C:\Users\Admin\Desktop\ShiXiaoYu\data\FineTuneResNet\expert_models_runs\expert_run_stage6_9_66fold_test_14460_47900_satellite_pretrain\predictions\evaluation_student_cbsa14460_knn_k5_none.json,C:\Users\Admin\Desktop\ShiXiaoYu\data\FineTuneResNet\expert_models_runs\expert_run_stage6_9_66fold_test_14460_47900_satellite_pretrain\predictions\predictions_student_cbsa14460_knn_k5_none.csv,C:\Users\Admin\Desktop\ShiXiaoYu\data\3.26plan_tripmode_v2_66fold\folds\test_14460_47900\logs\satellite_pretrain\train.log,C:\Users\Admin\Desktop\ShiXiaoYu\data\3.26plan_tripmode_v2_66fold\folds\test_14460_47900\logs\satellite_pretrain\inference.log,0.15954618401638657,0.24685282655618185,-0.17565158779053802,0.0933898536790326,0.1462474632612607,-0.21751615547796033,0.07911595647265457,0.1507569535765131,-0.09384567489026807,test_14460_47900,20,14460,47900,5,cosine,none
satellite_pretrain,47900,0.07814258164413129,0.12306361633145746,0.19862117670018942,C:\Users\Admin\Desktop\ShiXiaoYu\data\FineTuneResNet\city_prototypes_per_city\per_city_cluster_20260607_133238,C:\Users\Admin\Desktop\ShiXiaoYu\data\FineTuneResNet\expert_models_runs\expert_run_stage6_9_66fold_test_14460_47900_satellite_pretrain\predictions\step6_expert_summary_student_20260607_133317.json,C:\Users\Admin\Desktop\ShiXiaoYu\data\FineTuneResNet\expert_models_runs\expert_run_stage6_9_66fold_test_14460_47900_satellite_pretrain\predictions\evaluation_student_cbsa47900_knn_k5_none.json,C:\Users\Admin\Desktop\ShiXiaoYu\data\FineTuneResNet\expert_models_runs\expert_run_stage6_9_66fold_test_14460_47900_satellite_pretrain\predictions\predictions_student_cbsa47900_knn_k5_none.csv,C:\Users\Admin\Desktop\ShiXiaoYu\data\3.26plan_tripmode_v2_66fold\folds\test_14460_47900\logs\satellite_pretrain\train.log,C:\Users\Admin\Desktop\ShiXiaoYu\data\3.26plan_tripmode_v2_66fold\folds\test_14460_47900\logs\satellite_pretrain\inference.log,0.1078393677708474,0.16241328667173216,0.26429899632208453,0.07251526250174364,0.10858116508064448,0.2090007136395915,0.05407311465980282,0.09819639724199578,0.12256382013889222,test_14460_47900,20,14460,47900,5,cosine,none
single_task_backbone_finetune,14460,0.09909324404301817,0.14081832771173244,0.2761428831852937,C:\Users\Admin\Desktop\ShiXiaoYu\data\FineTuneResNet\city_prototypes_per_city\per_city_cluster_20260607_133415,C:\Users\Admin\Desktop\ShiXiaoYu\data\FineTuneResNet\expert_models_runs\expert_run_stage6_9_66fold_test_14460_47900_single_task_backbone_finetune\predictions\step6_expert_summary_student_20260607_133457.json,C:\Users\Admin\Desktop\ShiXiaoYu\data\FineTuneResNet\expert_models_runs\expert_run_stage6_9_66fold_test_14460_47900_single_task_backbone_finetune\predictions\evaluation_student_cbsa14460_knn_k5_none.json,C:\Users\Admin\Desktop\ShiXiaoYu\data\FineTuneResNet\expert_models_runs\expert_run_stage6_9_66fold_test_14460_47900_single_task_backbone_finetune\predictions\predictions_student_cbsa14460_knn_k5_none.csv,C:\Users\Admin\Desktop\ShiXiaoYu\data\3.26plan_tripmode_v2_66fold\folds\test_14460_47900\logs\single_task_backbone_finetune\train.log,C:\Users\Admin\Desktop\ShiXiaoYu\data\3.26plan_tripmode_v2_66fold\folds\test_14460_47900\logs\single_task_backbone_finetune\inference.log,0.13313617883772264,0.17917501412120806,0.3806197961774116,0.08841829475491758,0.12055441621226377,0.172697574170939,0.07572525853641428,0.12272555280172553,0.2751112792075304,test_14460_47900,20,14460,47900,5,cosine,none
single_task_backbone_finetune,47900,0.0718326168187728,0.10870495668264,0.36123159125848586,C:\Users\Admin\Desktop\ShiXiaoYu\data\FineTuneResNet\city_prototypes_per_city\per_city_cluster_20260607_133415,C:\Users\Admin\Desktop\ShiXiaoYu\data\FineTuneResNet\expert_models_runs\expert_run_stage6_9_66fold_test_14460_47900_single_task_backbone_finetune\predictions\step6_expert_summary_student_20260607_133457.json,C:\Users\Admin\Desktop\ShiXiaoYu\data\FineTuneResNet\expert_models_runs\expert_run_stage6_9_66fold_test_14460_47900_single_task_backbone_finetune\predictions\evaluation_student_cbsa47900_knn_k5_none.json,C:\Users\Admin\Desktop\ShiXiaoYu\data\FineTuneResNet\expert_models_runs\expert_run_stage6_9_66fold_test_14460_47900_single_task_backbone_finetune\predictions\predictions_student_cbsa47900_knn_k5_none.csv,C:\Users\Admin\Desktop\ShiXiaoYu\data\3.26plan_tripmode_v2_66fold\folds\test_14460_47900\logs\single_task_backbone_finetune\train.log,C:\Users\Admin\Desktop\ShiXiaoYu\data\3.26plan_tripmode_v2_66fold\folds\test_14460_47900\logs\single_task_backbone_finetune\inference.log,0.09351381516532377,0.13635329290659565,0.48145136004091005,0.06826583138780062,0.1025107285057363,0.29497302019256433,0.05371820390319401,0.08725084863558806,0.30727039354198327,test_14460_47900,20,14460,47900,5,cosine,none
aef_annual_64d,16980,0.07107835657295221,0.10557095838189075,0.3293952147659475,C:\Users\Admin\Desktop\ShiXiaoYu\data\FineTuneResNet\city_prototypes_per_city\per_city_cluster_20260607_133544,C:\Users\Admin\Desktop\ShiXiaoYu\data\FineTuneResNet\expert_models_runs\expert_run_stage6_9_66fold_test_16980_19100_aef_annual_64d\predictions\step6_expert_summary_student_20260607_133616.json,C:\Users\Admin\Desktop\ShiXiaoYu\data\FineTuneResNet\expert_models_runs\expert_run_stage6_9_66fold_test_16980_19100_aef_annual_64d\predictions\evaluation_student_cbsa16980_knn_k5_none.json,C:\Users\Admin\Desktop\ShiXiaoYu\data\FineTuneResNet\expert_models_runs\expert_run_stage6_9_66fold_test_16980_19100_aef_annual_64d\predictions\predictions_student_cbsa16980_knn_k5_none.csv,C:\Users\Admin\Desktop\ShiXiaoYu\data\3.26plan_tripmode_v2_66fold\folds\test_16980_19100\logs\aef_annual_64d\train.log,C:\Users\Admin\Desktop\ShiXiaoYu\data\3.26plan_tripmode_v2_66fold\folds\test_16980_19100\logs\aef_annual_64d\inference.log,0.09463293234050396,0.13696416732850888,0.3932801733287671,0.07137881405740022,0.10958800375375936,0.3114412829915113,0.04722332332095245,0.07016070406340401,0.28346418797756423,test_16980_19100,21,16980,19100,5,cosine,none
aef_annual_64d,19100,0.04409006001379801,0.06271350329477489,-1.7138683436898245,C:\Users\Admin\Desktop\ShiXiaoYu\data\FineTuneResNet\city_prototypes_per_city\per_city_cluster_20260607_133544,C:\Users\Admin\Desktop\ShiXiaoYu\data\FineTuneResNet\expert_models_runs\expert_run_stage6_9_66fold_test_16980_19100_aef_annual_64d\predictions\step6_expert_summary_student_20260607_133616.json,C:\Users\Admin\Desktop\ShiXiaoYu\data\FineTuneResNet\expert_models_runs\expert_run_stage6_9_66fold_test_16980_19100_aef_annual_64d\predictions\evaluation_student_cbsa19100_knn_k5_none.json,C:\Users\Admin\Desktop\ShiXiaoYu\data\FineTuneResNet\expert_models_runs\expert_run_stage6_9_66fold_test_16980_19100_aef_annual_64d\predictions\predictions_student_cbsa19100_knn_k5_none.csv,C:\Users\Admin\Desktop\ShiXiaoYu\data\3.26plan_tripmode_v2_66fold\folds\test_16980_19100\logs\aef_annual_64d\train.log,C:\Users\Admin\Desktop\ShiXiaoYu\data\3.26plan_tripmode_v2_66fold\folds\test_16980_19100\logs\aef_annual_64d\inference.log,0.06133475584921402,0.08805081884771163,-1.8439772547326752,0.03480645800612116,0.05139516000733642,-2.9736760729207776,0.03612896618605886,0.04869453102927659,-0.32395170341602064,test_16980_19100,21,16980,19100,5,cosine,none
clay_v1_5_768d,16980,0.09028799595766292,0.13683872002167882,-0.09238345969003033,C:\Users\Admin\Desktop\ShiXiaoYu\data\FineTuneResNet\city_prototypes_per_city\per_city_cluster_20260607_133708,C:\Users\Admin\Desktop\ShiXiaoYu\data\FineTuneResNet\expert_models_runs\expert_run_stage6_9_66fold_test_16980_19100_clay_v1_5_768d\predictions\step6_expert_summary_student_20260607_133750.json,C:\Users\Admin\Desktop\ShiXiaoYu\data\FineTuneResNet\expert_models_runs\expert_run_stage6_9_66fold_test_16980_19100_clay_v1_5_768d\predictions\evaluation_student_cbsa16980_knn_k5_none.json,C:\Users\Admin\Desktop\ShiXiaoYu\data\FineTuneResNet\expert_models_runs\expert_run_stage6_9_66fold_test_16980_19100_clay_v1_5_768d\predictions\predictions_student_cbsa16980_knn_k5_none.csv,C:\Users\Admin\Desktop\ShiXiaoYu\data\3.26plan_tripmode_v2_66fold\folds\test_16980_19100\logs\clay_v1_5_768d\train.log,C:\Users\Admin\Desktop\ShiXiaoYu\data\3.26plan_tripmode_v2_66fold\folds\test_16980_19100\logs\clay_v1_5_768d\inference.log,0.12297443010583618,0.1804996377515898,-0.05372414950765614,0.0989969970778268,0.1497692311235873,-0.2860567979007709,0.04889256068932581,0.08024729118985933,0.06263056833833602,test_16980_19100,21,16980,19100,5,cosine,none
clay_v1_5_768d,19100,0.07536435607648485,0.09596972785698987,-5.663839747664723,C:\Users\Admin\Desktop\ShiXiaoYu\data\FineTuneResNet\city_prototypes_per_city\per_city_cluster_20260607_133708,C:\Users\Admin\Desktop\ShiXiaoYu\data\FineTuneResNet\expert_models_runs\expert_run_stage6_9_66fold_test_16980_19100_clay_v1_5_768d\predictions\step6_expert_summary_student_20260607_133750.json,C:\Users\Admin\Desktop\ShiXiaoYu\data\FineTuneResNet\expert_models_runs\expert_run_stage6_9_66fold_test_16980_19100_clay_v1_5_768d\predictions\evaluation_student_cbsa19100_knn_k5_none.json,C:\Users\Admin\Desktop\ShiXiaoYu\data\FineTuneResNet\expert_models_runs\expert_run_stage6_9_66fold_test_16980_19100_clay_v1_5_768d\predictions\predictions_student_cbsa19100_knn_k5_none.csv,C:\Users\Admin\Desktop\ShiXiaoYu\data\3.26plan_tripmode_v2_66fold\folds\test_16980_19100\logs\clay_v1_5_768d\train.log,C:\Users\Admin\Desktop\ShiXiaoYu\data\3.26plan_tripmode_v2_66fold\folds\test_16980_19100\logs\clay_v1_5_768d\inference.log,0.10846311469401863,0.13711215160728613,-5.391652311464799,0.06374489744440702,0.08522408195341062,-10.446368851201576,0.0538850560910289,0.06557295001027286,-1.1534980803277928,test_16980_19100,21,16980,19100,5,cosine,none
prithvi_eo_v2_1024d,16980,0.08892734829570541,0.13321891521673188,-0.037057844020369234,C:\Users\Admin\Desktop\ShiXiaoYu\data\FineTuneResNet\city_prototypes_per_city\per_city_cluster_20260607_133842,C:\Users\Admin\Desktop\ShiXiaoYu\data\FineTuneResNet\expert_models_runs\expert_run_stage6_9_66fold_test_16980_19100_prithvi_eo_v2_1024d\predictions\step6_expert_summary_student_20260607_133924.json,C:\Users\Admin\Desktop\ShiXiaoYu\data\FineTuneResNet\expert_models_runs\expert_run_stage6_9_66fold_test_16980_19100_prithvi_eo_v2_1024d\predictions\evaluation_student_cbsa16980_knn_k5_none.json,C:\Users\Admin\Desktop\ShiXiaoYu\data\FineTuneResNet\expert_models_runs\expert_run_stage6_9_66fold_test_16980_19100_prithvi_eo_v2_1024d\predictions\predictions_student_cbsa16980_knn_k5_none.csv,C:\Users\Admin\Desktop\ShiXiaoYu\data\3.26plan_tripmode_v2_66fold\folds\test_16980_19100\logs\prithvi_eo_v2_1024d\train.log,C:\Users\Admin\Desktop\ShiXiaoYu\data\3.26plan_tripmode_v2_66fold\folds\test_16980_19100\logs\prithvi_eo_v2_1024d\inference.log,0.1237445066176804,0.17746296674288517,-0.018567322931194452,0.09600720270248136,0.14194395161597087,-0.1551775280772001,0.04703033556695446,0.08024982729133956,0.06257131894728685,test_16980_19100,21,16980,19100,5,cosine,none
prithvi_eo_v2_1024d,19100,0.0812742910740668,0.09771809874808109,-6.478191969029978,C:\Users\Admin\Desktop\ShiXiaoYu\data\FineTuneResNet\city_prototypes_per_city\per_city_cluster_20260607_133842,C:\Users\Admin\Desktop\ShiXiaoYu\data\FineTuneResNet\expert_models_runs\expert_run_stage6_9_66fold_test_16980_19100_prithvi_eo_v2_1024d\predictions\step6_expert_summary_student_20260607_133924.json,C:\Users\Admin\Desktop\ShiXiaoYu\data\FineTuneResNet\expert_models_runs\expert_run_stage6_9_66fold_test_16980_19100_prithvi_eo_v2_1024d\predictions\evaluation_student_cbsa19100_knn_k5_none.json,C:\Users\Admin\Desktop\ShiXiaoYu\data\FineTuneResNet\expert_models_runs\expert_run_stage6_9_66fold_test_16980_19100_prithvi_eo_v2_1024d\predictions\predictions_student_cbsa19100_knn_k5_none.csv,C:\Users\Admin\Desktop\ShiXiaoYu\data\3.26plan_tripmode_v2_66fold\folds\test_16980_19100\logs\prithvi_eo_v2_1024d\train.log,C:\Users\Admin\Desktop\ShiXiaoYu\data\3.26plan_tripmode_v2_66fold\folds\test_16980_19100\logs\prithvi_eo_v2_1024d\inference.log,0.11600199755055972,0.13853188570754976,-5.524702920407103,0.07988681359883835,0.09460869029682764,-13.106040752815165,0.04793406207280235,0.06001372023986588,-0.8038322338676633,test_16980_19100,21,16980,19100,5,cosine,none
imagenet_pretrain,16980,0.08691662492008552,0.1298582930928683,0.008849191579101875,C:\Users\Admin\Desktop\ShiXiaoYu\data\FineTuneResNet\city_prototypes_per_city\per_city_cluster_20260607_134019,C:\Users\Admin\Desktop\ShiXiaoYu\data\FineTuneResNet\expert_models_runs\expert_run_stage6_9_66fold_test_16980_19100_imagenet_pretrain\predictions\step6_expert_summary_student_20260607_134108.json,C:\Users\Admin\Desktop\ShiXiaoYu\data\FineTuneResNet\expert_models_runs\expert_run_stage6_9_66fold_test_16980_19100_imagenet_pretrain\predictions\evaluation_student_cbsa16980_knn_k5_none.json,C:\Users\Admin\Desktop\ShiXiaoYu\data\FineTuneResNet\expert_models_runs\expert_run_stage6_9_66fold_test_16980_19100_imagenet_pretrain\predictions\predictions_student_cbsa16980_knn_k5_none.csv,C:\Users\Admin\Desktop\ShiXiaoYu\data\3.26plan_tripmode_v2_66fold\folds\test_16980_19100\logs\imagenet_pretrain\train.log,C:\Users\Admin\Desktop\ShiXiaoYu\data\3.26plan_tripmode_v2_66fold\folds\test_16980_19100\logs\imagenet_pretrain\inference.log,0.11845130035204948,0.16969040194264481,0.06870167706907804,0.09436622873717371,0.1415249177189606,-0.14836717738253924,0.047932345671033376,0.07835955961699952,0.10621307505076683,test_16980_19100,21,16980,19100,5,cosine,none
imagenet_pretrain,19100,0.06292624126991946,0.07716969362313987,-3.2629213468995104,C:\Users\Admin\Desktop\ShiXiaoYu\data\FineTuneResNet\city_prototypes_per_city\per_city_cluster_20260607_134019,C:\Users\Admin\Desktop\ShiXiaoYu\data\FineTuneResNet\expert_models_runs\expert_run_stage6_9_66fold_test_16980_19100_imagenet_pretrain\predictions\step6_expert_summary_student_20260607_134108.json,C:\Users\Admin\Desktop\ShiXiaoYu\data\FineTuneResNet\expert_models_runs\expert_run_stage6_9_66fold_test_16980_19100_imagenet_pretrain\predictions\evaluation_student_cbsa19100_knn_k5_none.json,C:\Users\Admin\Desktop\ShiXiaoYu\data\FineTuneResNet\expert_models_runs\expert_run_stage6_9_66fold_test_16980_19100_imagenet_pretrain\predictions\predictions_student_cbsa19100_knn_k5_none.csv,C:\Users\Admin\Desktop\ShiXiaoYu\data\3.26plan_tripmode_v2_66fold\folds\test_16980_19100\logs\imagenet_pretrain\train.log,C:\Users\Admin\Desktop\ShiXiaoYu\data\3.26plan_tripmode_v2_66fold\folds\test_16980_19100\logs\imagenet_pretrain\inference.log,0.09026102509435253,0.10899318802662088,-3.038870813340411,0.05515774498150264,0.06783822687824557,-6.252572007341816,0.04335995373390317,0.054677665964553174,-0.4973212200163035,test_16980_19100,21,16980,19100,5,cosine,none
satellite_pretrain,16980,0.08473907752458452,0.1250390167244976,0.07938625625323403,C:\Users\Admin\Desktop\ShiXiaoYu\data\FineTuneResNet\city_prototypes_per_city\per_city_cluster_20260607_134201,C:\Users\Admin\Desktop\ShiXiaoYu\data\FineTuneResNet\expert_models_runs\expert_run_stage6_9_66fold_test_16980_19100_satellite_pretrain\predictions\step6_expert_summary_student_20260607_134246.json,C:\Users\Admin\Desktop\ShiXiaoYu\data\FineTuneResNet\expert_models_runs\expert_run_stage6_9_66fold_test_16980_19100_satellite_pretrain\predictions\evaluation_student_cbsa16980_knn_k5_none.json,C:\Users\Admin\Desktop\ShiXiaoYu\data\FineTuneResNet\expert_models_runs\expert_run_stage6_9_66fold_test_16980_19100_satellite_pretrain\predictions\predictions_student_cbsa16980_knn_k5_none.csv,C:\Users\Admin\Desktop\ShiXiaoYu\data\3.26plan_tripmode_v2_66fold\folds\test_16980_19100\logs\satellite_pretrain\train.log,C:\Users\Admin\Desktop\ShiXiaoYu\data\3.26plan_tripmode_v2_66fold\folds\test_16980_19100\logs\satellite_pretrain\inference.log,0.11668663960782147,0.16419919110503356,0.1280003898279578,0.09193178949448803,0.13412208009886983,-0.03137240981248213,0.04559880347144409,0.07679577896958947,0.14153078874422642,test_16980_19100,21,16980,19100,5,cosine,none
satellite_pretrain,19100,0.0639635877451858,0.07713433949582248,-3.425358561593212,C:\Users\Admin\Desktop\ShiXiaoYu\data\FineTuneResNet\city_prototypes_per_city\per_city_cluster_20260607_134201,C:\Users\Admin\Desktop\ShiXiaoYu\data\FineTuneResNet\expert_models_runs\expert_run_stage6_9_66fold_test_16980_19100_satellite_pretrain\predictions\step6_expert_summary_student_20260607_134246.json,C:\Users\Admin\Desktop\ShiXiaoYu\data\FineTuneResNet\expert_models_runs\expert_run_stage6_9_66fold_test_16980_19100_satellite_pretrain\predictions\evaluation_student_cbsa19100_knn_k5_none.json,C:\Users\Admin\Desktop\ShiXiaoYu\data\FineTuneResNet\expert_models_runs\expert_run_stage6_9_66fold_test_16980_19100_satellite_pretrain\predictions\predictions_student_cbsa19100_knn_k5_none.csv,C:\Users\Admin\Desktop\ShiXiaoYu\data\3.26plan_tripmode_v2_66fold\folds\test_16980_19100\logs\satellite_pretrain\train.log,C:\Users\Admin\Desktop\ShiXiaoYu\data\3.26plan_tripmode_v2_66fold\folds\test_16980_19100\logs\satellite_pretrain\inference.log,0.09060341317993327,0.10747214249217905,-2.926929134786276,0.05955564883169258,0.07100931866743379,-6.946461152178916,0.04173170122393157,0.05292155732785459,-0.4026853978144447,test_16980_19100,21,16980,19100,5,cosine,none
single_task_backbone_finetune,16980,0.07928861628337787,0.11053927256540574,0.21104001063496344,C:\Users\Admin\Desktop\ShiXiaoYu\data\FineTuneResNet\city_prototypes_per_city\per_city_cluster_20260607_134339,C:\Users\Admin\Desktop\ShiXiaoYu\data\FineTuneResNet\expert_models_runs\expert_run_stage6_9_66fold_test_16980_19100_single_task_backbone_finetune\predictions\step6_expert_summary_student_20260607_134427.json,C:\Users\Admin\Desktop\ShiXiaoYu\data\FineTuneResNet\expert_models_runs\expert_run_stage6_9_66fold_test_16980_19100_single_task_backbone_finetune\predictions\evaluation_student_cbsa16980_knn_k5_none.json,C:\Users\Admin\Desktop\ShiXiaoYu\data\FineTuneResNet\expert_models_runs\expert_run_stage6_9_66fold_test_16980_19100_single_task_backbone_finetune\predictions\predictions_student_cbsa16980_knn_k5_none.csv,C:\Users\Admin\Desktop\ShiXiaoYu\data\3.26plan_tripmode_v2_66fold\folds\test_16980_19100\logs\single_task_backbone_finetune\train.log,C:\Users\Admin\Desktop\ShiXiaoYu\data\3.26plan_tripmode_v2_66fold\folds\test_16980_19100\logs\single_task_backbone_finetune\inference.log,0.0982375427270463,0.13328247197405504,0.4254599047880143,0.08172646879043217,0.11298045129282407,0.26815087284396666,0.05790183733265515,0.08535489442933811,-0.06049074572709068,test_16980_19100,21,16980,19100,5,cosine,none
single_task_backbone_finetune,19100,0.04283160023390467,0.05764720366485015,-1.2438003882226838,C:\Users\Admin\Desktop\ShiXiaoYu\data\FineTuneResNet\city_prototypes_per_city\per_city_cluster_20260607_134339,C:\Users\Admin\Desktop\ShiXiaoYu\data\FineTuneResNet\expert_models_runs\expert_run_stage6_9_66fold_test_16980_19100_single_task_backbone_finetune\predictions\step6_expert_summary_student_20260607_134427.json,C:\Users\Admin\Desktop\ShiXiaoYu\data\FineTuneResNet\expert_models_runs\expert_run_stage6_9_66fold_test_16980_19100_single_task_backbone_finetune\predictions\evaluation_student_cbsa19100_knn_k5_none.json,C:\Users\Admin\Desktop\ShiXiaoYu\data\FineTuneResNet\expert_models_runs\expert_run_stage6_9_66fold_test_16980_19100_single_task_backbone_finetune\predictions\predictions_student_cbsa19100_knn_k5_none.csv,C:\Users\Admin\Desktop\ShiXiaoYu\data\3.26plan_tripmode_v2_66fold\folds\test_16980_19100\logs\single_task_backbone_finetune\train.log,C:\Users\Admin\Desktop\ShiXiaoYu\data\3.26plan_tripmode_v2_66fold\folds\test_16980_19100\logs\single_task_backbone_finetune\inference.log,0.059543152342155424,0.07872025214646833,-1.1068528477445052,0.034824848140496995,0.04726117533705239,-2.5200765587867875,0.034126800219061594,0.04696018351102973,-0.10447175813675846,test_16980_19100,21,16980,19100,5,cosine,none
aef_annual_64d,16980,0.07209948257358836,0.10662681489404356,0.3148451399170312,C:\Users\Admin\Desktop\ShiXiaoYu\data\FineTuneResNet\city_prototypes_per_city\per_city_cluster_20260607_134513,C:\Users\Admin\Desktop\ShiXiaoYu\data\FineTuneResNet\expert_models_runs\expert_run_stage6_9_66fold_test_16980_26420_aef_annual_64d\predictions\step6_expert_summary_student_20260607_134543.json,C:\Users\Admin\Desktop\ShiXiaoYu\data\FineTuneResNet\expert_models_runs\expert_run_stage6_9_66fold_test_16980_26420_aef_annual_64d\predictions\evaluation_student_cbsa16980_knn_k5_none.json,C:\Users\Admin\Desktop\ShiXiaoYu\data\FineTuneResNet\expert_models_runs\expert_run_stage6_9_66fold_test_16980_26420_aef_annual_64d\predictions\predictions_student_cbsa16980_knn_k5_none.csv,C:\Users\Admin\Desktop\ShiXiaoYu\data\3.26plan_tripmode_v2_66fold\folds\test_16980_26420\logs\aef_annual_64d\train.log,C:\Users\Admin\Desktop\ShiXiaoYu\data\3.26plan_tripmode_v2_66fold\folds\test_16980_26420\logs\aef_annual_64d\inference.log,0.09564288549846256,0.13803142600166227,0.3837879118834584,0.0723042724792395,0.11072691392564733,0.29705500907156046,0.04835128974306305,0.07112210475482104,0.2636924987960748,test_16980_26420,22,16980,26420,5,cosine,none
aef_annual_64d,26420,0.04711335267500564,0.07075659310336274,-0.2126105484004386,C:\Users\Admin\Desktop\ShiXiaoYu\data\FineTuneResNet\city_prototypes_per_city\per_city_cluster_20260607_134513,C:\Users\Admin\Desktop\ShiXiaoYu\data\FineTuneResNet\expert_models_runs\expert_run_stage6_9_66fold_test_16980_26420_aef_annual_64d\predictions\step6_expert_summary_student_20260607_134543.json,C:\Users\Admin\Desktop\ShiXiaoYu\data\FineTuneResNet\expert_models_runs\expert_run_stage6_9_66fold_test_16980_26420_aef_annual_64d\predictions\evaluation_student_cbsa26420_knn_k5_none.json,C:\Users\Admin\Desktop\ShiXiaoYu\data\FineTuneResNet\expert_models_runs\expert_run_stage6_9_66fold_test_16980_26420_aef_annual_64d\predictions\predictions_student_cbsa26420_knn_k5_none.csv,C:\Users\Admin\Desktop\ShiXiaoYu\data\3.26plan_tripmode_v2_66fold\folds\test_16980_26420\logs\aef_annual_64d\train.log,C:\Users\Admin\Desktop\ShiXiaoYu\data\3.26plan_tripmode_v2_66fold\folds\test_16980_26420\logs\aef_annual_64d\inference.log,0.06351266085163704,0.09264636396493152,-0.11269020276255759,0.035254052252506114,0.05277681501031541,-0.5899015089946593,0.04257334492087379,0.06684660033484131,0.06476006655590105,test_16980_26420,22,16980,26420,5,cosine,none
clay_v1_5_768d,16980,0.09072099665369442,0.1391957033848227,-0.12256913632930326,C:\Users\Admin\Desktop\ShiXiaoYu\data\FineTuneResNet\city_prototypes_per_city\per_city_cluster_20260607_134633,C:\Users\Admin\Desktop\ShiXiaoYu\data\FineTuneResNet\expert_models_runs\expert_run_stage6_9_66fold_test_16980_26420_clay_v1_5_768d\predictions\step6_expert_summary_student_20260607_134713.json,C:\Users\Admin\Desktop\ShiXiaoYu\data\FineTuneResNet\expert_models_runs\expert_run_stage6_9_66fold_test_16980_26420_clay_v1_5_768d\predictions\evaluation_student_cbsa16980_knn_k5_none.json,C:\Users\Admin\Desktop\ShiXiaoYu\data\FineTuneResNet\expert_models_runs\expert_run_stage6_9_66fold_test_16980_26420_clay_v1_5_768d\predictions\predictions_student_cbsa16980_knn_k5_none.csv,C:\Users\Admin\Desktop\ShiXiaoYu\data\3.26plan_tripmode_v2_66fold\folds\test_16980_26420\logs\clay_v1_5_768d\train.log,C:\Users\Admin\Desktop\ShiXiaoYu\data\3.26plan_tripmode_v2_66fold\folds\test_16980_26420\logs\clay_v1_5_768d\inference.log,0.1253176943125647,0.18603108766390955,-0.11929693531460805,0.10053918060864657,0.1515757542170527,-0.31726885806355276,0.04630611503987195,0.07998026827350585,0.06885838439025105,test_16980_26420,22,16980,26420,5,cosine,none
clay_v1_5_768d,26420,0.07139357533828287,0.09664674273743941,-1.737744269036537,C:\Users\Admin\Desktop\ShiXiaoYu\data\FineTuneResNet\city_prototypes_per_city\per_city_cluster_20260607_134633,C:\Users\Admin\Desktop\ShiXiaoYu\data\FineTuneResNet\expert_models_runs\expert_run_stage6_9_66fold_test_16980_26420_clay_v1_5_768d\predictions\step6_expert_summary_student_20260607_134713.json,C:\Users\Admin\Desktop\ShiXiaoYu\data\FineTuneResNet\expert_models_runs\expert_run_stage6_9_66fold_test_16980_26420_clay_v1_5_768d\predictions\evaluation_student_cbsa26420_knn_k5_none.json,C:\Users\Admin\Desktop\ShiXiaoYu\data\FineTuneResNet\expert_models_runs\expert_run_stage6_9_66fold_test_16980_26420_clay_v1_5_768d\predictions\predictions_student_cbsa26420_knn_k5_none.csv,C:\Users\Admin\Desktop\ShiXiaoYu\data\3.26plan_tripmode_v2_66fold\folds\test_16980_26420\logs\clay_v1_5_768d\train.log,C:\Users\Admin\Desktop\ShiXiaoYu\data\3.26plan_tripmode_v2_66fold\folds\test_16980_26420\logs\clay_v1_5_768d\inference.log,0.0982905818604645,0.1298793462173218,-1.2795052442035177,0.06485280289867092,0.08912370786374521,-3.84433983718026,0.05103734125571317,0.07093717413125122,-0.08938772572583353,test_16980_26420,22,16980,26420,5,cosine,none
prithvi_eo_v2_1024d,16980,0.09275478632282157,0.13953818303492807,-0.12453496121012138,C:\Users\Admin\Desktop\ShiXiaoYu\data\FineTuneResNet\city_prototypes_per_city\per_city_cluster_20260607_134804,C:\Users\Admin\Desktop\ShiXiaoYu\data\FineTuneResNet\expert_models_runs\expert_run_stage6_9_66fold_test_16980_26420_prithvi_eo_v2_1024d\predictions\step6_expert_summary_student_20260607_134843.json,C:\Users\Admin\Desktop\ShiXiaoYu\data\FineTuneResNet\expert_models_runs\expert_run_stage6_9_66fold_test_16980_26420_prithvi_eo_v2_1024d\predictions\evaluation_student_cbsa16980_knn_k5_none.json,C:\Users\Admin\Desktop\ShiXiaoYu\data\FineTuneResNet\expert_models_runs\expert_run_stage6_9_66fold_test_16980_26420_prithvi_eo_v2_1024d\predictions\predictions_student_cbsa16980_knn_k5_none.csv,C:\Users\Admin\Desktop\ShiXiaoYu\data\3.26plan_tripmode_v2_66fold\folds\test_16980_26420\logs\prithvi_eo_v2_1024d\train.log,C:\Users\Admin\Desktop\ShiXiaoYu\data\3.26plan_tripmode_v2_66fold\folds\test_16980_26420\logs\prithvi_eo_v2_1024d\inference.log,0.13109976992133604,0.1891257252642179,-0.15684580773735868,0.10081717274616997,0.14886532926194374,-0.27058017160582026,0.04634741630095866,0.08062349457862261,0.05382109571281479,test_16980_26420,22,16980,26420,5,cosine,none
prithvi_eo_v2_1024d,26420,0.08033350897868756,0.10065619759760074,-1.9832604315693694,C:\Users\Admin\Desktop\ShiXiaoYu\data\FineTuneResNet\city_prototypes_per_city\per_city_cluster_20260607_134804,C:\Users\Admin\Desktop\ShiXiaoYu\data\FineTuneResNet\expert_models_runs\expert_run_stage6_9_66fold_test_16980_26420_prithvi_eo_v2_1024d\predictions\step6_expert_summary_student_20260607_134843.json,C:\Users\Admin\Desktop\ShiXiaoYu\data\FineTuneResNet\expert_models_runs\expert_run_stage6_9_66fold_test_16980_26420_prithvi_eo_v2_1024d\predictions\evaluation_student_cbsa26420_knn_k5_none.json,C:\Users\Admin\Desktop\ShiXiaoYu\data\FineTuneResNet\expert_models_runs\expert_run_stage6_9_66fold_test_16980_26420_prithvi_eo_v2_1024d\predictions\predictions_student_cbsa26420_knn_k5_none.csv,C:\Users\Admin\Desktop\ShiXiaoYu\data\3.26plan_tripmode_v2_66fold\folds\test_16980_26420\logs\prithvi_eo_v2_1024d\train.log,C:\Users\Admin\Desktop\ShiXiaoYu\data\3.26plan_tripmode_v2_66fold\folds\test_16980_26420\logs\prithvi_eo_v2_1024d\inference.log,0.11114198020874219,0.13686554440661086,-1.5313294189140816,0.07659735227121418,0.09321921823101259,-4.299794401251186,0.05326119445610629,0.07188383015517877,-0.11865747454284059,test_16980_26420,22,16980,26420,5,cosine,none
imagenet_pretrain,16980,0.0877116914489675,0.13258868162524096,-0.026891102228434494,C:\Users\Admin\Desktop\ShiXiaoYu\data\FineTuneResNet\city_prototypes_per_city\per_city_cluster_20260607_134937,C:\Users\Admin\Desktop\ShiXiaoYu\data\FineTuneResNet\expert_models_runs\expert_run_stage6_9_66fold_test_16980_26420_imagenet_pretrain\predictions\step6_expert_summary_student_20260607_135023.json,C:\Users\Admin\Desktop\ShiXiaoYu\data\FineTuneResNet\expert_models_runs\expert_run_stage6_9_66fold_test_16980_26420_imagenet_pretrain\predictions\evaluation_student_cbsa16980_knn_k5_none.json,C:\Users\Admin\Desktop\ShiXiaoYu\data\FineTuneResNet\expert_models_runs\expert_run_stage6_9_66fold_test_16980_26420_imagenet_pretrain\predictions\predictions_student_cbsa16980_knn_k5_none.csv,C:\Users\Admin\Desktop\ShiXiaoYu\data\3.26plan_tripmode_v2_66fold\folds\test_16980_26420\logs\imagenet_pretrain\train.log,C:\Users\Admin\Desktop\ShiXiaoYu\data\3.26plan_tripmode_v2_66fold\folds\test_16980_26420\logs\imagenet_pretrain\inference.log,0.1201676696528303,0.1752230536506114,0.0069828402383420585,0.09550767244298666,0.14387543722738044,-0.18682930617544335,0.04745973225108553,0.07866755399773105,0.09917315925179782,test_16980_26420,22,16980,26420,5,cosine,none
imagenet_pretrain,26420,0.06560188392557469,0.08503475659233826,-1.0115424449155823,C:\Users\Admin\Desktop\ShiXiaoYu\data\FineTuneResNet\city_prototypes_per_city\per_city_cluster_20260607_134937,C:\Users\Admin\Desktop\ShiXiaoYu\data\FineTuneResNet\expert_models_runs\expert_run_stage6_9_66fold_test_16980_26420_imagenet_pretrain\predictions\step6_expert_summary_student_20260607_135023.json,C:\Users\Admin\Desktop\ShiXiaoYu\data\FineTuneResNet\expert_models_runs\expert_run_stage6_9_66fold_test_16980_26420_imagenet_pretrain\predictions\evaluation_student_cbsa26420_knn_k5_none.json,C:\Users\Admin\Desktop\ShiXiaoYu\data\FineTuneResNet\expert_models_runs\expert_run_stage6_9_66fold_test_16980_26420_imagenet_pretrain\predictions\predictions_student_cbsa26420_knn_k5_none.csv,C:\Users\Admin\Desktop\ShiXiaoYu\data\3.26plan_tripmode_v2_66fold\folds\test_16980_26420\logs\imagenet_pretrain\train.log,C:\Users\Admin\Desktop\ShiXiaoYu\data\3.26plan_tripmode_v2_66fold\folds\test_16980_26420\logs\imagenet_pretrain\inference.log,0.08946958887007349,0.11252630711109064,-0.7110730099061098,0.057712856440986664,0.0734291275554026,-2.2884015593570406,0.04962320646566391,0.06914883511052154,-0.03515276548359636,test_16980_26420,22,16980,26420,5,cosine,none
satellite_pretrain,16980,0.0829083337582402,0.12254289506545646,0.11338318794790359,C:\Users\Admin\Desktop\ShiXiaoYu\data\FineTuneResNet\city_prototypes_per_city\per_city_cluster_20260607_135118,C:\Users\Admin\Desktop\ShiXiaoYu\data\FineTuneResNet\expert_models_runs\expert_run_stage6_9_66fold_test_16980_26420_satellite_pretrain\predictions\step6_expert_summary_student_20260607_135201.json,C:\Users\Admin\Desktop\ShiXiaoYu\data\FineTuneResNet\expert_models_runs\expert_run_stage6_9_66fold_test_16980_26420_satellite_pretrain\predictions\evaluation_student_cbsa16980_knn_k5_none.json,C:\Users\Admin\Desktop\ShiXiaoYu\data\FineTuneResNet\expert_models_runs\expert_run_stage6_9_66fold_test_16980_26420_satellite_pretrain\predictions\predictions_student_cbsa16980_knn_k5_none.csv,C:\Users\Admin\Desktop\ShiXiaoYu\data\3.26plan_tripmode_v2_66fold\folds\test_16980_26420\logs\satellite_pretrain\train.log,C:\Users\Admin\Desktop\ShiXiaoYu\data\3.26plan_tripmode_v2_66fold\folds\test_16980_26420\logs\satellite_pretrain\inference.log,0.113925355981896,0.1600020001596179,0.17201000770652441,0.09025204651121395,0.13195122214912755,0.0017443360166454758,0.044547598781610624,0.07567546288762395,0.16639522012054087,test_16980_26420,22,16980,26420,5,cosine,none
satellite_pretrain,26420,0.06447093082100533,0.0822766971777291,-0.8646367962667311,C:\Users\Admin\Desktop\ShiXiaoYu\data\FineTuneResNet\city_prototypes_per_city\per_city_cluster_20260607_135118,C:\Users\Admin\Desktop\ShiXiaoYu\data\FineTuneResNet\expert_models_runs\expert_run_stage6_9_66fold_test_16980_26420_satellite_pretrain\predictions\step6_expert_summary_student_20260607_135201.json,C:\Users\Admin\Desktop\ShiXiaoYu\data\FineTuneResNet\expert_models_runs\expert_run_stage6_9_66fold_test_16980_26420_satellite_pretrain\predictions\evaluation_student_cbsa26420_knn_k5_none.json,C:\Users\Admin\Desktop\ShiXiaoYu\data\FineTuneResNet\expert_models_runs\expert_run_stage6_9_66fold_test_16980_26420_satellite_pretrain\predictions\predictions_student_cbsa26420_knn_k5_none.csv,C:\Users\Admin\Desktop\ShiXiaoYu\data\3.26plan_tripmode_v2_66fold\folds\test_16980_26420\logs\satellite_pretrain\train.log,C:\Users\Admin\Desktop\ShiXiaoYu\data\3.26plan_tripmode_v2_66fold\folds\test_16980_26420\logs\satellite_pretrain\inference.log,0.08807084541791461,0.10882166900093831,-0.600262295844342,0.05671113436605905,0.07007000488561682,-1.994417861456697,0.04863081267904231,0.06793841764663215,0.0007697685008463129,test_16980_26420,22,16980,26420,5,cosine,none
single_task_backbone_finetune,16980,0.0780835803401442,0.10919635724177372,0.23938674121376183,C:\Users\Admin\Desktop\ShiXiaoYu\data\FineTuneResNet\city_prototypes_per_city\per_city_cluster_20260607_135254,C:\Users\Admin\Desktop\ShiXiaoYu\data\FineTuneResNet\expert_models_runs\expert_run_stage6_9_66fold_test_16980_26420_single_task_backbone_finetune\predictions\step6_expert_summary_student_20260607_135341.json,C:\Users\Admin\Desktop\ShiXiaoYu\data\FineTuneResNet\expert_models_runs\expert_run_stage6_9_66fold_test_16980_26420_single_task_backbone_finetune\predictions\evaluation_student_cbsa16980_knn_k5_none.json,C:\Users\Admin\Desktop\ShiXiaoYu\data\FineTuneResNet\expert_models_runs\expert_run_stage6_9_66fold_test_16980_26420_single_task_backbone_finetune\predictions\predictions_student_cbsa16980_knn_k5_none.csv,C:\Users\Admin\Desktop\ShiXiaoYu\data\3.26plan_tripmode_v2_66fold\folds\test_16980_26420\logs\single_task_backbone_finetune\train.log,C:\Users\Admin\Desktop\ShiXiaoYu\data\3.26plan_tripmode_v2_66fold\folds\test_16980_26420\logs\single_task_backbone_finetune\inference.log,0.09663527786858869,0.13179085310332866,0.4382477732116503,0.08234624869968163,0.11390540597379097,0.25611873416513675,0.0552692144521623,0.08189281264820153,0.023793716264498443,test_16980_26420,22,16980,26420,5,cosine,none
single_task_backbone_finetune,26420,0.044951858287863446,0.07060032486838434,-0.26969135840746516,C:\Users\Admin\Desktop\ShiXiaoYu\data\FineTuneResNet\city_prototypes_per_city\per_city_cluster_20260607_135254,C:\Users\Admin\Desktop\ShiXiaoYu\data\FineTuneResNet\expert_models_runs\expert_run_stage6_9_66fold_test_16980_26420_single_task_backbone_finetune\predictions\step6_expert_summary_student_20260607_135341.json,C:\Users\Admin\Desktop\ShiXiaoYu\data\FineTuneResNet\expert_models_runs\expert_run_stage6_9_66fold_test_16980_26420_single_task_backbone_finetune\predictions\evaluation_student_cbsa26420_knn_k5_none.json,C:\Users\Admin\Desktop\ShiXiaoYu\data\FineTuneResNet\expert_models_runs\expert_run_stage6_9_66fold_test_16980_26420_single_task_backbone_finetune\predictions\predictions_student_cbsa26420_knn_k5_none.csv,C:\Users\Admin\Desktop\ShiXiaoYu\data\3.26plan_tripmode_v2_66fold\folds\test_16980_26420\logs\single_task_backbone_finetune\train.log,C:\Users\Admin\Desktop\ShiXiaoYu\data\3.26plan_tripmode_v2_66fold\folds\test_16980_26420\logs\single_task_backbone_finetune\inference.log,0.061090057339104234,0.09206209549433324,-0.14530754031343407,0.03367918074124643,0.0526145549981023,-0.6883400093715981,0.04008633678323968,0.06712432411271749,0.02457347446263669,test_16980_26420,22,16980,26420,5,cosine,none
aef_annual_64d,16980,0.0797275565985131,0.1149801599008385,0.21829773746638428,C:\Users\Admin\Desktop\ShiXiaoYu\data\FineTuneResNet\city_prototypes_per_city\per_city_cluster_20260607_135426,C:\Users\Admin\Desktop\ShiXiaoYu\data\FineTuneResNet\expert_models_runs\expert_run_stage6_9_66fold_test_16980_31080_aef_annual_64d\predictions\step6_expert_summary_student_20260607_135458.json,C:\Users\Admin\Desktop\ShiXiaoYu\data\FineTuneResNet\expert_models_runs\expert_run_stage6_9_66fold_test_16980_31080_aef_annual_64d\predictions\evaluation_student_cbsa16980_knn_k5_none.json,C:\Users\Admin\Desktop\ShiXiaoYu\data\FineTuneResNet\expert_models_runs\expert_run_stage6_9_66fold_test_16980_31080_aef_annual_64d\predictions\predictions_student_cbsa16980_knn_k5_none.csv,C:\Users\Admin\Desktop\ShiXiaoYu\data\3.26plan_tripmode_v2_66fold\folds\test_16980_31080\logs\aef_annual_64d\train.log,C:\Users\Admin\Desktop\ShiXiaoYu\data\3.26plan_tripmode_v2_66fold\folds\test_16980_31080\logs\aef_annual_64d\inference.log,0.10996157380853466,0.15495673205696445,0.22340397776051168,0.07824959305179083,0.1159674240492259,0.22894213809824282,0.05097150293521383,0.07401632359632518,0.20254709654039837,test_16980_31080,23,16980,31080,5,cosine,none
aef_annual_64d,31080,0.17937966867035993,0.20845214639622522,-6.419015922248782,C:\Users\Admin\Desktop\ShiXiaoYu\data\FineTuneResNet\city_prototypes_per_city\per_city_cluster_20260607_135426,C:\Users\Admin\Desktop\ShiXiaoYu\data\FineTuneResNet\expert_models_runs\expert_run_stage6_9_66fold_test_16980_31080_aef_annual_64d\predictions\step6_expert_summary_student_20260607_135458.json,C:\Users\Admin\Desktop\ShiXiaoYu\data\FineTuneResNet\expert_models_runs\expert_run_stage6_9_66fold_test_16980_31080_aef_annual_64d\predictions\evaluation_student_cbsa31080_knn_k5_none.json,C:\Users\Admin\Desktop\ShiXiaoYu\data\FineTuneResNet\expert_models_runs\expert_run_stage6_9_66fold_test_16980_31080_aef_annual_64d\predictions\predictions_student_cbsa31080_knn_k5_none.csv,C:\Users\Admin\Desktop\ShiXiaoYu\data\3.26plan_tripmode_v2_66fold\folds\test_16980_31080\logs\aef_annual_64d\train.log,C:\Users\Admin\Desktop\ShiXiaoYu\data\3.26plan_tripmode_v2_66fold\folds\test_16980_31080\logs\aef_annual_64d\inference.log,0.2594930662144574,0.29624463110883065,-7.4730662033945805,0.19639185006525836,0.22883986564331132,-10.504757517621758,0.08225408973136408,0.10027194243653365,-1.2792240457300066,test_16980_31080,23,16980,31080,5,cosine,none
clay_v1_5_768d,16980,0.08921897425441888,0.1389750883385121,-0.12023072058253333,C:\Users\Admin\Desktop\ShiXiaoYu\data\FineTuneResNet\city_prototypes_per_city\per_city_cluster_20260607_135547,C:\Users\Admin\Desktop\ShiXiaoYu\data\FineTuneResNet\expert_models_runs\expert_run_stage6_9_66fold_test_16980_31080_clay_v1_5_768d\predictions\step6_expert_summary_student_20260607_135629.json,C:\Users\Admin\Desktop\ShiXiaoYu\data\FineTuneResNet\expert_models_runs\expert_run_stage6_9_66fold_test_16980_31080_clay_v1_5_768d\predictions\evaluation_student_cbsa16980_knn_k5_none.json,C:\Users\Admin\Desktop\ShiXiaoYu\data\FineTuneResNet\expert_models_runs\expert_run_stage6_9_66fold_test_16980_31080_clay_v1_5_768d\predictions\predictions_student_cbsa16980_knn_k5_none.csv,C:\Users\Admin\Desktop\ShiXiaoYu\data\3.26plan_tripmode_v2_66fold\folds\test_16980_31080\logs\clay_v1_5_768d\train.log,C:\Users\Admin\Desktop\ShiXiaoYu\data\3.26plan_tripmode_v2_66fold\folds\test_16980_31080\logs\clay_v1_5_768d\inference.log,0.12227552154113759,0.18439321355083507,-0.09967443913180518,0.1002625112207816,0.15333505361865793,-0.3480246930726547,0.04511889000133745,0.07919699784604332,0.0870069704568599,test_16980_31080,23,16980,31080,5,cosine,none
clay_v1_5_768d,31080,0.07298850177641926,0.10031276012238806,-0.629242248596408,C:\Users\Admin\Desktop\ShiXiaoYu\data\FineTuneResNet\city_prototypes_per_city\per_city_cluster_20260607_135547,C:\Users\Admin\Desktop\ShiXiaoYu\data\FineTuneResNet\expert_models_runs\expert_run_stage6_9_66fold_test_16980_31080_clay_v1_5_768d\predictions\step6_expert_summary_student_20260607_135629.json,C:\Users\Admin\Desktop\ShiXiaoYu\data\FineTuneResNet\expert_models_runs\expert_run_stage6_9_66fold_test_16980_31080_clay_v1_5_768d\predictions\evaluation_student_cbsa31080_knn_k5_none.json,C:\Users\Admin\Desktop\ShiXiaoYu\data\FineTuneResNet\expert_models_runs\expert_run_stage6_9_66fold_test_16980_31080_clay_v1_5_768d\predictions\predictions_student_cbsa31080_knn_k5_none.csv,C:\Users\Admin\Desktop\ShiXiaoYu\data\3.26plan_tripmode_v2_66fold\folds\test_16980_31080\logs\clay_v1_5_768d\train.log,C:\Users\Admin\Desktop\ShiXiaoYu\data\3.26plan_tripmode_v2_66fold\folds\test_16980_31080\logs\clay_v1_5_768d\inference.log,0.09981637983811506,0.13402476924107656,-0.7342422381535816,0.06963783413193246,0.09482747572567087,-0.975524778404903,0.0495112913592103,0.07208603540041678,-0.17795972923073933,test_16980_31080,23,16980,31080,5,cosine,none
prithvi_eo_v2_1024d,16980,0.09167949485425457,0.13979865096995442,-0.12984179958145248,C:\Users\Admin\Desktop\ShiXiaoYu\data\FineTuneResNet\city_prototypes_per_city\per_city_cluster_20260607_135718,C:\Users\Admin\Desktop\ShiXiaoYu\data\FineTuneResNet\expert_models_runs\expert_run_stage6_9_66fold_test_16980_31080_prithvi_eo_v2_1024d\predictions\step6_expert_summary_student_20260607_135759.json,C:\Users\Admin\Desktop\ShiXiaoYu\data\FineTuneResNet\expert_models_runs\expert_run_stage6_9_66fold_test_16980_31080_prithvi_eo_v2_1024d\predictions\evaluation_student_cbsa16980_knn_k5_none.json,C:\Users\Admin\Desktop\ShiXiaoYu\data\FineTuneResNet\expert_models_runs\expert_run_stage6_9_66fold_test_16980_31080_prithvi_eo_v2_1024d\predictions\predictions_student_cbsa16980_knn_k5_none.csv,C:\Users\Admin\Desktop\ShiXiaoYu\data\3.26plan_tripmode_v2_66fold\folds\test_16980_31080\logs\prithvi_eo_v2_1024d\train.log,C:\Users\Admin\Desktop\ShiXiaoYu\data\3.26plan_tripmode_v2_66fold\folds\test_16980_31080\logs\prithvi_eo_v2_1024d\inference.log,0.12848334385112717,0.18803016615781964,-0.14348197678563723,0.10079694857660819,0.15122816479584839,-0.3112343344522688,0.04575819213502838,0.08013762195619521,0.06519091249354858,test_16980_31080,23,16980,31080,5,cosine,none
prithvi_eo_v2_1024d,31080,0.058282003430152385,0.08260532708295969,-0.11343243019165201,C:\Users\Admin\Desktop\ShiXiaoYu\data\FineTuneResNet\city_prototypes_per_city\per_city_cluster_20260607_135718,C:\Users\Admin\Desktop\ShiXiaoYu\data\FineTuneResNet\expert_models_runs\expert_run_stage6_9_66fold_test_16980_31080_prithvi_eo_v2_1024d\predictions\step6_expert_summary_student_20260607_135759.json,C:\Users\Admin\Desktop\ShiXiaoYu\data\FineTuneResNet\expert_models_runs\expert_run_stage6_9_66fold_test_16980_31080_prithvi_eo_v2_1024d\predictions\evaluation_student_cbsa31080_knn_k5_none.json,C:\Users\Admin\Desktop\ShiXiaoYu\data\FineTuneResNet\expert_models_runs\expert_run_stage6_9_66fold_test_16980_31080_prithvi_eo_v2_1024d\predictions\predictions_student_cbsa31080_knn_k5_none.csv,C:\Users\Admin\Desktop\ShiXiaoYu\data\3.26plan_tripmode_v2_66fold\folds\test_16980_31080\logs\prithvi_eo_v2_1024d\train.log,C:\Users\Admin\Desktop\ShiXiaoYu\data\3.26plan_tripmode_v2_66fold\folds\test_16980_31080\logs\prithvi_eo_v2_1024d\inference.log,0.07801244675343662,0.10582410892650003,-0.08120703707888866,0.05661308524215293,0.07677025998819365,-0.2947923480335606,0.04022047829486761,0.0652216123341854,0.03570209453749318,test_16980_31080,23,16980,31080,5,cosine,none
imagenet_pretrain,16980,0.08901362831320304,0.1364097511761024,-0.07952173726514215,C:\Users\Admin\Desktop\ShiXiaoYu\data\FineTuneResNet\city_prototypes_per_city\per_city_cluster_20260607_135851,C:\Users\Admin\Desktop\ShiXiaoYu\data\FineTuneResNet\expert_models_runs\expert_run_stage6_9_66fold_test_16980_31080_imagenet_pretrain\predictions\step6_expert_summary_student_20260607_135938.json,C:\Users\Admin\Desktop\ShiXiaoYu\data\FineTuneResNet\expert_models_runs\expert_run_stage6_9_66fold_test_16980_31080_imagenet_pretrain\predictions\evaluation_student_cbsa16980_knn_k5_none.json,C:\Users\Admin\Desktop\ShiXiaoYu\data\FineTuneResNet\expert_models_runs\expert_run_stage6_9_66fold_test_16980_31080_imagenet_pretrain\predictions\predictions_student_cbsa16980_knn_k5_none.csv,C:\Users\Admin\Desktop\ShiXiaoYu\data\3.26plan_tripmode_v2_66fold\folds\test_16980_31080\logs\imagenet_pretrain\train.log,C:\Users\Admin\Desktop\ShiXiaoYu\data\3.26plan_tripmode_v2_66fold\folds\test_16980_31080\logs\imagenet_pretrain\inference.log,0.12357894933465162,0.18255621236034894,-0.07787276146126376,0.09724719222385647,0.14735869044669125,-0.24499169850536862,0.04621474338110102,0.0793143507212671,0.08429924817120593,test_16980_31080,23,16980,31080,5,cosine,none
imagenet_pretrain,31080,0.06568627318302539,0.09071919194646644,-0.3304665784792662,C:\Users\Admin\Desktop\ShiXiaoYu\data\FineTuneResNet\city_prototypes_per_city\per_city_cluster_20260607_135851,C:\Users\Admin\Desktop\ShiXiaoYu\data\FineTuneResNet\expert_models_runs\expert_run_stage6_9_66fold_test_16980_31080_imagenet_pretrain\predictions\step6_expert_summary_student_20260607_135938.json,C:\Users\Admin\Desktop\ShiXiaoYu\data\FineTuneResNet\expert_models_runs\expert_run_stage6_9_66fold_test_16980_31080_imagenet_pretrain\predictions\evaluation_student_cbsa31080_knn_k5_none.json,C:\Users\Admin\Desktop\ShiXiaoYu\data\FineTuneResNet\expert_models_runs\expert_run_stage6_9_66fold_test_16980_31080_imagenet_pretrain\predictions\predictions_student_cbsa31080_knn_k5_none.csv,C:\Users\Admin\Desktop\ShiXiaoYu\data\3.26plan_tripmode_v2_66fold\folds\test_16980_31080\logs\imagenet_pretrain\train.log,C:\Users\Admin\Desktop\ShiXiaoYu\data\3.26plan_tripmode_v2_66fold\folds\test_16980_31080\logs\imagenet_pretrain\inference.log,0.09004273056760043,0.1199942543837881,-0.3901463574782946,0.06193370582865545,0.08363390220557522,-0.5366636662157065,0.0450823831528203,0.068529419250036,-0.06458971174379746,test_16980_31080,23,16980,31080,5,cosine,none
satellite_pretrain,16980,0.08541043323234336,0.12785119650827007,0.04407045179387122,C:\Users\Admin\Desktop\ShiXiaoYu\data\FineTuneResNet\city_prototypes_per_city\per_city_cluster_20260607_140029,C:\Users\Admin\Desktop\ShiXiaoYu\data\FineTuneResNet\expert_models_runs\expert_run_stage6_9_66fold_test_16980_31080_satellite_pretrain\predictions\step6_expert_summary_student_20260607_140113.json,C:\Users\Admin\Desktop\ShiXiaoYu\data\FineTuneResNet\expert_models_runs\expert_run_stage6_9_66fold_test_16980_31080_satellite_pretrain\predictions\evaluation_student_cbsa16980_knn_k5_none.json,C:\Users\Admin\Desktop\ShiXiaoYu\data\FineTuneResNet\expert_models_runs\expert_run_stage6_9_66fold_test_16980_31080_satellite_pretrain\predictions\predictions_student_cbsa16980_knn_k5_none.csv,C:\Users\Admin\Desktop\ShiXiaoYu\data\3.26plan_tripmode_v2_66fold\folds\test_16980_31080\logs\satellite_pretrain\train.log,C:\Users\Admin\Desktop\ShiXiaoYu\data\3.26plan_tripmode_v2_66fold\folds\test_16980_31080\logs\satellite_pretrain\inference.log,0.11843506652018669,0.16900490684368022,0.07621077554113609,0.0935577568788037,0.13812895464595232,-0.09391706939212052,0.044238476298039696,0.07641972803517774,0.1499176492325981,test_16980_31080,23,16980,31080,5,cosine,none
satellite_pretrain,31080,0.04519523784671767,0.07124728112957505,0.1666815940049037,C:\Users\Admin\Desktop\ShiXiaoYu\data\FineTuneResNet\city_prototypes_per_city\per_city_cluster_20260607_140029,C:\Users\Admin\Desktop\ShiXiaoYu\data\FineTuneResNet\expert_models_runs\expert_run_stage6_9_66fold_test_16980_31080_satellite_pretrain\predictions\step6_expert_summary_student_20260607_140113.json,C:\Users\Admin\Desktop\ShiXiaoYu\data\FineTuneResNet\expert_models_runs\expert_run_stage6_9_66fold_test_16980_31080_satellite_pretrain\predictions\evaluation_student_cbsa31080_knn_k5_none.json,C:\Users\Admin\Desktop\ShiXiaoYu\data\FineTuneResNet\expert_models_runs\expert_run_stage6_9_66fold_test_16980_31080_satellite_pretrain\predictions\predictions_student_cbsa31080_knn_k5_none.csv,C:\Users\Admin\Desktop\ShiXiaoYu\data\3.26plan_tripmode_v2_66fold\folds\test_16980_31080\logs\satellite_pretrain\train.log,C:\Users\Admin\Desktop\ShiXiaoYu\data\3.26plan_tripmode_v2_66fold\folds\test_16980_31080\logs\satellite_pretrain\inference.log,0.059102405955986974,0.08946950510336443,0.2271598194841392,0.04026112588472772,0.060075897404864645,0.20710690587392555,0.03622218169943831,0.06419644088049607,0.06577805665664638,test_16980_31080,23,16980,31080,5,cosine,none
single_task_backbone_finetune,16980,0.0793265517926197,0.11112685364366233,0.1901628972071894,C:\Users\Admin\Desktop\ShiXiaoYu\data\FineTuneResNet\city_prototypes_per_city\per_city_cluster_20260607_140204,C:\Users\Admin\Desktop\ShiXiaoYu\data\FineTuneResNet\expert_models_runs\expert_run_stage6_9_66fold_test_16980_31080_single_task_backbone_finetune\predictions\step6_expert_summary_student_20260607_140251.json,C:\Users\Admin\Desktop\ShiXiaoYu\data\FineTuneResNet\expert_models_runs\expert_run_stage6_9_66fold_test_16980_31080_single_task_backbone_finetune\predictions\evaluation_student_cbsa16980_knn_k5_none.json,C:\Users\Admin\Desktop\ShiXiaoYu\data\FineTuneResNet\expert_models_runs\expert_run_stage6_9_66fold_test_16980_31080_single_task_backbone_finetune\predictions\predictions_student_cbsa16980_knn_k5_none.csv,C:\Users\Admin\Desktop\ShiXiaoYu\data\3.26plan_tripmode_v2_66fold\folds\test_16980_31080\logs\single_task_backbone_finetune\train.log,C:\Users\Admin\Desktop\ShiXiaoYu\data\3.26plan_tripmode_v2_66fold\folds\test_16980_31080\logs\single_task_backbone_finetune\inference.log,0.09687892441621068,0.13225694706019892,0.43426734047021,0.08215377852625502,0.1129001547240754,0.2691907711731464,0.05894695243539337,0.08822345914671269,-0.13296942002178813,test_16980_31080,23,16980,31080,5,cosine,none
single_task_backbone_finetune,31080,0.04399916585873254,0.0732079264039495,0.11852327386692536,C:\Users\Admin\Desktop\ShiXiaoYu\data\FineTuneResNet\city_prototypes_per_city\per_city_cluster_20260607_140204,C:\Users\Admin\Desktop\ShiXiaoYu\data\FineTuneResNet\expert_models_runs\expert_run_stage6_9_66fold_test_16980_31080_single_task_backbone_finetune\predictions\step6_expert_summary_student_20260607_140251.json,C:\Users\Admin\Desktop\ShiXiaoYu\data\FineTuneResNet\expert_models_runs\expert_run_stage6_9_66fold_test_16980_31080_single_task_backbone_finetune\predictions\evaluation_student_cbsa31080_knn_k5_none.json,C:\Users\Admin\Desktop\ShiXiaoYu\data\FineTuneResNet\expert_models_runs\expert_run_stage6_9_66fold_test_16980_31080_single_task_backbone_finetune\predictions\predictions_student_cbsa31080_knn_k5_none.csv,C:\Users\Admin\Desktop\ShiXiaoYu\data\3.26plan_tripmode_v2_66fold\folds\test_16980_31080\logs\single_task_backbone_finetune\train.log,C:\Users\Admin\Desktop\ShiXiaoYu\data\3.26plan_tripmode_v2_66fold\folds\test_16980_31080\logs\single_task_backbone_finetune\inference.log,0.05727481550764501,0.09109110748833624,0.19889104266757862,0.03969332299536124,0.06468718863062556,0.08071398191805079,0.03502935907319137,0.06384548309288673,0.07596479701514669,test_16980_31080,23,16980,31080,5,cosine,none
aef_annual_64d,16980,0.07051141877019135,0.10443903938476418,0.3375511640020415,C:\Users\Admin\Desktop\ShiXiaoYu\data\FineTuneResNet\city_prototypes_per_city\per_city_cluster_20260607_140339,C:\Users\Admin\Desktop\ShiXiaoYu\data\FineTuneResNet\expert_models_runs\expert_run_stage6_9_66fold_test_16980_33100_aef_annual_64d\predictions\step6_expert_summary_student_20260607_140409.json,C:\Users\Admin\Desktop\ShiXiaoYu\data\FineTuneResNet\expert_models_runs\expert_run_stage6_9_66fold_test_16980_33100_aef_annual_64d\predictions\evaluation_student_cbsa16980_knn_k5_none.json,C:\Users\Admin\Desktop\ShiXiaoYu\data\FineTuneResNet\expert_models_runs\expert_run_stage6_9_66fold_test_16980_33100_aef_annual_64d\predictions\predictions_student_cbsa16980_knn_k5_none.csv,C:\Users\Admin\Desktop\ShiXiaoYu\data\3.26plan_tripmode_v2_66fold\folds\test_16980_33100\logs\aef_annual_64d\train.log,C:\Users\Admin\Desktop\ShiXiaoYu\data\3.26plan_tripmode_v2_66fold\folds\test_16980_33100\logs\aef_annual_64d\inference.log,0.09308719383219068,0.1343347086342983,0.41635235227864276,0.07024812585928818,0.10781569660905972,0.3335325624169342,0.0481989366190952,0.07116671291093449,0.2627685773105476,test_16980_33100,24,16980,33100,5,cosine,none
aef_annual_64d,33100,0.06736747207100807,0.0978069320572118,-1.2545930330341015,C:\Users\Admin\Desktop\ShiXiaoYu\data\FineTuneResNet\city_prototypes_per_city\per_city_cluster_20260607_140339,C:\Users\Admin\Desktop\ShiXiaoYu\data\FineTuneResNet\expert_models_runs\expert_run_stage6_9_66fold_test_16980_33100_aef_annual_64d\predictions\step6_expert_summary_student_20260607_140409.json,C:\Users\Admin\Desktop\ShiXiaoYu\data\FineTuneResNet\expert_models_runs\expert_run_stage6_9_66fold_test_16980_33100_aef_annual_64d\predictions\evaluation_student_cbsa33100_knn_k5_none.json,C:\Users\Admin\Desktop\ShiXiaoYu\data\FineTuneResNet\expert_models_runs\expert_run_stage6_9_66fold_test_16980_33100_aef_annual_64d\predictions\predictions_student_cbsa33100_knn_k5_none.csv,C:\Users\Admin\Desktop\ShiXiaoYu\data\3.26plan_tripmode_v2_66fold\folds\test_16980_33100\logs\aef_annual_64d\train.log,C:\Users\Admin\Desktop\ShiXiaoYu\data\3.26plan_tripmode_v2_66fold\folds\test_16980_33100\logs\aef_annual_64d\inference.log,0.09534975563787079,0.1374234668491698,-1.276086520199037,0.055841463632207634,0.08414826065154857,-2.4861003366302086,0.05091119694294581,0.071849068670917,-0.0015922422730587638,test_16980_33100,24,16980,33100,5,cosine,none
clay_v1_5_768d,16980,0.08681034945184314,0.134915185207081,-0.06477316260662809,C:\Users\Admin\Desktop\ShiXiaoYu\data\FineTuneResNet\city_prototypes_per_city\per_city_cluster_20260607_140501,C:\Users\Admin\Desktop\ShiXiaoYu\data\FineTuneResNet\expert_models_runs\expert_run_stage6_9_66fold_test_16980_33100_clay_v1_5_768d\predictions\step6_expert_summary_student_20260607_140540.json,C:\Users\Admin\Desktop\ShiXiaoYu\data\FineTuneResNet\expert_models_runs\expert_run_stage6_9_66fold_test_16980_33100_clay_v1_5_768d\predictions\evaluation_student_cbsa16980_knn_k5_none.json,C:\Users\Admin\Desktop\ShiXiaoYu\data\FineTuneResNet\expert_models_runs\expert_run_stage6_9_66fold_test_16980_33100_clay_v1_5_768d\predictions\predictions_student_cbsa16980_knn_k5_none.csv,C:\Users\Admin\Desktop\ShiXiaoYu\data\3.26plan_tripmode_v2_66fold\folds\test_16980_33100\logs\clay_v1_5_768d\train.log,C:\Users\Admin\Desktop\ShiXiaoYu\data\3.26plan_tripmode_v2_66fold\folds\test_16980_33100\logs\clay_v1_5_768d\inference.log,0.11690333915769405,0.1760677332204602,-0.002614104944315132,0.09799137899616638,0.14989168109173123,-0.28816059437336317,0.045536330201669,0.0787861413090516,0.09645521149779401,test_16980_33100,24,16980,33100,5,cosine,none
clay_v1_5_768d,33100,0.06093234665169151,0.08284851486581334,-0.5581695400803651,C:\Users\Admin\Desktop\ShiXiaoYu\data\FineTuneResNet\city_prototypes_per_city\per_city_cluster_20260607_140501,C:\Users\Admin\Desktop\ShiXiaoYu\data\FineTuneResNet\expert_models_runs\expert_run_stage6_9_66fold_test_16980_33100_clay_v1_5_768d\predictions\step6_expert_summary_student_20260607_140540.json,C:\Users\Admin\Desktop\ShiXiaoYu\data\FineTuneResNet\expert_models_runs\expert_run_stage6_9_66fold_test_16980_33100_clay_v1_5_768d\predictions\evaluation_student_cbsa33100_knn_k5_none.json,C:\Users\Admin\Desktop\ShiXiaoYu\data\FineTuneResNet\expert_models_runs\expert_run_stage6_9_66fold_test_16980_33100_clay_v1_5_768d\predictions\predictions_student_cbsa33100_knn_k5_none.csv,C:\Users\Admin\Desktop\ShiXiaoYu\data\3.26plan_tripmode_v2_66fold\folds\test_16980_33100\logs\clay_v1_5_768d\train.log,C:\Users\Admin\Desktop\ShiXiaoYu\data\3.26plan_tripmode_v2_66fold\folds\test_16980_33100\logs\clay_v1_5_768d\inference.log,0.08285563765278409,0.10921203662757872,-0.43750041213705715,0.04792112623797287,0.06731033861744838,-1.2305560792211074,0.05202027606431759,0.07202316935241286,-0.0064521288829308965,test_16980_33100,24,16980,33100,5,cosine,none
prithvi_eo_v2_1024d,16980,0.09186472240120037,0.1405961228345113,-0.14240702116893186,C:\Users\Admin\Desktop\ShiXiaoYu\data\FineTuneResNet\city_prototypes_per_city\per_city_cluster_20260607_140632,C:\Users\Admin\Desktop\ShiXiaoYu\data\FineTuneResNet\expert_models_runs\expert_run_stage6_9_66fold_test_16980_33100_prithvi_eo_v2_1024d\predictions\step6_expert_summary_student_20260607_140711.json,C:\Users\Admin\Desktop\ShiXiaoYu\data\FineTuneResNet\expert_models_runs\expert_run_stage6_9_66fold_test_16980_33100_prithvi_eo_v2_1024d\predictions\evaluation_student_cbsa16980_knn_k5_none.json,C:\Users\Admin\Desktop\ShiXiaoYu\data\FineTuneResNet\expert_models_runs\expert_run_stage6_9_66fold_test_16980_33100_prithvi_eo_v2_1024d\predictions\predictions_student_cbsa16980_knn_k5_none.csv,C:\Users\Admin\Desktop\ShiXiaoYu\data\3.26plan_tripmode_v2_66fold\folds\test_16980_33100\logs\prithvi_eo_v2_1024d\train.log,C:\Users\Admin\Desktop\ShiXiaoYu\data\3.26plan_tripmode_v2_66fold\folds\test_16980_33100\logs\prithvi_eo_v2_1024d\inference.log,0.12917012974321165,0.189569825872484,-0.16228514308952469,0.10073881642054988,0.15140688377224146,-0.3143353564004887,0.045685221039839616,0.08081165885880849,0.04939943598321783,test_16980_33100,24,16980,33100,5,cosine,none
prithvi_eo_v2_1024d,33100,0.10568853819946022,0.12176389348284074,-2.585411127095336,C:\Users\Admin\Desktop\ShiXiaoYu\data\FineTuneResNet\city_prototypes_per_city\per_city_cluster_20260607_140632,C:\Users\Admin\Desktop\ShiXiaoYu\data\FineTuneResNet\expert_models_runs\expert_run_stage6_9_66fold_test_16980_33100_prithvi_eo_v2_1024d\predictions\step6_expert_summary_student_20260607_140711.json,C:\Users\Admin\Desktop\ShiXiaoYu\data\FineTuneResNet\expert_models_runs\expert_run_stage6_9_66fold_test_16980_33100_prithvi_eo_v2_1024d\predictions\evaluation_student_cbsa33100_knn_k5_none.json,C:\Users\Admin\Desktop\ShiXiaoYu\data\FineTuneResNet\expert_models_runs\expert_run_stage6_9_66fold_test_16980_33100_prithvi_eo_v2_1024d\predictions\predictions_student_cbsa33100_knn_k5_none.csv,C:\Users\Admin\Desktop\ShiXiaoYu\data\3.26plan_tripmode_v2_66fold\folds\test_16980_33100\logs\prithvi_eo_v2_1024d\train.log,C:\Users\Admin\Desktop\ShiXiaoYu\data\3.26plan_tripmode_v2_66fold\folds\test_16980_33100\logs\prithvi_eo_v2_1024d\inference.log,0.15324594648989867,0.1733854689057667,-2.6232004393723756,0.09691631492684008,0.10833276048575913,-4.777889279666896,0.06690335318164195,0.0835734510569964,-0.3551436622467363,test_16980_33100,24,16980,33100,5,cosine,none
imagenet_pretrain,16980,0.08584179638908879,0.13107976238520794,-0.005665469555613312,C:\Users\Admin\Desktop\ShiXiaoYu\data\FineTuneResNet\city_prototypes_per_city\per_city_cluster_20260607_140806,C:\Users\Admin\Desktop\ShiXiaoYu\data\FineTuneResNet\expert_models_runs\expert_run_stage6_9_66fold_test_16980_33100_imagenet_pretrain\predictions\step6_expert_summary_student_20260607_140852.json,C:\Users\Admin\Desktop\ShiXiaoYu\data\FineTuneResNet\expert_models_runs\expert_run_stage6_9_66fold_test_16980_33100_imagenet_pretrain\predictions\evaluation_student_cbsa16980_knn_k5_none.json,C:\Users\Admin\Desktop\ShiXiaoYu\data\FineTuneResNet\expert_models_runs\expert_run_stage6_9_66fold_test_16980_33100_imagenet_pretrain\predictions\predictions_student_cbsa16980_knn_k5_none.csv,C:\Users\Admin\Desktop\ShiXiaoYu\data\3.26plan_tripmode_v2_66fold\folds\test_16980_33100\logs\imagenet_pretrain\train.log,C:\Users\Admin\Desktop\ShiXiaoYu\data\3.26plan_tripmode_v2_66fold\folds\test_16980_33100\logs\imagenet_pretrain\inference.log,0.11726062242477726,0.1719259303789021,0.044001896880569324,0.0948897668747218,0.14366467604950245,-0.1833547126551216,0.04537499986776732,0.07764868072721925,0.12235640710771234,test_16980_33100,24,16980,33100,5,cosine,none
imagenet_pretrain,33100,0.05862775690376637,0.08117263745370991,-0.5611340375445238,C:\Users\Admin\Desktop\ShiXiaoYu\data\FineTuneResNet\city_prototypes_per_city\per_city_cluster_20260607_140806,C:\Users\Admin\Desktop\ShiXiaoYu\data\FineTuneResNet\expert_models_runs\expert_run_stage6_9_66fold_test_16980_33100_imagenet_pretrain\predictions\step6_expert_summary_student_20260607_140852.json,C:\Users\Admin\Desktop\ShiXiaoYu\data\FineTuneResNet\expert_models_runs\expert_run_stage6_9_66fold_test_16980_33100_imagenet_pretrain\predictions\evaluation_student_cbsa33100_knn_k5_none.json,C:\Users\Admin\Desktop\ShiXiaoYu\data\FineTuneResNet\expert_models_runs\expert_run_stage6_9_66fold_test_16980_33100_imagenet_pretrain\predictions\predictions_student_cbsa33100_knn_k5_none.csv,C:\Users\Admin\Desktop\ShiXiaoYu\data\3.26plan_tripmode_v2_66fold\folds\test_16980_33100\logs\imagenet_pretrain\train.log,C:\Users\Admin\Desktop\ShiXiaoYu\data\3.26plan_tripmode_v2_66fold\folds\test_16980_33100\logs\imagenet_pretrain\inference.log,0.07855214785231378,0.10358126676666894,-0.29309193116545207,0.05101862196605854,0.07068504208123319,-1.4598274153518118,0.04631250089292678,0.0692516035132276,0.06951723388369258,test_16980_33100,24,16980,33100,5,cosine,none
satellite_pretrain,16980,0.08505390579020705,0.1265542745694336,0.05979640795158914,C:\Users\Admin\Desktop\ShiXiaoYu\data\FineTuneResNet\city_prototypes_per_city\per_city_cluster_20260607_140945,C:\Users\Admin\Desktop\ShiXiaoYu\data\FineTuneResNet\expert_models_runs\expert_run_stage6_9_66fold_test_16980_33100_satellite_pretrain\predictions\step6_expert_summary_student_20260607_141028.json,C:\Users\Admin\Desktop\ShiXiaoYu\data\FineTuneResNet\expert_models_runs\expert_run_stage6_9_66fold_test_16980_33100_satellite_pretrain\predictions\evaluation_student_cbsa16980_knn_k5_none.json,C:\Users\Admin\Desktop\ShiXiaoYu\data\FineTuneResNet\expert_models_runs\expert_run_stage6_9_66fold_test_16980_33100_satellite_pretrain\predictions\predictions_student_cbsa16980_knn_k5_none.csv,C:\Users\Admin\Desktop\ShiXiaoYu\data\3.26plan_tripmode_v2_66fold\folds\test_16980_33100\logs\satellite_pretrain\train.log,C:\Users\Admin\Desktop\ShiXiaoYu\data\3.26plan_tripmode_v2_66fold\folds\test_16980_33100\logs\satellite_pretrain\inference.log,0.11752865418785857,0.1664843630484621,0.10356013419101817,0.09316964110174936,0.13649182834765733,-0.06814017840494757,0.04446342208101325,0.07668663231218144,0.1439692680686968,test_16980_33100,24,16980,33100,5,cosine,none
satellite_pretrain,33100,0.06666809832061811,0.09003183095698324,-1.0590957124771154,C:\Users\Admin\Desktop\ShiXiaoYu\data\FineTuneResNet\city_prototypes_per_city\per_city_cluster_20260607_140945,C:\Users\Admin\Desktop\ShiXiaoYu\data\FineTuneResNet\expert_models_runs\expert_run_stage6_9_66fold_test_16980_33100_satellite_pretrain\predictions\step6_expert_summary_student_20260607_141028.json,C:\Users\Admin\Desktop\ShiXiaoYu\data\FineTuneResNet\expert_models_runs\expert_run_stage6_9_66fold_test_16980_33100_satellite_pretrain\predictions\evaluation_student_cbsa33100_knn_k5_none.json,C:\Users\Admin\Desktop\ShiXiaoYu\data\FineTuneResNet\expert_models_runs\expert_run_stage6_9_66fold_test_16980_33100_satellite_pretrain\predictions\predictions_student_cbsa33100_knn_k5_none.csv,C:\Users\Admin\Desktop\ShiXiaoYu\data\3.26plan_tripmode_v2_66fold\folds\test_16980_33100\logs\satellite_pretrain\train.log,C:\Users\Admin\Desktop\ShiXiaoYu\data\3.26plan_tripmode_v2_66fold\folds\test_16980_33100\logs\satellite_pretrain\inference.log,0.08894945872577219,0.11501843444626474,-0.5944168290578375,0.06520134576993154,0.08627308063181234,-2.664377500425317,0.04585349046615059,0.06880397779287263,0.08150719205180845,test_16980_33100,24,16980,33100,5,cosine,none
single_task_backbone_finetune,16980,0.07777701084906967,0.10791570653667193,0.25788020496333736,C:\Users\Admin\Desktop\ShiXiaoYu\data\FineTuneResNet\city_prototypes_per_city\per_city_cluster_20260607_141123,C:\Users\Admin\Desktop\ShiXiaoYu\data\FineTuneResNet\expert_models_runs\expert_run_stage6_9_66fold_test_16980_33100_single_task_backbone_finetune\predictions\step6_expert_summary_student_20260607_141209.json,C:\Users\Admin\Desktop\ShiXiaoYu\data\FineTuneResNet\expert_models_runs\expert_run_stage6_9_66fold_test_16980_33100_single_task_backbone_finetune\predictions\evaluation_student_cbsa16980_knn_k5_none.json,C:\Users\Admin\Desktop\ShiXiaoYu\data\FineTuneResNet\expert_models_runs\expert_run_stage6_9_66fold_test_16980_33100_single_task_backbone_finetune\predictions\predictions_student_cbsa16980_knn_k5_none.csv,C:\Users\Admin\Desktop\ShiXiaoYu\data\3.26plan_tripmode_v2_66fold\folds\test_16980_33100\logs\single_task_backbone_finetune\train.log,C:\Users\Admin\Desktop\ShiXiaoYu\data\3.26plan_tripmode_v2_66fold\folds\test_16980_33100\logs\single_task_backbone_finetune\inference.log,0.09750055692391509,0.13140490796995782,0.4415331011245516,0.08111211609948517,0.11115085447417464,0.2916619684007873,0.054718359523808775,0.08119135716588335,0.04044554536467315,test_16980_33100,24,16980,33100,5,cosine,none
single_task_backbone_finetune,33100,0.05389468360986801,0.08038973547280971,-0.5321890636122285,C:\Users\Admin\Desktop\ShiXiaoYu\data\FineTuneResNet\city_prototypes_per_city\per_city_cluster_20260607_141123,C:\Users\Admin\Desktop\ShiXiaoYu\data\FineTuneResNet\expert_models_runs\expert_run_stage6_9_66fold_test_16980_33100_single_task_backbone_finetune\predictions\step6_expert_summary_student_20260607_141209.json,C:\Users\Admin\Desktop\ShiXiaoYu\data\FineTuneResNet\expert_models_runs\expert_run_stage6_9_66fold_test_16980_33100_single_task_backbone_finetune\predictions\evaluation_student_cbsa33100_knn_k5_none.json,C:\Users\Admin\Desktop\ShiXiaoYu\data\FineTuneResNet\expert_models_runs\expert_run_stage6_9_66fold_test_16980_33100_single_task_backbone_finetune\predictions\predictions_student_cbsa33100_knn_k5_none.csv,C:\Users\Admin\Desktop\ShiXiaoYu\data\3.26plan_tripmode_v2_66fold\folds\test_16980_33100\logs\single_task_backbone_finetune\train.log,C:\Users\Admin\Desktop\ShiXiaoYu\data\3.26plan_tripmode_v2_66fold\folds\test_16980_33100\logs\single_task_backbone_finetune\inference.log,0.07147498739367826,0.1040076197884899,-0.3037588848806534,0.04694255343860883,0.07012252800047353,-1.4208324087880526,0.04326650999731694,0.06703905862946571,0.1280241028320206,test_16980_33100,24,16980,33100,5,cosine,none
aef_annual_64d,16980,0.07395657947965449,0.11138491813332096,0.2582201469124496,C:\Users\Admin\Desktop\ShiXiaoYu\data\FineTuneResNet\city_prototypes_per_city\per_city_cluster_20260607_141254,C:\Users\Admin\Desktop\ShiXiaoYu\data\FineTuneResNet\expert_models_runs\expert_run_stage6_9_66fold_test_16980_35620_aef_annual_64d\predictions\step6_expert_summary_student_20260607_141321.json,C:\Users\Admin\Desktop\ShiXiaoYu\data\FineTuneResNet\expert_models_runs\expert_run_stage6_9_66fold_test_16980_35620_aef_annual_64d\predictions\evaluation_student_cbsa16980_knn_k5_none.json,C:\Users\Admin\Desktop\ShiXiaoYu\data\FineTuneResNet\expert_models_runs\expert_run_stage6_9_66fold_test_16980_35620_aef_annual_64d\predictions\predictions_student_cbsa16980_knn_k5_none.csv,C:\Users\Admin\Desktop\ShiXiaoYu\data\3.26plan_tripmode_v2_66fold\folds\test_16980_35620\logs\aef_annual_64d\train.log,C:\Users\Admin\Desktop\ShiXiaoYu\data\3.26plan_tripmode_v2_66fold\folds\test_16980_35620\logs\aef_annual_64d\inference.log,0.09727232880060366,0.14289220980338838,0.3396238662836385,0.07644118254349494,0.11998133902030585,0.17464201399343715,0.048156227094864876,0.07128120557626866,0.2603945604602731,test_16980_35620,25,16980,35620,5,cosine,none
aef_annual_64d,35620,0.18697126478375684,0.24831991826704866,-0.10355428874032895,C:\Users\Admin\Desktop\ShiXiaoYu\data\FineTuneResNet\city_prototypes_per_city\per_city_cluster_20260607_141254,C:\Users\Admin\Desktop\ShiXiaoYu\data\FineTuneResNet\expert_models_runs\expert_run_stage6_9_66fold_test_16980_35620_aef_annual_64d\predictions\step6_expert_summary_student_20260607_141321.json,C:\Users\Admin\Desktop\ShiXiaoYu\data\FineTuneResNet\expert_models_runs\expert_run_stage6_9_66fold_test_16980_35620_aef_annual_64d\predictions\evaluation_student_cbsa35620_knn_k5_none.json,C:\Users\Admin\Desktop\ShiXiaoYu\data\FineTuneResNet\expert_models_runs\expert_run_stage6_9_66fold_test_16980_35620_aef_annual_64d\predictions\predictions_student_cbsa35620_knn_k5_none.csv,C:\Users\Admin\Desktop\ShiXiaoYu\data\3.26plan_tripmode_v2_66fold\folds\test_16980_35620\logs\aef_annual_64d\train.log,C:\Users\Admin\Desktop\ShiXiaoYu\data\3.26plan_tripmode_v2_66fold\folds\test_16980_35620\logs\aef_annual_64d\inference.log,0.2566486731351165,0.3323019353197154,-0.11916139388612335,0.224107411653961,0.29979575754576615,-0.3839470494903048,0.08015770956219304,0.11286206193566437,0.1924455771554413,test_16980_35620,25,16980,35620,5,cosine,none
clay_v1_5_768d,16980,0.08931627126553777,0.13859018099827222,-0.1137244409838289,C:\Users\Admin\Desktop\ShiXiaoYu\data\FineTuneResNet\city_prototypes_per_city\per_city_cluster_20260607_141410,C:\Users\Admin\Desktop\ShiXiaoYu\data\FineTuneResNet\expert_models_runs\expert_run_stage6_9_66fold_test_16980_35620_clay_v1_5_768d\predictions\step6_expert_summary_student_20260607_141448.json,C:\Users\Admin\Desktop\ShiXiaoYu\data\FineTuneResNet\expert_models_runs\expert_run_stage6_9_66fold_test_16980_35620_clay_v1_5_768d\predictions\evaluation_student_cbsa16980_knn_k5_none.json,C:\Users\Admin\Desktop\ShiXiaoYu\data\FineTuneResNet\expert_models_runs\expert_run_stage6_9_66fold_test_16980_35620_clay_v1_5_768d\predictions\predictions_student_cbsa16980_knn_k5_none.csv,C:\Users\Admin\Desktop\ShiXiaoYu\data\3.26plan_tripmode_v2_66fold\folds\test_16980_35620\logs\clay_v1_5_768d\train.log,C:\Users\Admin\Desktop\ShiXiaoYu\data\3.26plan_tripmode_v2_66fold\folds\test_16980_35620\logs\clay_v1_5_768d\inference.log,0.12264270614883693,0.1842441380482007,-0.09789706079003002,0.09969904497945814,0.15235043457208466,-0.33076798297084475,0.04560706266831825,0.07917597037453128,0.08749172080938805,test_16980_35620,25,16980,35620,5,cosine,none
clay_v1_5_768d,35620,0.17152674435927587,0.22368454104744215,0.008175568210832282,C:\Users\Admin\Desktop\ShiXiaoYu\data\FineTuneResNet\city_prototypes_per_city\per_city_cluster_20260607_141410,C:\Users\Admin\Desktop\ShiXiaoYu\data\FineTuneResNet\expert_models_runs\expert_run_stage6_9_66fold_test_16980_35620_clay_v1_5_768d\predictions\step6_expert_summary_student_20260607_141448.json,C:\Users\Admin\Desktop\ShiXiaoYu\data\FineTuneResNet\expert_models_runs\expert_run_stage6_9_66fold_test_16980_35620_clay_v1_5_768d\predictions\evaluation_student_cbsa35620_knn_k5_none.json,C:\Users\Admin\Desktop\ShiXiaoYu\data\FineTuneResNet\expert_models_runs\expert_run_stage6_9_66fold_test_16980_35620_clay_v1_5_768d\predictions\predictions_student_cbsa35620_knn_k5_none.csv,C:\Users\Admin\Desktop\ShiXiaoYu\data\3.26plan_tripmode_v2_66fold\folds\test_16980_35620\logs\clay_v1_5_768d\train.log,C:\Users\Admin\Desktop\ShiXiaoYu\data\3.26plan_tripmode_v2_66fold\folds\test_16980_35620\logs\clay_v1_5_768d\inference.log,0.21102932081488662,0.2696807960786218,0.23837781607237862,0.21964165201940922,0.29295411868413895,-0.28464262440313703,0.08390926024353178,0.10841870837956567,0.07079151296325525,test_16980_35620,25,16980,35620,5,cosine,none
prithvi_eo_v2_1024d,16980,0.09038230935959808,0.141249217980277,-0.15176378396747822,C:\Users\Admin\Desktop\ShiXiaoYu\data\FineTuneResNet\city_prototypes_per_city\per_city_cluster_20260607_141538,C:\Users\Admin\Desktop\ShiXiaoYu\data\FineTuneResNet\expert_models_runs\expert_run_stage6_9_66fold_test_16980_35620_prithvi_eo_v2_1024d\predictions\step6_expert_summary_student_20260607_141615.json,C:\Users\Admin\Desktop\ShiXiaoYu\data\FineTuneResNet\expert_models_runs\expert_run_stage6_9_66fold_test_16980_35620_prithvi_eo_v2_1024d\predictions\evaluation_student_cbsa16980_knn_k5_none.json,C:\Users\Admin\Desktop\ShiXiaoYu\data\FineTuneResNet\expert_models_runs\expert_run_stage6_9_66fold_test_16980_35620_prithvi_eo_v2_1024d\predictions\predictions_student_cbsa16980_knn_k5_none.csv,C:\Users\Admin\Desktop\ShiXiaoYu\data\3.26plan_tripmode_v2_66fold\folds\test_16980_35620\logs\prithvi_eo_v2_1024d\train.log,C:\Users\Admin\Desktop\ShiXiaoYu\data\3.26plan_tripmode_v2_66fold\folds\test_16980_35620\logs\prithvi_eo_v2_1024d\inference.log,0.1272886488413489,0.1907186489777787,-0.17641509193086713,0.09905206900622919,0.15224508536088993,-0.3289281866400928,0.044806210231216156,0.08078391960216239,0.050051926668525315,test_16980_35620,25,16980,35620,5,cosine,none
prithvi_eo_v2_1024d,35620,0.2082288124094068,0.2784932491357134,-0.42646099733763226,C:\Users\Admin\Desktop\ShiXiaoYu\data\FineTuneResNet\city_prototypes_per_city\per_city_cluster_20260607_141538,C:\Users\Admin\Desktop\ShiXiaoYu\data\FineTuneResNet\expert_models_runs\expert_run_stage6_9_66fold_test_16980_35620_prithvi_eo_v2_1024d\predictions\step6_expert_summary_student_20260607_141615.json,C:\Users\Admin\Desktop\ShiXiaoYu\data\FineTuneResNet\expert_models_runs\expert_run_stage6_9_66fold_test_16980_35620_prithvi_eo_v2_1024d\predictions\evaluation_student_cbsa35620_knn_k5_none.json,C:\Users\Admin\Desktop\ShiXiaoYu\data\FineTuneResNet\expert_models_runs\expert_run_stage6_9_66fold_test_16980_35620_prithvi_eo_v2_1024d\predictions\predictions_student_cbsa35620_knn_k5_none.csv,C:\Users\Admin\Desktop\ShiXiaoYu\data\3.26plan_tripmode_v2_66fold\folds\test_16980_35620\logs\prithvi_eo_v2_1024d\train.log,C:\Users\Admin\Desktop\ShiXiaoYu\data\3.26plan_tripmode_v2_66fold\folds\test_16980_35620\logs\prithvi_eo_v2_1024d\inference.log,0.2906799530366363,0.37814142977734616,-0.4974352979940182,0.2603727798330034,0.3446393477786184,-0.7779225196344788,0.07363370435858066,0.11269896985117571,-0.0040251743843997545,test_16980_35620,25,16980,35620,5,cosine,none
imagenet_pretrain,16980,0.08653859284157249,0.13398322258329973,-0.04835520126491233,C:\Users\Admin\Desktop\ShiXiaoYu\data\FineTuneResNet\city_prototypes_per_city\per_city_cluster_20260607_141709,C:\Users\Admin\Desktop\ShiXiaoYu\data\FineTuneResNet\expert_models_runs\expert_run_stage6_9_66fold_test_16980_35620_imagenet_pretrain\predictions\step6_expert_summary_student_20260607_141754.json,C:\Users\Admin\Desktop\ShiXiaoYu\data\FineTuneResNet\expert_models_runs\expert_run_stage6_9_66fold_test_16980_35620_imagenet_pretrain\predictions\evaluation_student_cbsa16980_knn_k5_none.json,C:\Users\Admin\Desktop\ShiXiaoYu\data\FineTuneResNet\expert_models_runs\expert_run_stage6_9_66fold_test_16980_35620_imagenet_pretrain\predictions\predictions_student_cbsa16980_knn_k5_none.csv,C:\Users\Admin\Desktop\ShiXiaoYu\data\3.26plan_tripmode_v2_66fold\folds\test_16980_35620\logs\imagenet_pretrain\train.log,C:\Users\Admin\Desktop\ShiXiaoYu\data\3.26plan_tripmode_v2_66fold\folds\test_16980_35620\logs\imagenet_pretrain\inference.log,0.11839352976792657,0.17596968474948255,-0.0014977458451694847,0.09596832217095937,0.147558923901024,-0.24837742834153254,0.04525392658583154,0.07842105909939262,0.10480957039196503,test_16980_35620,25,16980,35620,5,cosine,none
imagenet_pretrain,35620,0.1898708498363666,0.2532534160377973,-0.18213176233177797,C:\Users\Admin\Desktop\ShiXiaoYu\data\FineTuneResNet\city_prototypes_per_city\per_city_cluster_20260607_141709,C:\Users\Admin\Desktop\ShiXiaoYu\data\FineTuneResNet\expert_models_runs\expert_run_stage6_9_66fold_test_16980_35620_imagenet_pretrain\predictions\step6_expert_summary_student_20260607_141754.json,C:\Users\Admin\Desktop\ShiXiaoYu\data\FineTuneResNet\expert_models_runs\expert_run_stage6_9_66fold_test_16980_35620_imagenet_pretrain\predictions\evaluation_student_cbsa35620_knn_k5_none.json,C:\Users\Admin\Desktop\ShiXiaoYu\data\FineTuneResNet\expert_models_runs\expert_run_stage6_9_66fold_test_16980_35620_imagenet_pretrain\predictions\predictions_student_cbsa35620_knn_k5_none.csv,C:\Users\Admin\Desktop\ShiXiaoYu\data\3.26plan_tripmode_v2_66fold\folds\test_16980_35620\logs\imagenet_pretrain\train.log,C:\Users\Admin\Desktop\ShiXiaoYu\data\3.26plan_tripmode_v2_66fold\folds\test_16980_35620\logs\imagenet_pretrain\inference.log,0.26035828469260924,0.33796855265162223,-0.1961678514859555,0.24087798481046532,0.32025422934214165,-0.5352279168152148,0.06837628000602525,0.10153746611962801,0.18500048130583635,test_16980_35620,25,16980,35620,5,cosine,none
satellite_pretrain,16980,0.0876360757495009,0.13398013165561387,-0.04326902800923375,C:\Users\Admin\Desktop\ShiXiaoYu\data\FineTuneResNet\city_prototypes_per_city\per_city_cluster_20260607_141846,C:\Users\Admin\Desktop\ShiXiaoYu\data\FineTuneResNet\expert_models_runs\expert_run_stage6_9_66fold_test_16980_35620_satellite_pretrain\predictions\step6_expert_summary_student_20260607_141928.json,C:\Users\Admin\Desktop\ShiXiaoYu\data\FineTuneResNet\expert_models_runs\expert_run_stage6_9_66fold_test_16980_35620_satellite_pretrain\predictions\evaluation_student_cbsa16980_knn_k5_none.json,C:\Users\Admin\Desktop\ShiXiaoYu\data\FineTuneResNet\expert_models_runs\expert_run_stage6_9_66fold_test_16980_35620_satellite_pretrain\predictions\predictions_student_cbsa16980_knn_k5_none.csv,C:\Users\Admin\Desktop\ShiXiaoYu\data\3.26plan_tripmode_v2_66fold\folds\test_16980_35620\logs\satellite_pretrain\train.log,C:\Users\Admin\Desktop\ShiXiaoYu\data\3.26plan_tripmode_v2_66fold\folds\test_16980_35620\logs\satellite_pretrain\inference.log,0.12211283998699517,0.17822122042027624,-0.02729007136166861,0.09632837806854627,0.14580754632000056,-0.2189192958969144,0.04446700919296126,0.07791162822656479,0.11640228323088175,test_16980_35620,25,16980,35620,5,cosine,none
satellite_pretrain,35620,0.2111718250485369,0.28327884376022333,-0.4645166031624956,C:\Users\Admin\Desktop\ShiXiaoYu\data\FineTuneResNet\city_prototypes_per_city\per_city_cluster_20260607_141846,C:\Users\Admin\Desktop\ShiXiaoYu\data\FineTuneResNet\expert_models_runs\expert_run_stage6_9_66fold_test_16980_35620_satellite_pretrain\predictions\step6_expert_summary_student_20260607_141928.json,C:\Users\Admin\Desktop\ShiXiaoYu\data\FineTuneResNet\expert_models_runs\expert_run_stage6_9_66fold_test_16980_35620_satellite_pretrain\predictions\evaluation_student_cbsa35620_knn_k5_none.json,C:\Users\Admin\Desktop\ShiXiaoYu\data\FineTuneResNet\expert_models_runs\expert_run_stage6_9_66fold_test_16980_35620_satellite_pretrain\predictions\predictions_student_cbsa35620_knn_k5_none.csv,C:\Users\Admin\Desktop\ShiXiaoYu\data\3.26plan_tripmode_v2_66fold\folds\test_16980_35620\logs\satellite_pretrain\train.log,C:\Users\Admin\Desktop\ShiXiaoYu\data\3.26plan_tripmode_v2_66fold\folds\test_16980_35620\logs\satellite_pretrain\inference.log,0.2971789508722993,0.3859622919548421,-0.5600168731454034,0.2672703142123145,0.3535023385187187,-0.8705429890269261,0.06906621006099686,0.11037190080710924,0.0370100526848427,test_16980_35620,25,16980,35620,5,cosine,none
single_task_backbone_finetune,16980,0.07783546434408052,0.10963746803011955,0.2277909942673224,C:\Users\Admin\Desktop\ShiXiaoYu\data\FineTuneResNet\city_prototypes_per_city\per_city_cluster_20260607_142020,C:\Users\Admin\Desktop\ShiXiaoYu\data\FineTuneResNet\expert_models_runs\expert_run_stage6_9_66fold_test_16980_35620_single_task_backbone_finetune\predictions\step6_expert_summary_student_20260607_142106.json,C:\Users\Admin\Desktop\ShiXiaoYu\data\FineTuneResNet\expert_models_runs\expert_run_stage6_9_66fold_test_16980_35620_single_task_backbone_finetune\predictions\evaluation_student_cbsa16980_knn_k5_none.json,C:\Users\Admin\Desktop\ShiXiaoYu\data\FineTuneResNet\expert_models_runs\expert_run_stage6_9_66fold_test_16980_35620_single_task_backbone_finetune\predictions\predictions_student_cbsa16980_knn_k5_none.csv,C:\Users\Admin\Desktop\ShiXiaoYu\data\3.26plan_tripmode_v2_66fold\folds\test_16980_35620\logs\single_task_backbone_finetune\train.log,C:\Users\Admin\Desktop\ShiXiaoYu\data\3.26plan_tripmode_v2_66fold\folds\test_16980_35620\logs\single_task_backbone_finetune\inference.log,0.09599710287748918,0.13057773924968075,0.44854185635734223,0.08311713811358049,0.11536017260146054,0.23699612564187555,0.05439215204117192,0.08297449223921738,-0.00216499919725055,test_16980_35620,25,16980,35620,5,cosine,none
single_task_backbone_finetune,35620,0.1487214581590828,0.19227656814785232,0.0469185169904535,C:\Users\Admin\Desktop\ShiXiaoYu\data\FineTuneResNet\city_prototypes_per_city\per_city_cluster_20260607_142020,C:\Users\Admin\Desktop\ShiXiaoYu\data\FineTuneResNet\expert_models_runs\expert_run_stage6_9_66fold_test_16980_35620_single_task_backbone_finetune\predictions\step6_expert_summary_student_20260607_142106.json,C:\Users\Admin\Desktop\ShiXiaoYu\data\FineTuneResNet\expert_models_runs\expert_run_stage6_9_66fold_test_16980_35620_single_task_backbone_finetune\predictions\evaluation_student_cbsa35620_knn_k5_none.json,C:\Users\Admin\Desktop\ShiXiaoYu\data\FineTuneResNet\expert_models_runs\expert_run_stage6_9_66fold_test_16980_35620_single_task_backbone_finetune\predictions\predictions_student_cbsa35620_knn_k5_none.csv,C:\Users\Admin\Desktop\ShiXiaoYu\data\3.26plan_tripmode_v2_66fold\folds\test_16980_35620\logs\single_task_backbone_finetune\train.log,C:\Users\Admin\Desktop\ShiXiaoYu\data\3.26plan_tripmode_v2_66fold\folds\test_16980_35620\logs\single_task_backbone_finetune\inference.log,0.15335283482619613,0.1942483360509746,0.6048571236504914,0.18166312307380658,0.24033583151500368,0.1353901875339958,0.11114841657724572,0.14224553687757865,-0.5994917602131267,test_16980_35620,25,16980,35620,5,cosine,none
aef_annual_64d,16980,0.07113768462690392,0.10647201792263396,0.32148737587226245,C:\Users\Admin\Desktop\ShiXiaoYu\data\FineTuneResNet\city_prototypes_per_city\per_city_cluster_20260607_142151,C:\Users\Admin\Desktop\ShiXiaoYu\data\FineTuneResNet\expert_models_runs\expert_run_stage6_9_66fold_test_16980_38060_aef_annual_64d\predictions\step6_expert_summary_student_20260607_142220.json,C:\Users\Admin\Desktop\ShiXiaoYu\data\FineTuneResNet\expert_models_runs\expert_run_stage6_9_66fold_test_16980_38060_aef_annual_64d\predictions\evaluation_student_cbsa16980_knn_k5_none.json,C:\Users\Admin\Desktop\ShiXiaoYu\data\FineTuneResNet\expert_models_runs\expert_run_stage6_9_66fold_test_16980_38060_aef_annual_64d\predictions\predictions_student_cbsa16980_knn_k5_none.csv,C:\Users\Admin\Desktop\ShiXiaoYu\data\3.26plan_tripmode_v2_66fold\folds\test_16980_38060\logs\aef_annual_64d\train.log,C:\Users\Admin\Desktop\ShiXiaoYu\data\3.26plan_tripmode_v2_66fold\folds\test_16980_38060\logs\aef_annual_64d\inference.log,0.09518956031679365,0.13888502895477842,0.3761428864204954,0.07156773466359313,0.11079720281482136,0.29616227390584937,0.046655758900325,0.06973382199830211,0.2921569672904425,test_16980_38060,26,16980,38060,5,cosine,none
aef_annual_64d,38060,0.03480603797976442,0.045950315151512655,-0.19257104514691661,C:\Users\Admin\Desktop\ShiXiaoYu\data\FineTuneResNet\city_prototypes_per_city\per_city_cluster_20260607_142151,C:\Users\Admin\Desktop\ShiXiaoYu\data\FineTuneResNet\expert_models_runs\expert_run_stage6_9_66fold_test_16980_38060_aef_annual_64d\predictions\step6_expert_summary_student_20260607_142220.json,C:\Users\Admin\Desktop\ShiXiaoYu\data\FineTuneResNet\expert_models_runs\expert_run_stage6_9_66fold_test_16980_38060_aef_annual_64d\predictions\evaluation_student_cbsa38060_knn_k5_none.json,C:\Users\Admin\Desktop\ShiXiaoYu\data\FineTuneResNet\expert_models_runs\expert_run_stage6_9_66fold_test_16980_38060_aef_annual_64d\predictions\predictions_student_cbsa38060_knn_k5_none.csv,C:\Users\Admin\Desktop\ShiXiaoYu\data\3.26plan_tripmode_v2_66fold\folds\test_16980_38060\logs\aef_annual_64d\train.log,C:\Users\Admin\Desktop\ShiXiaoYu\data\3.26plan_tripmode_v2_66fold\folds\test_16980_38060\logs\aef_annual_64d\inference.log,0.045959618143753225,0.05958288081633995,-0.04264939401014756,0.025551404880559105,0.03177152398412741,-0.5819438730280646,0.03290709091498093,0.046496540654070606,0.04688013159746229,test_16980_38060,26,16980,38060,5,cosine,none
clay_v1_5_768d,16980,0.08676300969086616,0.1347108249234907,-0.058845719122049646,C:\Users\Admin\Desktop\ShiXiaoYu\data\FineTuneResNet\city_prototypes_per_city\per_city_cluster_20260607_142310,C:\Users\Admin\Desktop\ShiXiaoYu\data\FineTuneResNet\expert_models_runs\expert_run_stage6_9_66fold_test_16980_38060_clay_v1_5_768d\predictions\step6_expert_summary_student_20260607_142347.json,C:\Users\Admin\Desktop\ShiXiaoYu\data\FineTuneResNet\expert_models_runs\expert_run_stage6_9_66fold_test_16980_38060_clay_v1_5_768d\predictions\evaluation_student_cbsa16980_knn_k5_none.json,C:\Users\Admin\Desktop\ShiXiaoYu\data\FineTuneResNet\expert_models_runs\expert_run_stage6_9_66fold_test_16980_38060_clay_v1_5_768d\predictions\predictions_student_cbsa16980_knn_k5_none.csv,C:\Users\Admin\Desktop\ShiXiaoYu\data\3.26plan_tripmode_v2_66fold\folds\test_16980_38060\logs\clay_v1_5_768d\train.log,C:\Users\Admin\Desktop\ShiXiaoYu\data\3.26plan_tripmode_v2_66fold\folds\test_16980_38060\logs\clay_v1_5_768d\inference.log,0.11827938334991997,0.17717327594783155,-0.015244615698116526,0.09715736354841314,0.1483494831027995,-0.26178983309572734,0.04485228217426535,0.07860971571984104,0.10049729142769492,test_16980_38060,26,16980,38060,5,cosine,none
clay_v1_5_768d,38060,0.04232808819759747,0.055642984516450666,-0.913785180637598,C:\Users\Admin\Desktop\ShiXiaoYu\data\FineTuneResNet\city_prototypes_per_city\per_city_cluster_20260607_142310,C:\Users\Admin\Desktop\ShiXiaoYu\data\FineTuneResNet\expert_models_runs\expert_run_stage6_9_66fold_test_16980_38060_clay_v1_5_768d\predictions\step6_expert_summary_student_20260607_142347.json,C:\Users\Admin\Desktop\ShiXiaoYu\data\FineTuneResNet\expert_models_runs\expert_run_stage6_9_66fold_test_16980_38060_clay_v1_5_768d\predictions\evaluation_student_cbsa38060_knn_k5_none.json,C:\Users\Admin\Desktop\ShiXiaoYu\data\FineTuneResNet\expert_models_runs\expert_run_stage6_9_66fold_test_16980_38060_clay_v1_5_768d\predictions\predictions_student_cbsa38060_knn_k5_none.csv,C:\Users\Admin\Desktop\ShiXiaoYu\data\3.26plan_tripmode_v2_66fold\folds\test_16980_38060\logs\clay_v1_5_768d\train.log,C:\Users\Admin\Desktop\ShiXiaoYu\data\3.26plan_tripmode_v2_66fold\folds\test_16980_38060\logs\clay_v1_5_768d\inference.log,0.05509208117715849,0.07210431860344145,-0.5269255227588925,0.03502506727108271,0.04444238463605218,-2.095349436802289,0.03686711614455121,0.05038225030985838,-0.11908058235161212,test_16980_38060,26,16980,38060,5,cosine,none
prithvi_eo_v2_1024d,16980,0.09258043693147894,0.14107269763502386,-0.14897451341607482,C:\Users\Admin\Desktop\ShiXiaoYu\data\FineTuneResNet\city_prototypes_per_city\per_city_cluster_20260607_142437,C:\Users\Admin\Desktop\ShiXiaoYu\data\FineTuneResNet\expert_models_runs\expert_run_stage6_9_66fold_test_16980_38060_prithvi_eo_v2_1024d\predictions\step6_expert_summary_student_20260607_142513.json,C:\Users\Admin\Desktop\ShiXiaoYu\data\FineTuneResNet\expert_models_runs\expert_run_stage6_9_66fold_test_16980_38060_prithvi_eo_v2_1024d\predictions\evaluation_student_cbsa16980_knn_k5_none.json,C:\Users\Admin\Desktop\ShiXiaoYu\data\FineTuneResNet\expert_models_runs\expert_run_stage6_9_66fold_test_16980_38060_prithvi_eo_v2_1024d\predictions\predictions_student_cbsa16980_knn_k5_none.csv,C:\Users\Admin\Desktop\ShiXiaoYu\data\3.26plan_tripmode_v2_66fold\folds\test_16980_38060\logs\prithvi_eo_v2_1024d\train.log,C:\Users\Admin\Desktop\ShiXiaoYu\data\3.26plan_tripmode_v2_66fold\folds\test_16980_38060\logs\prithvi_eo_v2_1024d\inference.log,0.13095738038214905,0.1912189842801145,-0.1825956524504302,0.10084065599426027,0.15067911609261617,-0.30173048811637027,0.045943274418027466,0.08131999253234092,0.03740260031857601,test_16980_38060,26,16980,38060,5,cosine,none
prithvi_eo_v2_1024d,38060,0.04282511402925098,0.05401823432536677,-0.8678173718780151,C:\Users\Admin\Desktop\ShiXiaoYu\data\FineTuneResNet\city_prototypes_per_city\per_city_cluster_20260607_142437,C:\Users\Admin\Desktop\ShiXiaoYu\data\FineTuneResNet\expert_models_runs\expert_run_stage6_9_66fold_test_16980_38060_prithvi_eo_v2_1024d\predictions\step6_expert_summary_student_20260607_142513.json,C:\Users\Admin\Desktop\ShiXiaoYu\data\FineTuneResNet\expert_models_runs\expert_run_stage6_9_66fold_test_16980_38060_prithvi_eo_v2_1024d\predictions\evaluation_student_cbsa38060_knn_k5_none.json,C:\Users\Admin\Desktop\ShiXiaoYu\data\FineTuneResNet\expert_models_runs\expert_run_stage6_9_66fold_test_16980_38060_prithvi_eo_v2_1024d\predictions\predictions_student_cbsa38060_knn_k5_none.csv,C:\Users\Admin\Desktop\ShiXiaoYu\data\3.26plan_tripmode_v2_66fold\folds\test_16980_38060\logs\prithvi_eo_v2_1024d\train.log,C:\Users\Admin\Desktop\ShiXiaoYu\data\3.26plan_tripmode_v2_66fold\folds\test_16980_38060\logs\prithvi_eo_v2_1024d\inference.log,0.055466720563914114,0.06899656009750975,-0.39813844693198064,0.04011687636165557,0.04513730702486006,-2.1929069774743875,0.032891745162183246,0.04792083585373049,-0.012406691227677014,test_16980_38060,26,16980,38060,5,cosine,none
imagenet_pretrain,16980,0.0864244415549132,0.13223390439695934,-0.023928753708647704,C:\Users\Admin\Desktop\ShiXiaoYu\data\FineTuneResNet\city_prototypes_per_city\per_city_cluster_20260607_142607,C:\Users\Admin\Desktop\ShiXiaoYu\data\FineTuneResNet\expert_models_runs\expert_run_stage6_9_66fold_test_16980_38060_imagenet_pretrain\predictions\step6_expert_summary_student_20260607_142650.json,C:\Users\Admin\Desktop\ShiXiaoYu\data\FineTuneResNet\expert_models_runs\expert_run_stage6_9_66fold_test_16980_38060_imagenet_pretrain\predictions\evaluation_student_cbsa16980_knn_k5_none.json,C:\Users\Admin\Desktop\ShiXiaoYu\data\FineTuneResNet\expert_models_runs\expert_run_stage6_9_66fold_test_16980_38060_imagenet_pretrain\predictions\predictions_student_cbsa16980_knn_k5_none.csv,C:\Users\Admin\Desktop\ShiXiaoYu\data\3.26plan_tripmode_v2_66fold\folds\test_16980_38060\logs\imagenet_pretrain\train.log,C:\Users\Admin\Desktop\ShiXiaoYu\data\3.26plan_tripmode_v2_66fold\folds\test_16980_38060\logs\imagenet_pretrain\inference.log,0.11768358182093591,0.17296168512918025,0.0324485238051051,0.09597943851028626,0.1456004598634539,-0.21545935942066063,0.04561030433351746,0.0781395681982439,0.11122457448961243,test_16980_38060,26,16980,38060,5,cosine,none
imagenet_pretrain,38060,0.04144439769189384,0.05351903135243408,-0.7406145759497486,C:\Users\Admin\Desktop\ShiXiaoYu\data\FineTuneResNet\city_prototypes_per_city\per_city_cluster_20260607_142607,C:\Users\Admin\Desktop\ShiXiaoYu\data\FineTuneResNet\expert_models_runs\expert_run_stage6_9_66fold_test_16980_38060_imagenet_pretrain\predictions\step6_expert_summary_student_20260607_142650.json,C:\Users\Admin\Desktop\ShiXiaoYu\data\FineTuneResNet\expert_models_runs\expert_run_stage6_9_66fold_test_16980_38060_imagenet_pretrain\predictions\evaluation_student_cbsa38060_knn_k5_none.json,C:\Users\Admin\Desktop\ShiXiaoYu\data\FineTuneResNet\expert_models_runs\expert_run_stage6_9_66fold_test_16980_38060_imagenet_pretrain\predictions\predictions_student_cbsa38060_knn_k5_none.csv,C:\Users\Admin\Desktop\ShiXiaoYu\data\3.26plan_tripmode_v2_66fold\folds\test_16980_38060\logs\imagenet_pretrain\train.log,C:\Users\Admin\Desktop\ShiXiaoYu\data\3.26plan_tripmode_v2_66fold\folds\test_16980_38060\logs\imagenet_pretrain\inference.log,0.05563920254909863,0.07078518813431403,-0.47156714064281857,0.03570907138363058,0.04177175615063379,-1.7345158479463048,0.032984919142952325,0.04800014977235442,-0.015760739260122003,test_16980_38060,26,16980,38060,5,cosine,none
satellite_pretrain,16980,0.08643523133573729,0.1288924766690718,0.026540700805324408,C:\Users\Admin\Desktop\ShiXiaoYu\data\FineTuneResNet\city_prototypes_per_city\per_city_cluster_20260607_142743,C:\Users\Admin\Desktop\ShiXiaoYu\data\FineTuneResNet\expert_models_runs\expert_run_stage6_9_66fold_test_16980_38060_satellite_pretrain\predictions\step6_expert_summary_student_20260607_142823.json,C:\Users\Admin\Desktop\ShiXiaoYu\data\FineTuneResNet\expert_models_runs\expert_run_stage6_9_66fold_test_16980_38060_satellite_pretrain\predictions\evaluation_student_cbsa16980_knn_k5_none.json,C:\Users\Admin\Desktop\ShiXiaoYu\data\FineTuneResNet\expert_models_runs\expert_run_stage6_9_66fold_test_16980_38060_satellite_pretrain\predictions\predictions_student_cbsa16980_knn_k5_none.csv,C:\Users\Admin\Desktop\ShiXiaoYu\data\3.26plan_tripmode_v2_66fold\folds\test_16980_38060\logs\satellite_pretrain\train.log,C:\Users\Admin\Desktop\ShiXiaoYu\data\3.26plan_tripmode_v2_66fold\folds\test_16980_38060\logs\satellite_pretrain\inference.log,0.11982589544380207,0.17016007861369578,0.0635391642661366,0.09433364511708038,0.13877783330308527,-0.10421884392167646,0.04514615344632944,0.0777395180904344,0.1203017820715131,test_16980_38060,26,16980,38060,5,cosine,none
satellite_pretrain,38060,0.038683936450164415,0.0527717487691772,-0.7931466182422574,C:\Users\Admin\Desktop\ShiXiaoYu\data\FineTuneResNet\city_prototypes_per_city\per_city_cluster_20260607_142743,C:\Users\Admin\Desktop\ShiXiaoYu\data\FineTuneResNet\expert_models_runs\expert_run_stage6_9_66fold_test_16980_38060_satellite_pretrain\predictions\step6_expert_summary_student_20260607_142823.json,C:\Users\Admin\Desktop\ShiXiaoYu\data\FineTuneResNet\expert_models_runs\expert_run_stage6_9_66fold_test_16980_38060_satellite_pretrain\predictions\evaluation_student_cbsa38060_knn_k5_none.json,C:\Users\Admin\Desktop\ShiXiaoYu\data\FineTuneResNet\expert_models_runs\expert_run_stage6_9_66fold_test_16980_38060_satellite_pretrain\predictions\predictions_student_cbsa38060_knn_k5_none.csv,C:\Users\Admin\Desktop\ShiXiaoYu\data\3.26plan_tripmode_v2_66fold\folds\test_16980_38060\logs\satellite_pretrain\train.log,C:\Users\Admin\Desktop\ShiXiaoYu\data\3.26plan_tripmode_v2_66fold\folds\test_16980_38060\logs\satellite_pretrain\inference.log,0.05010599635096392,0.06661832631053283,-0.3034150618979681,0.034744879612709285,0.04440370166920938,-2.0899633536515623,0.03120093338682004,0.04729321832778941,0.013938560822757906,test_16980_38060,26,16980,38060,5,cosine,none
single_task_backbone_finetune,16980,0.07872658160966794,0.11041275647780112,0.21924860949478664,C:\Users\Admin\Desktop\ShiXiaoYu\data\FineTuneResNet\city_prototypes_per_city\per_city_cluster_20260607_142916,C:\Users\Admin\Desktop\ShiXiaoYu\data\FineTuneResNet\expert_models_runs\expert_run_stage6_9_66fold_test_16980_38060_single_task_backbone_finetune\predictions\step6_expert_summary_student_20260607_142959.json,C:\Users\Admin\Desktop\ShiXiaoYu\data\FineTuneResNet\expert_models_runs\expert_run_stage6_9_66fold_test_16980_38060_single_task_backbone_finetune\predictions\evaluation_student_cbsa16980_knn_k5_none.json,C:\Users\Admin\Desktop\ShiXiaoYu\data\FineTuneResNet\expert_models_runs\expert_run_stage6_9_66fold_test_16980_38060_single_task_backbone_finetune\predictions\predictions_student_cbsa16980_knn_k5_none.csv,C:\Users\Admin\Desktop\ShiXiaoYu\data\3.26plan_tripmode_v2_66fold\folds\test_16980_38060\logs\single_task_backbone_finetune\train.log,C:\Users\Admin\Desktop\ShiXiaoYu\data\3.26plan_tripmode_v2_66fold\folds\test_16980_38060\logs\single_task_backbone_finetune\inference.log,0.09752907992532614,0.13332668453382723,0.4250786678392793,0.08289349079632019,0.11423998185249372,0.2517422912340289,0.05575717410735751,0.08367160304708239,-0.019075130588948275,test_16980_38060,26,16980,38060,5,cosine,none
single_task_backbone_finetune,38060,0.03666267473425448,0.04796643907127015,-0.35710258811164247,C:\Users\Admin\Desktop\ShiXiaoYu\data\FineTuneResNet\city_prototypes_per_city\per_city_cluster_20260607_142916,C:\Users\Admin\Desktop\ShiXiaoYu\data\FineTuneResNet\expert_models_runs\expert_run_stage6_9_66fold_test_16980_38060_single_task_backbone_finetune\predictions\step6_expert_summary_student_20260607_142959.json,C:\Users\Admin\Desktop\ShiXiaoYu\data\FineTuneResNet\expert_models_runs\expert_run_stage6_9_66fold_test_16980_38060_single_task_backbone_finetune\predictions\evaluation_student_cbsa38060_knn_k5_none.json,C:\Users\Admin\Desktop\ShiXiaoYu\data\FineTuneResNet\expert_models_runs\expert_run_stage6_9_66fold_test_16980_38060_single_task_backbone_finetune\predictions\predictions_student_cbsa38060_knn_k5_none.csv,C:\Users\Admin\Desktop\ShiXiaoYu\data\3.26plan_tripmode_v2_66fold\folds\test_16980_38060\logs\single_task_backbone_finetune\train.log,C:\Users\Admin\Desktop\ShiXiaoYu\data\3.26plan_tripmode_v2_66fold\folds\test_16980_38060\logs\single_task_backbone_finetune\inference.log,0.0485069056108707,0.06225545691545244,-0.13828273883507114,0.030339617735986223,0.03577118421098036,-1.0053104273177849,0.03114150085590653,0.045872676087377634,0.07228540181792853,test_16980_38060,26,16980,38060,5,cosine,none
aef_annual_64d,16980,0.07231881755018875,0.10735109421900778,0.3091575265306502,C:\Users\Admin\Desktop\ShiXiaoYu\data\FineTuneResNet\city_prototypes_per_city\per_city_cluster_20260607_143046,C:\Users\Admin\Desktop\ShiXiaoYu\data\FineTuneResNet\expert_models_runs\expert_run_stage6_9_66fold_test_16980_41860_aef_annual_64d\predictions\step6_expert_summary_student_20260607_143114.json,C:\Users\Admin\Desktop\ShiXiaoYu\data\FineTuneResNet\expert_models_runs\expert_run_stage6_9_66fold_test_16980_41860_aef_annual_64d\predictions\evaluation_student_cbsa16980_knn_k5_none.json,C:\Users\Admin\Desktop\ShiXiaoYu\data\FineTuneResNet\expert_models_runs\expert_run_stage6_9_66fold_test_16980_41860_aef_annual_64d\predictions\predictions_student_cbsa16980_knn_k5_none.csv,C:\Users\Admin\Desktop\ShiXiaoYu\data\3.26plan_tripmode_v2_66fold\folds\test_16980_41860\logs\aef_annual_64d\train.log,C:\Users\Admin\Desktop\ShiXiaoYu\data\3.26plan_tripmode_v2_66fold\folds\test_16980_41860\logs\aef_annual_64d\inference.log,0.09661184542645979,0.13984096215225808,0.36752542641408037,0.07267523069936088,0.1115757069199865,0.2862366518400803,0.04766937652474558,0.07063661358477875,0.27371050133778996,test_16980_41860,27,16980,41860,5,cosine,none
aef_annual_64d,41860,0.09668921684671439,0.13103306644447898,0.2871366674133591,C:\Users\Admin\Desktop\ShiXiaoYu\data\FineTuneResNet\city_prototypes_per_city\per_city_cluster_20260607_143046,C:\Users\Admin\Desktop\ShiXiaoYu\data\FineTuneResNet\expert_models_runs\expert_run_stage6_9_66fold_test_16980_41860_aef_annual_64d\predictions\step6_expert_summary_student_20260607_143114.json,C:\Users\Admin\Desktop\ShiXiaoYu\data\FineTuneResNet\expert_models_runs\expert_run_stage6_9_66fold_test_16980_41860_aef_annual_64d\predictions\evaluation_student_cbsa41860_knn_k5_none.json,C:\Users\Admin\Desktop\ShiXiaoYu\data\FineTuneResNet\expert_models_runs\expert_run_stage6_9_66fold_test_16980_41860_aef_annual_64d\predictions\predictions_student_cbsa41860_knn_k5_none.csv,C:\Users\Admin\Desktop\ShiXiaoYu\data\3.26plan_tripmode_v2_66fold\folds\test_16980_41860\logs\aef_annual_64d\train.log,C:\Users\Admin\Desktop\ShiXiaoYu\data\3.26plan_tripmode_v2_66fold\folds\test_16980_41860\logs\aef_annual_64d\inference.log,0.1288844411692402,0.1700068167304065,0.3989338941830778,0.08700792997842502,0.10962594553339024,0.22507894476783596,0.07417527939247792,0.11346643706964021,0.2373971632891635,test_16980_41860,27,16980,41860,5,cosine,none
clay_v1_5_768d,16980,0.09023181231359952,0.1400392054096546,-0.13505185427809607,C:\Users\Admin\Desktop\ShiXiaoYu\data\FineTuneResNet\city_prototypes_per_city\per_city_cluster_20260607_143206,C:\Users\Admin\Desktop\ShiXiaoYu\data\FineTuneResNet\expert_models_runs\expert_run_stage6_9_66fold_test_16980_41860_clay_v1_5_768d\predictions\step6_expert_summary_student_20260607_143242.json,C:\Users\Admin\Desktop\ShiXiaoYu\data\FineTuneResNet\expert_models_runs\expert_run_stage6_9_66fold_test_16980_41860_clay_v1_5_768d\predictions\evaluation_student_cbsa16980_knn_k5_none.json,C:\Users\Admin\Desktop\ShiXiaoYu\data\FineTuneResNet\expert_models_runs\expert_run_stage6_9_66fold_test_16980_41860_clay_v1_5_768d\predictions\predictions_student_cbsa16980_knn_k5_none.csv,C:\Users\Admin\Desktop\ShiXiaoYu\data\3.26plan_tripmode_v2_66fold\folds\test_16980_41860\logs\clay_v1_5_768d\train.log,C:\Users\Admin\Desktop\ShiXiaoYu\data\3.26plan_tripmode_v2_66fold\folds\test_16980_41860\logs\clay_v1_5_768d\inference.log,0.1248132870578524,0.18713981733618565,-0.13267852503762145,0.10053034759311984,0.15313076995786756,-0.3444352205704355,0.045351802289826305,0.07984702893491052,0.07195818277376875,test_16980_41860,27,16980,41860,5,cosine,none
clay_v1_5_768d,41860,0.1017166425696579,0.14370116302709143,0.1266377902842901,C:\Users\Admin\Desktop\ShiXiaoYu\data\FineTuneResNet\city_prototypes_per_city\per_city_cluster_20260607_143206,C:\Users\Admin\Desktop\ShiXiaoYu\data\FineTuneResNet\expert_models_runs\expert_run_stage6_9_66fold_test_16980_41860_clay_v1_5_768d\predictions\step6_expert_summary_student_20260607_143242.json,C:\Users\Admin\Desktop\ShiXiaoYu\data\FineTuneResNet\expert_models_runs\expert_run_stage6_9_66fold_test_16980_41860_clay_v1_5_768d\predictions\evaluation_student_cbsa41860_knn_k5_none.json,C:\Users\Admin\Desktop\ShiXiaoYu\data\FineTuneResNet\expert_models_runs\expert_run_stage6_9_66fold_test_16980_41860_clay_v1_5_768d\predictions\predictions_student_cbsa41860_knn_k5_none.csv,C:\Users\Admin\Desktop\ShiXiaoYu\data\3.26plan_tripmode_v2_66fold\folds\test_16980_41860\logs\clay_v1_5_768d\train.log,C:\Users\Admin\Desktop\ShiXiaoYu\data\3.26plan_tripmode_v2_66fold\folds\test_16980_41860\logs\clay_v1_5_768d\inference.log,0.1393817538104842,0.19141590118037918,0.20792815018545008,0.08969903459912515,0.12054316554656132,0.03788950877772557,0.07606913929936435,0.11914442235433373,0.1340957118896946,test_16980_41860,27,16980,41860,5,cosine,none
prithvi_eo_v2_1024d,16980,0.09311748936760104,0.1419219620351043,-0.16021858986791446,C:\Users\Admin\Desktop\ShiXiaoYu\data\FineTuneResNet\city_prototypes_per_city\per_city_cluster_20260607_143335,C:\Users\Admin\Desktop\ShiXiaoYu\data\FineTuneResNet\expert_models_runs\expert_run_stage6_9_66fold_test_16980_41860_prithvi_eo_v2_1024d\predictions\step6_expert_summary_student_20260607_143412.json,C:\Users\Admin\Desktop\ShiXiaoYu\data\FineTuneResNet\expert_models_runs\expert_run_stage6_9_66fold_test_16980_41860_prithvi_eo_v2_1024d\predictions\evaluation_student_cbsa16980_knn_k5_none.json,C:\Users\Admin\Desktop\ShiXiaoYu\data\FineTuneResNet\expert_models_runs\expert_run_stage6_9_66fold_test_16980_41860_prithvi_eo_v2_1024d\predictions\predictions_student_cbsa16980_knn_k5_none.csv,C:\Users\Admin\Desktop\ShiXiaoYu\data\3.26plan_tripmode_v2_66fold\folds\test_16980_41860\logs\prithvi_eo_v2_1024d\train.log,C:\Users\Admin\Desktop\ShiXiaoYu\data\3.26plan_tripmode_v2_66fold\folds\test_16980_41860\logs\prithvi_eo_v2_1024d\inference.log,0.13180307737883448,0.1927542506173736,-0.2016616241623419,0.10154074264116804,0.15215841668719313,-0.32741557741778005,0.04600864808280057,0.08085321880074614,0.048421431976378604,test_16980_41860,27,16980,41860,5,cosine,none
prithvi_eo_v2_1024d,41860,0.11707807819301952,0.1777780248281807,-0.3176537455619552,C:\Users\Admin\Desktop\ShiXiaoYu\data\FineTuneResNet\city_prototypes_per_city\per_city_cluster_20260607_143335,C:\Users\Admin\Desktop\ShiXiaoYu\data\FineTuneResNet\expert_models_runs\expert_run_stage6_9_66fold_test_16980_41860_prithvi_eo_v2_1024d\predictions\step6_expert_summary_student_20260607_143412.json,C:\Users\Admin\Desktop\ShiXiaoYu\data\FineTuneResNet\expert_models_runs\expert_run_stage6_9_66fold_test_16980_41860_prithvi_eo_v2_1024d\predictions\evaluation_student_cbsa41860_knn_k5_none.json,C:\Users\Admin\Desktop\ShiXiaoYu\data\FineTuneResNet\expert_models_runs\expert_run_stage6_9_66fold_test_16980_41860_prithvi_eo_v2_1024d\predictions\predictions_student_cbsa41860_knn_k5_none.csv,C:\Users\Admin\Desktop\ShiXiaoYu\data\3.26plan_tripmode_v2_66fold\folds\test_16980_41860\logs\prithvi_eo_v2_1024d\train.log,C:\Users\Admin\Desktop\ShiXiaoYu\data\3.26plan_tripmode_v2_66fold\folds\test_16980_41860\logs\prithvi_eo_v2_1024d\inference.log,0.16387598300144735,0.24753316477569837,-0.32457130641697285,0.10788697631846418,0.15363747996993546,-0.5629105263594405,0.07947127525914706,0.1321634297389082,-0.06547940390945217,test_16980_41860,27,16980,41860,5,cosine,none
imagenet_pretrain,16980,0.08715940747503077,0.1348552950126332,-0.05561582306145226,C:\Users\Admin\Desktop\ShiXiaoYu\data\FineTuneResNet\city_prototypes_per_city\per_city_cluster_20260607_143511,C:\Users\Admin\Desktop\ShiXiaoYu\data\FineTuneResNet\expert_models_runs\expert_run_stage6_9_66fold_test_16980_41860_imagenet_pretrain\predictions\step6_expert_summary_student_20260607_143554.json,C:\Users\Admin\Desktop\ShiXiaoYu\data\FineTuneResNet\expert_models_runs\expert_run_stage6_9_66fold_test_16980_41860_imagenet_pretrain\predictions\evaluation_student_cbsa16980_knn_k5_none.json,C:\Users\Admin\Desktop\ShiXiaoYu\data\FineTuneResNet\expert_models_runs\expert_run_stage6_9_66fold_test_16980_41860_imagenet_pretrain\predictions\predictions_student_cbsa16980_knn_k5_none.csv,C:\Users\Admin\Desktop\ShiXiaoYu\data\3.26plan_tripmode_v2_66fold\folds\test_16980_41860\logs\imagenet_pretrain\train.log,C:\Users\Admin\Desktop\ShiXiaoYu\data\3.26plan_tripmode_v2_66fold\folds\test_16980_41860\logs\imagenet_pretrain\inference.log,0.12072972110944787,0.18017574072238263,-0.04994583831339794,0.09536299033797122,0.1459543935606676,-0.2213757540893171,0.04538551097767322,0.07843575075484928,0.10447412321835825,test_16980_41860,27,16980,41860,5,cosine,none
imagenet_pretrain,41860,0.10142268098862718,0.15188547223746474,0.03868997812228089,C:\Users\Admin\Desktop\ShiXiaoYu\data\FineTuneResNet\city_prototypes_per_city\per_city_cluster_20260607_143511,C:\Users\Admin\Desktop\ShiXiaoYu\data\FineTuneResNet\expert_models_runs\expert_run_stage6_9_66fold_test_16980_41860_imagenet_pretrain\predictions\step6_expert_summary_student_20260607_143554.json,C:\Users\Admin\Desktop\ShiXiaoYu\data\FineTuneResNet\expert_models_runs\expert_run_stage6_9_66fold_test_16980_41860_imagenet_pretrain\predictions\evaluation_student_cbsa41860_knn_k5_none.json,C:\Users\Admin\Desktop\ShiXiaoYu\data\FineTuneResNet\expert_models_runs\expert_run_stage6_9_66fold_test_16980_41860_imagenet_pretrain\predictions\predictions_student_cbsa41860_knn_k5_none.csv,C:\Users\Admin\Desktop\ShiXiaoYu\data\3.26plan_tripmode_v2_66fold\folds\test_16980_41860\logs\imagenet_pretrain\train.log,C:\Users\Admin\Desktop\ShiXiaoYu\data\3.26plan_tripmode_v2_66fold\folds\test_16980_41860\logs\imagenet_pretrain\inference.log,0.1425560990451962,0.20899597495115996,0.05575564259076504,0.08909763734366596,0.1262089570146627,-0.054678569818308986,0.0726143065770194,0.12045148474657154,0.1149928615943866,test_16980_41860,27,16980,41860,5,cosine,none
satellite_pretrain,16980,0.08754074078331762,0.1321014612597408,-0.01786237325077648,C:\Users\Admin\Desktop\ShiXiaoYu\data\FineTuneResNet\city_prototypes_per_city\per_city_cluster_20260607_143647,C:\Users\Admin\Desktop\ShiXiaoYu\data\FineTuneResNet\expert_models_runs\expert_run_stage6_9_66fold_test_16980_41860_satellite_pretrain\predictions\step6_expert_summary_student_20260607_143726.json,C:\Users\Admin\Desktop\ShiXiaoYu\data\FineTuneResNet\expert_models_runs\expert_run_stage6_9_66fold_test_16980_41860_satellite_pretrain\predictions\evaluation_student_cbsa16980_knn_k5_none.json,C:\Users\Admin\Desktop\ShiXiaoYu\data\FineTuneResNet\expert_models_runs\expert_run_stage6_9_66fold_test_16980_41860_satellite_pretrain\predictions\predictions_student_cbsa16980_knn_k5_none.csv,C:\Users\Admin\Desktop\ShiXiaoYu\data\3.26plan_tripmode_v2_66fold\folds\test_16980_41860\logs\satellite_pretrain\train.log,C:\Users\Admin\Desktop\ShiXiaoYu\data\3.26plan_tripmode_v2_66fold\folds\test_16980_41860\logs\satellite_pretrain\inference.log,0.12179053561321308,0.17547941815632714,0.004074997020975801,0.09605847664871088,0.14243538459205632,-0.16319019850809147,0.04477321008802892,0.07838958103083887,0.10552808173478623,test_16980_41860,27,16980,41860,5,cosine,none
satellite_pretrain,41860,0.10969200406307256,0.1668591738927937,-0.1597929901577617,C:\Users\Admin\Desktop\ShiXiaoYu\data\FineTuneResNet\city_prototypes_per_city\per_city_cluster_20260607_143647,C:\Users\Admin\Desktop\ShiXiaoYu\data\FineTuneResNet\expert_models_runs\expert_run_stage6_9_66fold_test_16980_41860_satellite_pretrain\predictions\step6_expert_summary_student_20260607_143726.json,C:\Users\Admin\Desktop\ShiXiaoYu\data\FineTuneResNet\expert_models_runs\expert_run_stage6_9_66fold_test_16980_41860_satellite_pretrain\predictions\evaluation_student_cbsa41860_knn_k5_none.json,C:\Users\Admin\Desktop\ShiXiaoYu\data\FineTuneResNet\expert_models_runs\expert_run_stage6_9_66fold_test_16980_41860_satellite_pretrain\predictions\predictions_student_cbsa41860_knn_k5_none.csv,C:\Users\Admin\Desktop\ShiXiaoYu\data\3.26plan_tripmode_v2_66fold\folds\test_16980_41860\logs\satellite_pretrain\train.log,C:\Users\Admin\Desktop\ShiXiaoYu\data\3.26plan_tripmode_v2_66fold\folds\test_16980_41860\logs\satellite_pretrain\inference.log,0.1543830223816583,0.23175015339804814,-0.16104382916788285,0.09935148945956888,0.14260079680944132,-0.3464296616993592,0.07534150034799049,0.12622657147089167,0.02809452039395699,test_16980_41860,27,16980,41860,5,cosine,none
single_task_backbone_finetune,16980,0.0799355897538951,0.11177046269976199,0.2179476046016154,C:\Users\Admin\Desktop\ShiXiaoYu\data\FineTuneResNet\city_prototypes_per_city\per_city_cluster_20260607_143820,C:\Users\Admin\Desktop\ShiXiaoYu\data\FineTuneResNet\expert_models_runs\expert_run_stage6_9_66fold_test_16980_41860_single_task_backbone_finetune\predictions\step6_expert_summary_student_20260607_143902.json,C:\Users\Admin\Desktop\ShiXiaoYu\data\FineTuneResNet\expert_models_runs\expert_run_stage6_9_66fold_test_16980_41860_single_task_backbone_finetune\predictions\evaluation_student_cbsa16980_knn_k5_none.json,C:\Users\Admin\Desktop\ShiXiaoYu\data\FineTuneResNet\expert_models_runs\expert_run_stage6_9_66fold_test_16980_41860_single_task_backbone_finetune\predictions\predictions_student_cbsa16980_knn_k5_none.csv,C:\Users\Admin\Desktop\ShiXiaoYu\data\3.26plan_tripmode_v2_66fold\folds\test_16980_41860\logs\single_task_backbone_finetune\train.log,C:\Users\Admin\Desktop\ShiXiaoYu\data\3.26plan_tripmode_v2_66fold\folds\test_16980_41860\logs\single_task_backbone_finetune\inference.log,0.10144589594585365,0.1373540507111766,0.3898210691618711,0.08412953288491413,0.11728756221311037,0.21128723771138158,0.054231340430917555,0.08066977517499895,0.05273450693159354,test_16980_41860,27,16980,41860,5,cosine,none
single_task_backbone_finetune,41860,0.08075092220201262,0.11388634224630169,0.43053698616006586,C:\Users\Admin\Desktop\ShiXiaoYu\data\FineTuneResNet\city_prototypes_per_city\per_city_cluster_20260607_143820,C:\Users\Admin\Desktop\ShiXiaoYu\data\FineTuneResNet\expert_models_runs\expert_run_stage6_9_66fold_test_16980_41860_single_task_backbone_finetune\predictions\step6_expert_summary_student_20260607_143902.json,C:\Users\Admin\Desktop\ShiXiaoYu\data\FineTuneResNet\expert_models_runs\expert_run_stage6_9_66fold_test_16980_41860_single_task_backbone_finetune\predictions\evaluation_student_cbsa41860_knn_k5_none.json,C:\Users\Admin\Desktop\ShiXiaoYu\data\FineTuneResNet\expert_models_runs\expert_run_stage6_9_66fold_test_16980_41860_single_task_backbone_finetune\predictions\predictions_student_cbsa41860_knn_k5_none.csv,C:\Users\Admin\Desktop\ShiXiaoYu\data\3.26plan_tripmode_v2_66fold\folds\test_16980_41860\logs\single_task_backbone_finetune\train.log,C:\Users\Admin\Desktop\ShiXiaoYu\data\3.26plan_tripmode_v2_66fold\folds\test_16980_41860\logs\single_task_backbone_finetune\inference.log,0.10362705630564412,0.14224600949329724,0.5625899698951482,0.07583607132705658,0.10376795583979502,0.28703815434525193,0.06278963897333713,0.09564506140581279,0.44198283423979745,test_16980_41860,27,16980,41860,5,cosine,none
aef_annual_64d,16980,0.07277548770297013,0.10741140744138788,0.30461311453025813,C:\Users\Admin\Desktop\ShiXiaoYu\data\FineTuneResNet\city_prototypes_per_city\per_city_cluster_20260607_143949,C:\Users\Admin\Desktop\ShiXiaoYu\data\FineTuneResNet\expert_models_runs\expert_run_stage6_9_66fold_test_16980_42660_aef_annual_64d\predictions\step6_expert_summary_student_20260607_144016.json,C:\Users\Admin\Desktop\ShiXiaoYu\data\FineTuneResNet\expert_models_runs\expert_run_stage6_9_66fold_test_16980_42660_aef_annual_64d\predictions\evaluation_student_cbsa16980_knn_k5_none.json,C:\Users\Admin\Desktop\ShiXiaoYu\data\FineTuneResNet\expert_models_runs\expert_run_stage6_9_66fold_test_16980_42660_aef_annual_64d\predictions\predictions_student_cbsa16980_knn_k5_none.csv,C:\Users\Admin\Desktop\ShiXiaoYu\data\3.26plan_tripmode_v2_66fold\folds\test_16980_42660\logs\aef_annual_64d\train.log,C:\Users\Admin\Desktop\ShiXiaoYu\data\3.26plan_tripmode_v2_66fold\folds\test_16980_42660\logs\aef_annual_64d\inference.log,0.09716823889061839,0.13968506328562172,0.36893484330339443,0.07232814008693253,0.1105722591764328,0.29901727562358604,0.048830084131359454,0.07197689986210916,0.24588722466379398,test_16980_42660,28,16980,42660,5,cosine,none
aef_annual_64d,42660,0.062077294909317994,0.08682732036208025,0.3898650905927567,C:\Users\Admin\Desktop\ShiXiaoYu\data\FineTuneResNet\city_prototypes_per_city\per_city_cluster_20260607_143949,C:\Users\Admin\Desktop\ShiXiaoYu\data\FineTuneResNet\expert_models_runs\expert_run_stage6_9_66fold_test_16980_42660_aef_annual_64d\predictions\step6_expert_summary_student_20260607_144016.json,C:\Users\Admin\Desktop\ShiXiaoYu\data\FineTuneResNet\expert_models_runs\expert_run_stage6_9_66fold_test_16980_42660_aef_annual_64d\predictions\evaluation_student_cbsa42660_knn_k5_none.json,C:\Users\Admin\Desktop\ShiXiaoYu\data\FineTuneResNet\expert_models_runs\expert_run_stage6_9_66fold_test_16980_42660_aef_annual_64d\predictions\predictions_student_cbsa42660_knn_k5_none.csv,C:\Users\Admin\Desktop\ShiXiaoYu\data\3.26plan_tripmode_v2_66fold\folds\test_16980_42660\logs\aef_annual_64d\train.log,C:\Users\Admin\Desktop\ShiXiaoYu\data\3.26plan_tripmode_v2_66fold\folds\test_16980_42660\logs\aef_annual_64d\inference.log,0.07980014575796396,0.10531585796988903,0.5705022581778878,0.053830299309066916,0.07445499908891341,0.23471627098753267,0.052601439660923135,0.08071110402743835,0.3643767426128496,test_16980_42660,28,16980,42660,5,cosine,none
clay_v1_5_768d,16980,0.08962590581632178,0.13911184722460726,-0.11995327165376846,C:\Users\Admin\Desktop\ShiXiaoYu\data\FineTuneResNet\city_prototypes_per_city\per_city_cluster_20260607_144107,C:\Users\Admin\Desktop\ShiXiaoYu\data\FineTuneResNet\expert_models_runs\expert_run_stage6_9_66fold_test_16980_42660_clay_v1_5_768d\predictions\step6_expert_summary_student_20260607_144142.json,C:\Users\Admin\Desktop\ShiXiaoYu\data\FineTuneResNet\expert_models_runs\expert_run_stage6_9_66fold_test_16980_42660_clay_v1_5_768d\predictions\evaluation_student_cbsa16980_knn_k5_none.json,C:\Users\Admin\Desktop\ShiXiaoYu\data\FineTuneResNet\expert_models_runs\expert_run_stage6_9_66fold_test_16980_42660_clay_v1_5_768d\predictions\predictions_student_cbsa16980_knn_k5_none.csv,C:\Users\Admin\Desktop\ShiXiaoYu\data\3.26plan_tripmode_v2_66fold\folds\test_16980_42660\logs\clay_v1_5_768d\train.log,C:\Users\Admin\Desktop\ShiXiaoYu\data\3.26plan_tripmode_v2_66fold\folds\test_16980_42660\logs\clay_v1_5_768d\inference.log,0.12366676942720008,0.18607811245865907,-0.11986287686543684,0.09973215597743802,0.15183145531606115,-0.32171694677133034,0.04547879204432723,0.07942597389910155,0.08172000867546181,test_16980_42660,28,16980,42660,5,cosine,none
clay_v1_5_768d,42660,0.07219700216803356,0.10897035147692957,0.06868464399229386,C:\Users\Admin\Desktop\ShiXiaoYu\data\FineTuneResNet\city_prototypes_per_city\per_city_cluster_20260607_144107,C:\Users\Admin\Desktop\ShiXiaoYu\data\FineTuneResNet\expert_models_runs\expert_run_stage6_9_66fold_test_16980_42660_clay_v1_5_768d\predictions\step6_expert_summary_student_20260607_144142.json,C:\Users\Admin\Desktop\ShiXiaoYu\data\FineTuneResNet\expert_models_runs\expert_run_stage6_9_66fold_test_16980_42660_clay_v1_5_768d\predictions\evaluation_student_cbsa42660_knn_k5_none.json,C:\Users\Admin\Desktop\ShiXiaoYu\data\FineTuneResNet\expert_models_runs\expert_run_stage6_9_66fold_test_16980_42660_clay_v1_5_768d\predictions\predictions_student_cbsa42660_knn_k5_none.csv,C:\Users\Admin\Desktop\ShiXiaoYu\data\3.26plan_tripmode_v2_66fold\folds\test_16980_42660\logs\clay_v1_5_768d\train.log,C:\Users\Admin\Desktop\ShiXiaoYu\data\3.26plan_tripmode_v2_66fold\folds\test_16980_42660\logs\clay_v1_5_768d\inference.log,0.0979775585531641,0.14390440960934117,0.19809753473260894,0.06402850095095956,0.0939113626971104,-0.21750580123032148,0.05458494699997698,0.08909528212433715,0.22546219847459414,test_16980_42660,28,16980,42660,5,cosine,none
prithvi_eo_v2_1024d,16980,0.09656155620561067,0.1477180182768648,-0.2537430806190867,C:\Users\Admin\Desktop\ShiXiaoYu\data\FineTuneResNet\city_prototypes_per_city\per_city_cluster_20260607_144233,C:\Users\Admin\Desktop\ShiXiaoYu\data\FineTuneResNet\expert_models_runs\expert_run_stage6_9_66fold_test_16980_42660_prithvi_eo_v2_1024d\predictions\step6_expert_summary_student_20260607_144307.json,C:\Users\Admin\Desktop\ShiXiaoYu\data\FineTuneResNet\expert_models_runs\expert_run_stage6_9_66fold_test_16980_42660_prithvi_eo_v2_1024d\predictions\evaluation_student_cbsa16980_knn_k5_none.json,C:\Users\Admin\Desktop\ShiXiaoYu\data\FineTuneResNet\expert_models_runs\expert_run_stage6_9_66fold_test_16980_42660_prithvi_eo_v2_1024d\predictions\predictions_student_cbsa16980_knn_k5_none.csv,C:\Users\Admin\Desktop\ShiXiaoYu\data\3.26plan_tripmode_v2_66fold\folds\test_16980_42660\logs\prithvi_eo_v2_1024d\train.log,C:\Users\Admin\Desktop\ShiXiaoYu\data\3.26plan_tripmode_v2_66fold\folds\test_16980_42660\logs\prithvi_eo_v2_1024d\inference.log,0.1365249371278181,0.20091564747376273,-0.3055748837944099,0.10637625191644641,0.15939966858126933,-0.4567659339546406,0.04678347957256749,0.08283873877556226,0.0011115758917904506,test_16980_42660,28,16980,42660,5,cosine,none
prithvi_eo_v2_1024d,42660,0.09611553995180283,0.13084909679130366,-0.31644312772712446,C:\Users\Admin\Desktop\ShiXiaoYu\data\FineTuneResNet\city_prototypes_per_city\per_city_cluster_20260607_144233,C:\Users\Admin\Desktop\ShiXiaoYu\data\FineTuneResNet\expert_models_runs\expert_run_stage6_9_66fold_test_16980_42660_prithvi_eo_v2_1024d\predictions\step6_expert_summary_student_20260607_144307.json,C:\Users\Admin\Desktop\ShiXiaoYu\data\FineTuneResNet\expert_models_runs\expert_run_stage6_9_66fold_test_16980_42660_prithvi_eo_v2_1024d\predictions\evaluation_student_cbsa42660_knn_k5_none.json,C:\Users\Admin\Desktop\ShiXiaoYu\data\FineTuneResNet\expert_models_runs\expert_run_stage6_9_66fold_test_16980_42660_prithvi_eo_v2_1024d\predictions\predictions_student_cbsa42660_knn_k5_none.csv,C:\Users\Admin\Desktop\ShiXiaoYu\data\3.26plan_tripmode_v2_66fold\folds\test_16980_42660\logs\prithvi_eo_v2_1024d\train.log,C:\Users\Admin\Desktop\ShiXiaoYu\data\3.26plan_tripmode_v2_66fold\folds\test_16980_42660\logs\prithvi_eo_v2_1024d\inference.log,0.1359905754703726,0.18079999494072702,-0.2658148095900372,0.08531646548072867,0.11028181443176319,-0.6789685457789443,0.06703957890430721,0.10146548100142082,-0.004546027812391884,test_16980_42660,28,16980,42660,5,cosine,none
imagenet_pretrain,16980,0.08879804397768738,0.13745169371484722,-0.09688485038018331,C:\Users\Admin\Desktop\ShiXiaoYu\data\FineTuneResNet\city_prototypes_per_city\per_city_cluster_20260607_144402,C:\Users\Admin\Desktop\ShiXiaoYu\data\FineTuneResNet\expert_models_runs\expert_run_stage6_9_66fold_test_16980_42660_imagenet_pretrain\predictions\step6_expert_summary_student_20260607_144443.json,C:\Users\Admin\Desktop\ShiXiaoYu\data\FineTuneResNet\expert_models_runs\expert_run_stage6_9_66fold_test_16980_42660_imagenet_pretrain\predictions\evaluation_student_cbsa16980_knn_k5_none.json,C:\Users\Admin\Desktop\ShiXiaoYu\data\FineTuneResNet\expert_models_runs\expert_run_stage6_9_66fold_test_16980_42660_imagenet_pretrain\predictions\predictions_student_cbsa16980_knn_k5_none.csv,C:\Users\Admin\Desktop\ShiXiaoYu\data\3.26plan_tripmode_v2_66fold\folds\test_16980_42660\logs\imagenet_pretrain\train.log,C:\Users\Admin\Desktop\ShiXiaoYu\data\3.26plan_tripmode_v2_66fold\folds\test_16980_42660\logs\imagenet_pretrain\inference.log,0.12285798345422741,0.18325895813234763,-0.08618722469854001,0.09807023072360423,0.1493660058434701,-0.27914119137557236,0.045465917755230525,0.0797301171687239,0.07467386493356243,test_16980_42660,28,16980,42660,5,cosine,none
imagenet_pretrain,42660,0.06660720170415026,0.10777956677417315,0.10547150031673373,C:\Users\Admin\Desktop\ShiXiaoYu\data\FineTuneResNet\city_prototypes_per_city\per_city_cluster_20260607_144402,C:\Users\Admin\Desktop\ShiXiaoYu\data\FineTuneResNet\expert_models_runs\expert_run_stage6_9_66fold_test_16980_42660_imagenet_pretrain\predictions\step6_expert_summary_student_20260607_144443.json,C:\Users\Admin\Desktop\ShiXiaoYu\data\FineTuneResNet\expert_models_runs\expert_run_stage6_9_66fold_test_16980_42660_imagenet_pretrain\predictions\evaluation_student_cbsa42660_knn_k5_none.json,C:\Users\Admin\Desktop\ShiXiaoYu\data\FineTuneResNet\expert_models_runs\expert_run_stage6_9_66fold_test_16980_42660_imagenet_pretrain\predictions\predictions_student_cbsa42660_knn_k5_none.csv,C:\Users\Admin\Desktop\ShiXiaoYu\data\3.26plan_tripmode_v2_66fold\folds\test_16980_42660\logs\imagenet_pretrain\train.log,C:\Users\Admin\Desktop\ShiXiaoYu\data\3.26plan_tripmode_v2_66fold\folds\test_16980_42660\logs\imagenet_pretrain\inference.log,0.09123408995095318,0.1442833968351604,0.19386818579397236,0.058015172933776164,0.08790893851082497,-0.06684377263237407,0.05057234222772145,0.09114636497653406,0.1893900877886029,test_16980_42660,28,16980,42660,5,cosine,none
satellite_pretrain,16980,0.08608608300363531,0.12803056915483238,0.04037674260737367,C:\Users\Admin\Desktop\ShiXiaoYu\data\FineTuneResNet\city_prototypes_per_city\per_city_cluster_20260607_144536,C:\Users\Admin\Desktop\ShiXiaoYu\data\FineTuneResNet\expert_models_runs\expert_run_stage6_9_66fold_test_16980_42660_satellite_pretrain\predictions\step6_expert_summary_student_20260607_144614.json,C:\Users\Admin\Desktop\ShiXiaoYu\data\FineTuneResNet\expert_models_runs\expert_run_stage6_9_66fold_test_16980_42660_satellite_pretrain\predictions\evaluation_student_cbsa16980_knn_k5_none.json,C:\Users\Admin\Desktop\ShiXiaoYu\data\FineTuneResNet\expert_models_runs\expert_run_stage6_9_66fold_test_16980_42660_satellite_pretrain\predictions\predictions_student_cbsa16980_knn_k5_none.csv,C:\Users\Admin\Desktop\ShiXiaoYu\data\3.26plan_tripmode_v2_66fold\folds\test_16980_42660\logs\satellite_pretrain\train.log,C:\Users\Admin\Desktop\ShiXiaoYu\data\3.26plan_tripmode_v2_66fold\folds\test_16980_42660\logs\satellite_pretrain\inference.log,0.11963077664750531,0.1693262444863863,0.07269454085127969,0.09384360824420329,0.13771177705755125,-0.08731934280410125,0.044783864119197304,0.07705368592055958,0.13575502977494258,test_16980_42660,28,16980,42660,5,cosine,none
satellite_pretrain,42660,0.08659686299109488,0.11756188451694345,-0.05245224903922633,C:\Users\Admin\Desktop\ShiXiaoYu\data\FineTuneResNet\city_prototypes_per_city\per_city_cluster_20260607_144536,C:\Users\Admin\Desktop\ShiXiaoYu\data\FineTuneResNet\expert_models_runs\expert_run_stage6_9_66fold_test_16980_42660_satellite_pretrain\predictions\step6_expert_summary_student_20260607_144614.json,C:\Users\Admin\Desktop\ShiXiaoYu\data\FineTuneResNet\expert_models_runs\expert_run_stage6_9_66fold_test_16980_42660_satellite_pretrain\predictions\evaluation_student_cbsa42660_knn_k5_none.json,C:\Users\Admin\Desktop\ShiXiaoYu\data\FineTuneResNet\expert_models_runs\expert_run_stage6_9_66fold_test_16980_42660_satellite_pretrain\predictions\predictions_student_cbsa42660_knn_k5_none.csv,C:\Users\Admin\Desktop\ShiXiaoYu\data\3.26plan_tripmode_v2_66fold\folds\test_16980_42660\logs\satellite_pretrain\train.log,C:\Users\Admin\Desktop\ShiXiaoYu\data\3.26plan_tripmode_v2_66fold\folds\test_16980_42660\logs\satellite_pretrain\inference.log,0.12299440764034501,0.15982714417609742,0.010822057791020079,0.07408619722797687,0.09319406478351316,-0.19897813546454435,0.06270998410496278,0.09966444459121984,0.030799330555845272,test_16980_42660,28,16980,42660,5,cosine,none
single_task_backbone_finetune,16980,0.07842782376053696,0.10932035190179595,0.2306969470449268,C:\Users\Admin\Desktop\ShiXiaoYu\data\FineTuneResNet\city_prototypes_per_city\per_city_cluster_20260607_144711,C:\Users\Admin\Desktop\ShiXiaoYu\data\FineTuneResNet\expert_models_runs\expert_run_stage6_9_66fold_test_16980_42660_single_task_backbone_finetune\predictions\step6_expert_summary_student_20260607_144755.json,C:\Users\Admin\Desktop\ShiXiaoYu\data\FineTuneResNet\expert_models_runs\expert_run_stage6_9_66fold_test_16980_42660_single_task_backbone_finetune\predictions\evaluation_student_cbsa16980_knn_k5_none.json,C:\Users\Admin\Desktop\ShiXiaoYu\data\FineTuneResNet\expert_models_runs\expert_run_stage6_9_66fold_test_16980_42660_single_task_backbone_finetune\predictions\predictions_student_cbsa16980_knn_k5_none.csv,C:\Users\Admin\Desktop\ShiXiaoYu\data\3.26plan_tripmode_v2_66fold\folds\test_16980_42660\logs\single_task_backbone_finetune\train.log,C:\Users\Admin\Desktop\ShiXiaoYu\data\3.26plan_tripmode_v2_66fold\folds\test_16980_42660\logs\single_task_backbone_finetune\inference.log,0.09570853277751566,0.13094001928585935,0.44547763699962284,0.08214084247859686,0.11355487778224661,0.2606900736802128,0.057434096025498364,0.08346615863728189,-0.01407686954505527,test_16980_42660,28,16980,42660,5,cosine,none
single_task_backbone_finetune,42660,0.06422970179088203,0.08971767524059661,0.368448799067874,C:\Users\Admin\Desktop\ShiXiaoYu\data\FineTuneResNet\city_prototypes_per_city\per_city_cluster_20260607_144711,C:\Users\Admin\Desktop\ShiXiaoYu\data\FineTuneResNet\expert_models_runs\expert_run_stage6_9_66fold_test_16980_42660_single_task_backbone_finetune\predictions\step6_expert_summary_student_20260607_144755.json,C:\Users\Admin\Desktop\ShiXiaoYu\data\FineTuneResNet\expert_models_runs\expert_run_stage6_9_66fold_test_16980_42660_single_task_backbone_finetune\predictions\evaluation_student_cbsa42660_knn_k5_none.json,C:\Users\Admin\Desktop\ShiXiaoYu\data\FineTuneResNet\expert_models_runs\expert_run_stage6_9_66fold_test_16980_42660_single_task_backbone_finetune\predictions\predictions_student_cbsa42660_knn_k5_none.csv,C:\Users\Admin\Desktop\ShiXiaoYu\data\3.26plan_tripmode_v2_66fold\folds\test_16980_42660\logs\single_task_backbone_finetune\train.log,C:\Users\Admin\Desktop\ShiXiaoYu\data\3.26plan_tripmode_v2_66fold\folds\test_16980_42660\logs\single_task_backbone_finetune\inference.log,0.08570823419706865,0.11475547973434679,0.4900586724594488,0.05422759956678343,0.0735820413371247,0.2525564157579503,0.05275327160879401,0.08081550465031832,0.36273130898622274,test_16980_42660,28,16980,42660,5,cosine,none
aef_annual_64d,16980,0.0713945332939629,0.1087838690124902,0.2935036024866411,C:\Users\Admin\Desktop\ShiXiaoYu\data\FineTuneResNet\city_prototypes_per_city\per_city_cluster_20260607_144843,C:\Users\Admin\Desktop\ShiXiaoYu\data\FineTuneResNet\expert_models_runs\expert_run_stage6_9_66fold_test_16980_47900_aef_annual_64d\predictions\step6_expert_summary_student_20260607_144916.json,C:\Users\Admin\Desktop\ShiXiaoYu\data\FineTuneResNet\expert_models_runs\expert_run_stage6_9_66fold_test_16980_47900_aef_annual_64d\predictions\evaluation_student_cbsa16980_knn_k5_none.json,C:\Users\Admin\Desktop\ShiXiaoYu\data\FineTuneResNet\expert_models_runs\expert_run_stage6_9_66fold_test_16980_47900_aef_annual_64d\predictions\predictions_student_cbsa16980_knn_k5_none.csv,C:\Users\Admin\Desktop\ShiXiaoYu\data\3.26plan_tripmode_v2_66fold\folds\test_16980_47900\logs\aef_annual_64d\train.log,C:\Users\Admin\Desktop\ShiXiaoYu\data\3.26plan_tripmode_v2_66fold\folds\test_16980_47900\logs\aef_annual_64d\inference.log,0.09496490315017053,0.1413842233717589,0.3534886326505903,0.07391704614586965,0.1147047375736264,0.24564172250073724,0.045301650585848535,0.0702626460920853,0.28138045230859576,test_16980_47900,29,16980,47900,5,cosine,none
aef_annual_64d,47900,0.06523714507551466,0.10420445202155419,0.41577128980422673,C:\Users\Admin\Desktop\ShiXiaoYu\data\FineTuneResNet\city_prototypes_per_city\per_city_cluster_20260607_144843,C:\Users\Admin\Desktop\ShiXiaoYu\data\FineTuneResNet\expert_models_runs\expert_run_stage6_9_66fold_test_16980_47900_aef_annual_64d\predictions\step6_expert_summary_student_20260607_144916.json,C:\Users\Admin\Desktop\ShiXiaoYu\data\FineTuneResNet\expert_models_runs\expert_run_stage6_9_66fold_test_16980_47900_aef_annual_64d\predictions\evaluation_student_cbsa47900_knn_k5_none.json,C:\Users\Admin\Desktop\ShiXiaoYu\data\FineTuneResNet\expert_models_runs\expert_run_stage6_9_66fold_test_16980_47900_aef_annual_64d\predictions\predictions_student_cbsa47900_knn_k5_none.csv,C:\Users\Admin\Desktop\ShiXiaoYu\data\3.26plan_tripmode_v2_66fold\folds\test_16980_47900\logs\aef_annual_64d\train.log,C:\Users\Admin\Desktop\ShiXiaoYu\data\3.26plan_tripmode_v2_66fold\folds\test_16980_47900\logs\aef_annual_64d\inference.log,0.08605420194572777,0.1318593390392659,0.5150689113339002,0.06276254297877618,0.09787334982015843,0.3573181982933108,0.04689469030204002,0.08288066720523823,0.3749267597854692,test_16980_47900,29,16980,47900,5,cosine,none
clay_v1_5_768d,16980,0.08858652662505363,0.13844940446871382,-0.11236089686799211,C:\Users\Admin\Desktop\ShiXiaoYu\data\FineTuneResNet\city_prototypes_per_city\per_city_cluster_20260607_145014,C:\Users\Admin\Desktop\ShiXiaoYu\data\FineTuneResNet\expert_models_runs\expert_run_stage6_9_66fold_test_16980_47900_clay_v1_5_768d\predictions\step6_expert_summary_student_20260607_145104.json,C:\Users\Admin\Desktop\ShiXiaoYu\data\FineTuneResNet\expert_models_runs\expert_run_stage6_9_66fold_test_16980_47900_clay_v1_5_768d\predictions\evaluation_student_cbsa16980_knn_k5_none.json,C:\Users\Admin\Desktop\ShiXiaoYu\data\FineTuneResNet\expert_models_runs\expert_run_stage6_9_66fold_test_16980_47900_clay_v1_5_768d\predictions\predictions_student_cbsa16980_knn_k5_none.csv,C:\Users\Admin\Desktop\ShiXiaoYu\data\3.26plan_tripmode_v2_66fold\folds\test_16980_47900\logs\clay_v1_5_768d\train.log,C:\Users\Admin\Desktop\ShiXiaoYu\data\3.26plan_tripmode_v2_66fold\folds\test_16980_47900\logs\clay_v1_5_768d\inference.log,0.12215177450846205,0.1844237463242336,-0.10003864874307866,0.09828705108413213,0.1510133467628394,-0.3075117908182259,0.04532075428256673,0.07991112031906837,0.07046774895732821,test_16980_47900,29,16980,47900,5,cosine,none
clay_v1_5_768d,47900,0.08335254589428971,0.1268578490415882,0.15423478093777543,C:\Users\Admin\Desktop\ShiXiaoYu\data\FineTuneResNet\city_prototypes_per_city\per_city_cluster_20260607_145014,C:\Users\Admin\Desktop\ShiXiaoYu\data\FineTuneResNet\expert_models_runs\expert_run_stage6_9_66fold_test_16980_47900_clay_v1_5_768d\predictions\step6_expert_summary_student_20260607_145104.json,C:\Users\Admin\Desktop\ShiXiaoYu\data\FineTuneResNet\expert_models_runs\expert_run_stage6_9_66fold_test_16980_47900_clay_v1_5_768d\predictions\evaluation_student_cbsa47900_knn_k5_none.json,C:\Users\Admin\Desktop\ShiXiaoYu\data\FineTuneResNet\expert_models_runs\expert_run_stage6_9_66fold_test_16980_47900_clay_v1_5_768d\predictions\predictions_student_cbsa47900_knn_k5_none.csv,C:\Users\Admin\Desktop\ShiXiaoYu\data\3.26plan_tripmode_v2_66fold\folds\test_16980_47900\logs\clay_v1_5_768d\train.log,C:\Users\Admin\Desktop\ShiXiaoYu\data\3.26plan_tripmode_v2_66fold\folds\test_16980_47900\logs\clay_v1_5_768d\inference.log,0.11300071906360949,0.168591770757706,0.20725961578978502,0.07889932093658066,0.1143921816939616,0.12207021583539135,0.05815759768267899,0.09758959467309697,0.1333745111881499,test_16980_47900,29,16980,47900,5,cosine,none
prithvi_eo_v2_1024d,16980,0.09225460062731054,0.14143683861474074,-0.15453994047543604,C:\Users\Admin\Desktop\ShiXiaoYu\data\FineTuneResNet\city_prototypes_per_city\per_city_cluster_20260607_145216,C:\Users\Admin\Desktop\ShiXiaoYu\data\FineTuneResNet\expert_models_runs\expert_run_stage6_9_66fold_test_16980_47900_prithvi_eo_v2_1024d\predictions\step6_expert_summary_student_20260607_145302.json,C:\Users\Admin\Desktop\ShiXiaoYu\data\FineTuneResNet\expert_models_runs\expert_run_stage6_9_66fold_test_16980_47900_prithvi_eo_v2_1024d\predictions\evaluation_student_cbsa16980_knn_k5_none.json,C:\Users\Admin\Desktop\ShiXiaoYu\data\FineTuneResNet\expert_models_runs\expert_run_stage6_9_66fold_test_16980_47900_prithvi_eo_v2_1024d\predictions\predictions_student_cbsa16980_knn_k5_none.csv,C:\Users\Admin\Desktop\ShiXiaoYu\data\3.26plan_tripmode_v2_66fold\folds\test_16980_47900\logs\prithvi_eo_v2_1024d\train.log,C:\Users\Admin\Desktop\ShiXiaoYu\data\3.26plan_tripmode_v2_66fold\folds\test_16980_47900\logs\prithvi_eo_v2_1024d\inference.log,0.1300084824667671,0.19115438223704712,-0.1817967235128244,0.10127519339382848,0.15225252588135732,-0.32905808454740515,0.04548012602133605,0.08090360772581771,0.04723498663392145,test_16980_47900,29,16980,47900,5,cosine,none
prithvi_eo_v2_1024d,47900,0.10129457452380514,0.14702292310167872,-0.11490157012680376,C:\Users\Admin\Desktop\ShiXiaoYu\data\FineTuneResNet\city_prototypes_per_city\per_city_cluster_20260607_145216,C:\Users\Admin\Desktop\ShiXiaoYu\data\FineTuneResNet\expert_models_runs\expert_run_stage6_9_66fold_test_16980_47900_prithvi_eo_v2_1024d\predictions\step6_expert_summary_student_20260607_145302.json,C:\Users\Admin\Desktop\ShiXiaoYu\data\FineTuneResNet\expert_models_runs\expert_run_stage6_9_66fold_test_16980_47900_prithvi_eo_v2_1024d\predictions\evaluation_student_cbsa47900_knn_k5_none.json,C:\Users\Admin\Desktop\ShiXiaoYu\data\FineTuneResNet\expert_models_runs\expert_run_stage6_9_66fold_test_16980_47900_prithvi_eo_v2_1024d\predictions\predictions_student_cbsa47900_knn_k5_none.csv,C:\Users\Admin\Desktop\ShiXiaoYu\data\3.26plan_tripmode_v2_66fold\folds\test_16980_47900\logs\prithvi_eo_v2_1024d\train.log,C:\Users\Admin\Desktop\ShiXiaoYu\data\3.26plan_tripmode_v2_66fold\folds\test_16980_47900\logs\prithvi_eo_v2_1024d\inference.log,0.14460195377949542,0.2024858590078479,-0.14353019348198504,0.09669638676014974,0.13300850753223267,-0.18693227048827854,0.06258538303177026,0.10557440276495553,-0.014242246410147708,test_16980_47900,29,16980,47900,5,cosine,none
imagenet_pretrain,16980,0.08667839891893214,0.13451257003655084,-0.05501500181439123,C:\Users\Admin\Desktop\ShiXiaoYu\data\FineTuneResNet\city_prototypes_per_city\per_city_cluster_20260607_145416,C:\Users\Admin\Desktop\ShiXiaoYu\data\FineTuneResNet\expert_models_runs\expert_run_stage6_9_66fold_test_16980_47900_imagenet_pretrain\predictions\step6_expert_summary_student_20260607_145511.json,C:\Users\Admin\Desktop\ShiXiaoYu\data\FineTuneResNet\expert_models_runs\expert_run_stage6_9_66fold_test_16980_47900_imagenet_pretrain\predictions\evaluation_student_cbsa16980_knn_k5_none.json,C:\Users\Admin\Desktop\ShiXiaoYu\data\FineTuneResNet\expert_models_runs\expert_run_stage6_9_66fold_test_16980_47900_imagenet_pretrain\predictions\predictions_student_cbsa16980_knn_k5_none.csv,C:\Users\Admin\Desktop\ShiXiaoYu\data\3.26plan_tripmode_v2_66fold\folds\test_16980_47900\logs\imagenet_pretrain\train.log,C:\Users\Admin\Desktop\ShiXiaoYu\data\3.26plan_tripmode_v2_66fold\folds\test_16980_47900\logs\imagenet_pretrain\inference.log,0.11839384991134083,0.17738288367919341,-0.017648240055510245,0.09621750883127436,0.14758701388300197,-0.24885276709141246,0.04542383801418124,0.07856781254745708,0.10145600170374902,test_16980_47900,29,16980,47900,5,cosine,none
imagenet_pretrain,47900,0.0813196071235107,0.13382523260291201,0.06708003334262091,C:\Users\Admin\Desktop\ShiXiaoYu\data\FineTuneResNet\city_prototypes_per_city\per_city_cluster_20260607_145416,C:\Users\Admin\Desktop\ShiXiaoYu\data\FineTuneResNet\expert_models_runs\expert_run_stage6_9_66fold_test_16980_47900_imagenet_pretrain\predictions\step6_expert_summary_student_20260607_145511.json,C:\Users\Admin\Desktop\ShiXiaoYu\data\FineTuneResNet\expert_models_runs\expert_run_stage6_9_66fold_test_16980_47900_imagenet_pretrain\predictions\evaluation_student_cbsa47900_knn_k5_none.json,C:\Users\Admin\Desktop\ShiXiaoYu\data\FineTuneResNet\expert_models_runs\expert_run_stage6_9_66fold_test_16980_47900_imagenet_pretrain\predictions\predictions_student_cbsa47900_knn_k5_none.csv,C:\Users\Admin\Desktop\ShiXiaoYu\data\3.26plan_tripmode_v2_66fold\folds\test_16980_47900\logs\imagenet_pretrain\train.log,C:\Users\Admin\Desktop\ShiXiaoYu\data\3.26plan_tripmode_v2_66fold\folds\test_16980_47900\logs\imagenet_pretrain\inference.log,0.11260851429043925,0.18075566728454082,0.08874046847881056,0.0774981146647901,0.1208256052580885,0.0205437187919274,0.05385219241530276,0.09989442526610672,0.09195591275712478,test_16980_47900,29,16980,47900,5,cosine,none
satellite_pretrain,16980,0.08674722391137168,0.1298688441531248,0.01527906245463384,C:\Users\Admin\Desktop\ShiXiaoYu\data\FineTuneResNet\city_prototypes_per_city\per_city_cluster_20260607_145627,C:\Users\Admin\Desktop\ShiXiaoYu\data\FineTuneResNet\expert_models_runs\expert_run_stage6_9_66fold_test_16980_47900_satellite_pretrain\predictions\step6_expert_summary_student_20260607_145723.json,C:\Users\Admin\Desktop\ShiXiaoYu\data\FineTuneResNet\expert_models_runs\expert_run_stage6_9_66fold_test_16980_47900_satellite_pretrain\predictions\evaluation_student_cbsa16980_knn_k5_none.json,C:\Users\Admin\Desktop\ShiXiaoYu\data\FineTuneResNet\expert_models_runs\expert_run_stage6_9_66fold_test_16980_47900_satellite_pretrain\predictions\predictions_student_cbsa16980_knn_k5_none.csv,C:\Users\Admin\Desktop\ShiXiaoYu\data\3.26plan_tripmode_v2_66fold\folds\test_16980_47900\logs\satellite_pretrain\train.log,C:\Users\Admin\Desktop\ShiXiaoYu\data\3.26plan_tripmode_v2_66fold\folds\test_16980_47900\logs\satellite_pretrain\inference.log,0.12052816631460683,0.17194172342833094,0.04382625358211922,0.09504899344690373,0.14058601237247237,-0.13318071307565904,0.0446645119726045,0.07707879665857106,0.13519164685744134,test_16980_47900,29,16980,47900,5,cosine,none
satellite_pretrain,47900,0.0792361554688892,0.12206820367861353,0.2086167126196388,C:\Users\Admin\Desktop\ShiXiaoYu\data\FineTuneResNet\city_prototypes_per_city\per_city_cluster_20260607_145627,C:\Users\Admin\Desktop\ShiXiaoYu\data\FineTuneResNet\expert_models_runs\expert_run_stage6_9_66fold_test_16980_47900_satellite_pretrain\predictions\step6_expert_summary_student_20260607_145723.json,C:\Users\Admin\Desktop\ShiXiaoYu\data\FineTuneResNet\expert_models_runs\expert_run_stage6_9_66fold_test_16980_47900_satellite_pretrain\predictions\evaluation_student_cbsa47900_knn_k5_none.json,C:\Users\Admin\Desktop\ShiXiaoYu\data\FineTuneResNet\expert_models_runs\expert_run_stage6_9_66fold_test_16980_47900_satellite_pretrain\predictions\predictions_student_cbsa47900_knn_k5_none.csv,C:\Users\Admin\Desktop\ShiXiaoYu\data\3.26plan_tripmode_v2_66fold\folds\test_16980_47900\logs\satellite_pretrain\train.log,C:\Users\Admin\Desktop\ShiXiaoYu\data\3.26plan_tripmode_v2_66fold\folds\test_16980_47900\logs\satellite_pretrain\inference.log,0.10803414111456029,0.15978418900779726,0.28792482722593393,0.07301072223858553,0.10857804862989455,0.20904611884299062,0.05666360305352175,0.09784237339814879,0.12887919178999185,test_16980_47900,29,16980,47900,5,cosine,none
single_task_backbone_finetune,16980,0.07981996233457943,0.11287138948879788,0.19754271710140406,C:\Users\Admin\Desktop\ShiXiaoYu\data\FineTuneResNet\city_prototypes_per_city\per_city_cluster_20260607_145839,C:\Users\Admin\Desktop\ShiXiaoYu\data\FineTuneResNet\expert_models_runs\expert_run_stage6_9_66fold_test_16980_47900_single_task_backbone_finetune\predictions\step6_expert_summary_student_20260607_145937.json,C:\Users\Admin\Desktop\ShiXiaoYu\data\FineTuneResNet\expert_models_runs\expert_run_stage6_9_66fold_test_16980_47900_single_task_backbone_finetune\predictions\evaluation_student_cbsa16980_knn_k5_none.json,C:\Users\Admin\Desktop\ShiXiaoYu\data\FineTuneResNet\expert_models_runs\expert_run_stage6_9_66fold_test_16980_47900_single_task_backbone_finetune\predictions\predictions_student_cbsa16980_knn_k5_none.csv,C:\Users\Admin\Desktop\ShiXiaoYu\data\3.26plan_tripmode_v2_66fold\folds\test_16980_47900\logs\single_task_backbone_finetune\train.log,C:\Users\Admin\Desktop\ShiXiaoYu\data\3.26plan_tripmode_v2_66fold\folds\test_16980_47900\logs\single_task_backbone_finetune\inference.log,0.09979682561185108,0.13834507496230847,0.38098429135644396,0.08424599225064681,0.11754012108997797,0.20788686219846098,0.05541706914124041,0.08272897241410719,0.003756997749307267,test_16980_47900,29,16980,47900,5,cosine,none
single_task_backbone_finetune,47900,0.07695569503829175,0.11229116452733039,0.3170422089140993,C:\Users\Admin\Desktop\ShiXiaoYu\data\FineTuneResNet\city_prototypes_per_city\per_city_cluster_20260607_145839,C:\Users\Admin\Desktop\ShiXiaoYu\data\FineTuneResNet\expert_models_runs\expert_run_stage6_9_66fold_test_16980_47900_single_task_backbone_finetune\predictions\step6_expert_summary_student_20260607_145937.json,C:\Users\Admin\Desktop\ShiXiaoYu\data\FineTuneResNet\expert_models_runs\expert_run_stage6_9_66fold_test_16980_47900_single_task_backbone_finetune\predictions\evaluation_student_cbsa47900_knn_k5_none.json,C:\Users\Admin\Desktop\ShiXiaoYu\data\FineTuneResNet\expert_models_runs\expert_run_stage6_9_66fold_test_16980_47900_single_task_backbone_finetune\predictions\predictions_student_cbsa47900_knn_k5_none.csv,C:\Users\Admin\Desktop\ShiXiaoYu\data\3.26plan_tripmode_v2_66fold\folds\test_16980_47900\logs\single_task_backbone_finetune\train.log,C:\Users\Admin\Desktop\ShiXiaoYu\data\3.26plan_tripmode_v2_66fold\folds\test_16980_47900\logs\single_task_backbone_finetune\inference.log,0.10010933504207335,0.1422815279520919,0.4353812720267197,0.06895117243937933,0.10022953500626496,0.3260021237594978,0.061806577633422566,0.09436243062363434,0.18974323095608037,test_16980_47900,29,16980,47900,5,cosine,none
aef_annual_64d,19100,0.05397358834674954,0.07182653139040152,-2.736159909033477,C:\Users\Admin\Desktop\ShiXiaoYu\data\FineTuneResNet\city_prototypes_per_city\per_city_cluster_20260607_150051,C:\Users\Admin\Desktop\ShiXiaoYu\data\FineTuneResNet\expert_models_runs\expert_run_stage6_9_66fold_test_19100_26420_aef_annual_64d\predictions\step6_expert_summary_student_20260607_150123.json,C:\Users\Admin\Desktop\ShiXiaoYu\data\FineTuneResNet\expert_models_runs\expert_run_stage6_9_66fold_test_19100_26420_aef_annual_64d\predictions\evaluation_student_cbsa19100_knn_k5_none.json,C:\Users\Admin\Desktop\ShiXiaoYu\data\FineTuneResNet\expert_models_runs\expert_run_stage6_9_66fold_test_19100_26420_aef_annual_64d\predictions\predictions_student_cbsa19100_knn_k5_none.csv,C:\Users\Admin\Desktop\ShiXiaoYu\data\3.26plan_tripmode_v2_66fold\folds\test_19100_26420\logs\aef_annual_64d\train.log,C:\Users\Admin\Desktop\ShiXiaoYu\data\3.26plan_tripmode_v2_66fold\folds\test_19100_26420\logs\aef_annual_64d\inference.log,0.07514934628197446,0.1001743280950934,-2.6810540700579777,0.04615830369809121,0.06322111467203462,-5.0127384654357305,0.04061311506018297,0.052084151404076504,-0.5146871916067235,test_19100_26420,30,19100,26420,5,cosine,none
aef_annual_64d,26420,0.058077829309400475,0.07775133210869707,-0.5477575630186071,C:\Users\Admin\Desktop\ShiXiaoYu\data\FineTuneResNet\city_prototypes_per_city\per_city_cluster_20260607_150051,C:\Users\Admin\Desktop\ShiXiaoYu\data\FineTuneResNet\expert_models_runs\expert_run_stage6_9_66fold_test_19100_26420_aef_annual_64d\predictions\step6_expert_summary_student_20260607_150123.json,C:\Users\Admin\Desktop\ShiXiaoYu\data\FineTuneResNet\expert_models_runs\expert_run_stage6_9_66fold_test_19100_26420_aef_annual_64d\predictions\evaluation_student_cbsa26420_knn_k5_none.json,C:\Users\Admin\Desktop\ShiXiaoYu\data\FineTuneResNet\expert_models_runs\expert_run_stage6_9_66fold_test_19100_26420_aef_annual_64d\predictions\predictions_student_cbsa26420_knn_k5_none.csv,C:\Users\Admin\Desktop\ShiXiaoYu\data\3.26plan_tripmode_v2_66fold\folds\test_19100_26420\logs\aef_annual_64d\train.log,C:\Users\Admin\Desktop\ShiXiaoYu\data\3.26plan_tripmode_v2_66fold\folds\test_19100_26420\logs\aef_annual_64d\inference.log,0.07715564774783412,0.10110574272887443,-0.32516254679605616,0.05011259734538137,0.06418123075635356,-1.351256168913665,0.04696524283498594,0.06796702284086323,0.033146026653899874,test_19100_26420,30,19100,26420,5,cosine,none
clay_v1_5_768d,19100,0.09100086407751777,0.10770876403417169,-7.755457348224344,C:\Users\Admin\Desktop\ShiXiaoYu\data\FineTuneResNet\city_prototypes_per_city\per_city_cluster_20260607_150243,C:\Users\Admin\Desktop\ShiXiaoYu\data\FineTuneResNet\expert_models_runs\expert_run_stage6_9_66fold_test_19100_26420_clay_v1_5_768d\predictions\step6_expert_summary_student_20260607_150332.json,C:\Users\Admin\Desktop\ShiXiaoYu\data\FineTuneResNet\expert_models_runs\expert_run_stage6_9_66fold_test_19100_26420_clay_v1_5_768d\predictions\evaluation_student_cbsa19100_knn_k5_none.json,C:\Users\Admin\Desktop\ShiXiaoYu\data\FineTuneResNet\expert_models_runs\expert_run_stage6_9_66fold_test_19100_26420_clay_v1_5_768d\predictions\predictions_student_cbsa19100_knn_k5_none.csv,C:\Users\Admin\Desktop\ShiXiaoYu\data\3.26plan_tripmode_v2_66fold\folds\test_19100_26420\logs\clay_v1_5_768d\train.log,C:\Users\Admin\Desktop\ShiXiaoYu\data\3.26plan_tripmode_v2_66fold\folds\test_19100_26420\logs\clay_v1_5_768d\inference.log,0.13081899624151905,0.1530975581179046,-6.968889012689162,0.08476635518961721,0.10033308482813304,-14.86468318654292,0.05741724080141703,0.06969564915647744,-1.4327998454409547,test_19100_26420,30,19100,26420,5,cosine,none
clay_v1_5_768d,26420,0.08902242923782416,0.10996326099862237,-2.675366629873824,C:\Users\Admin\Desktop\ShiXiaoYu\data\FineTuneResNet\city_prototypes_per_city\per_city_cluster_20260607_150243,C:\Users\Admin\Desktop\ShiXiaoYu\data\FineTuneResNet\expert_models_runs\expert_run_stage6_9_66fold_test_19100_26420_clay_v1_5_768d\predictions\step6_expert_summary_student_20260607_150332.json,C:\Users\Admin\Desktop\ShiXiaoYu\data\FineTuneResNet\expert_models_runs\expert_run_stage6_9_66fold_test_19100_26420_clay_v1_5_768d\predictions\evaluation_student_cbsa26420_knn_k5_none.json,C:\Users\Admin\Desktop\ShiXiaoYu\data\FineTuneResNet\expert_models_runs\expert_run_stage6_9_66fold_test_19100_26420_clay_v1_5_768d\predictions\predictions_student_cbsa26420_knn_k5_none.csv,C:\Users\Admin\Desktop\ShiXiaoYu\data\3.26plan_tripmode_v2_66fold\folds\test_19100_26420\logs\clay_v1_5_768d\train.log,C:\Users\Admin\Desktop\ShiXiaoYu\data\3.26plan_tripmode_v2_66fold\folds\test_19100_26420\logs\clay_v1_5_768d\inference.log,0.12328711448874699,0.1491352982750528,-2.0055316267054253,0.08677253699317719,0.10556622337808934,-5.7966996569403015,0.05700763623154833,0.07518826134272502,-0.22386860597574576,test_19100_26420,30,19100,26420,5,cosine,none
prithvi_eo_v2_1024d,19100,0.10819264199724095,0.1224498443612695,-11.899548325988597,C:\Users\Admin\Desktop\ShiXiaoYu\data\FineTuneResNet\city_prototypes_per_city\per_city_cluster_20260607_150446,C:\Users\Admin\Desktop\ShiXiaoYu\data\FineTuneResNet\expert_models_runs\expert_run_stage6_9_66fold_test_19100_26420_prithvi_eo_v2_1024d\predictions\step6_expert_summary_student_20260607_150533.json,C:\Users\Admin\Desktop\ShiXiaoYu\data\FineTuneResNet\expert_models_runs\expert_run_stage6_9_66fold_test_19100_26420_prithvi_eo_v2_1024d\predictions\evaluation_student_cbsa19100_knn_k5_none.json,C:\Users\Admin\Desktop\ShiXiaoYu\data\FineTuneResNet\expert_models_runs\expert_run_stage6_9_66fold_test_19100_26420_prithvi_eo_v2_1024d\predictions\predictions_student_cbsa19100_knn_k5_none.csv,C:\Users\Admin\Desktop\ShiXiaoYu\data\3.26plan_tripmode_v2_66fold\folds\test_19100_26420\logs\prithvi_eo_v2_1024d\train.log,C:\Users\Admin\Desktop\ShiXiaoYu\data\3.26plan_tripmode_v2_66fold\folds\test_19100_26420\logs\prithvi_eo_v2_1024d\inference.log,0.15232213147840165,0.17248532076217243,-9.114991726550084,0.11807944062485663,0.12954296949315963,-25.446656200219348,0.054176353888464576,0.06532124282847644,-1.1369970511963583,test_19100_26420,30,19100,26420,5,cosine,none
prithvi_eo_v2_1024d,26420,0.10926742161167519,0.12880869111521287,-4.374955991188046,C:\Users\Admin\Desktop\ShiXiaoYu\data\FineTuneResNet\city_prototypes_per_city\per_city_cluster_20260607_150446,C:\Users\Admin\Desktop\ShiXiaoYu\data\FineTuneResNet\expert_models_runs\expert_run_stage6_9_66fold_test_19100_26420_prithvi_eo_v2_1024d\predictions\step6_expert_summary_student_20260607_150533.json,C:\Users\Admin\Desktop\ShiXiaoYu\data\FineTuneResNet\expert_models_runs\expert_run_stage6_9_66fold_test_19100_26420_prithvi_eo_v2_1024d\predictions\evaluation_student_cbsa26420_knn_k5_none.json,C:\Users\Admin\Desktop\ShiXiaoYu\data\FineTuneResNet\expert_models_runs\expert_run_stage6_9_66fold_test_19100_26420_prithvi_eo_v2_1024d\predictions\predictions_student_cbsa26420_knn_k5_none.csv,C:\Users\Admin\Desktop\ShiXiaoYu\data\3.26plan_tripmode_v2_66fold\folds\test_19100_26420\logs\prithvi_eo_v2_1024d\train.log,C:\Users\Admin\Desktop\ShiXiaoYu\data\3.26plan_tripmode_v2_66fold\folds\test_19100_26420\logs\prithvi_eo_v2_1024d\inference.log,0.15246727104472133,0.17759950856013784,-3.2622991496488583,0.11495753201380177,0.1316716549631454,-9.573839098134293,0.06037746177650246,0.07715490982235543,-0.2887297257809893,test_19100_26420,30,19100,26420,5,cosine,none
imagenet_pretrain,19100,0.07532307478885737,0.08843809910685885,-4.933623851904241,C:\Users\Admin\Desktop\ShiXiaoYu\data\FineTuneResNet\city_prototypes_per_city\per_city_cluster_20260607_150648,C:\Users\Admin\Desktop\ShiXiaoYu\data\FineTuneResNet\expert_models_runs\expert_run_stage6_9_66fold_test_19100_26420_imagenet_pretrain\predictions\step6_expert_summary_student_20260607_150744.json,C:\Users\Admin\Desktop\ShiXiaoYu\data\FineTuneResNet\expert_models_runs\expert_run_stage6_9_66fold_test_19100_26420_imagenet_pretrain\predictions\evaluation_student_cbsa19100_knn_k5_none.json,C:\Users\Admin\Desktop\ShiXiaoYu\data\FineTuneResNet\expert_models_runs\expert_run_stage6_9_66fold_test_19100_26420_imagenet_pretrain\predictions\predictions_student_cbsa19100_knn_k5_none.csv,C:\Users\Admin\Desktop\ShiXiaoYu\data\3.26plan_tripmode_v2_66fold\folds\test_19100_26420\logs\imagenet_pretrain\train.log,C:\Users\Admin\Desktop\ShiXiaoYu\data\3.26plan_tripmode_v2_66fold\folds\test_19100_26420\logs\imagenet_pretrain\inference.log,0.10796964677909185,0.12510436629020194,-4.321158376357634,0.07243053651952004,0.08292042224488641,-9.835927314721618,0.04556904106796023,0.057289508785488205,-0.643785864633474,test_19100_26420,30,19100,26420,5,cosine,none
imagenet_pretrain,26420,0.08003521839822943,0.09766537373037287,-1.7611749741023006,C:\Users\Admin\Desktop\ShiXiaoYu\data\FineTuneResNet\city_prototypes_per_city\per_city_cluster_20260607_150648,C:\Users\Admin\Desktop\ShiXiaoYu\data\FineTuneResNet\expert_models_runs\expert_run_stage6_9_66fold_test_19100_26420_imagenet_pretrain\predictions\step6_expert_summary_student_20260607_150744.json,C:\Users\Admin\Desktop\ShiXiaoYu\data\FineTuneResNet\expert_models_runs\expert_run_stage6_9_66fold_test_19100_26420_imagenet_pretrain\predictions\evaluation_student_cbsa26420_knn_k5_none.json,C:\Users\Admin\Desktop\ShiXiaoYu\data\FineTuneResNet\expert_models_runs\expert_run_stage6_9_66fold_test_19100_26420_imagenet_pretrain\predictions\predictions_student_cbsa26420_knn_k5_none.csv,C:\Users\Admin\Desktop\ShiXiaoYu\data\3.26plan_tripmode_v2_66fold\folds\test_19100_26420\logs\imagenet_pretrain\train.log,C:\Users\Admin\Desktop\ShiXiaoYu\data\3.26plan_tripmode_v2_66fold\folds\test_19100_26420\logs\imagenet_pretrain\inference.log,0.11224276832953654,0.13362828722086686,-1.412999388148969,0.07521171435338647,0.08858395913603638,-3.7858411793726328,0.05265117251176527,0.07078387483421536,-0.08468435478530001,test_19100_26420,30,19100,26420,5,cosine,none
satellite_pretrain,19100,0.07497626171221496,0.08772691256652293,-5.083751785156413,C:\Users\Admin\Desktop\ShiXiaoYu\data\FineTuneResNet\city_prototypes_per_city\per_city_cluster_20260607_150858,C:\Users\Admin\Desktop\ShiXiaoYu\data\FineTuneResNet\expert_models_runs\expert_run_stage6_9_66fold_test_19100_26420_satellite_pretrain\predictions\step6_expert_summary_student_20260607_150950.json,C:\Users\Admin\Desktop\ShiXiaoYu\data\FineTuneResNet\expert_models_runs\expert_run_stage6_9_66fold_test_19100_26420_satellite_pretrain\predictions\evaluation_student_cbsa19100_knn_k5_none.json,C:\Users\Admin\Desktop\ShiXiaoYu\data\FineTuneResNet\expert_models_runs\expert_run_stage6_9_66fold_test_19100_26420_satellite_pretrain\predictions\predictions_student_cbsa19100_knn_k5_none.csv,C:\Users\Admin\Desktop\ShiXiaoYu\data\3.26plan_tripmode_v2_66fold\folds\test_19100_26420\logs\satellite_pretrain\train.log,C:\Users\Admin\Desktop\ShiXiaoYu\data\3.26plan_tripmode_v2_66fold\folds\test_19100_26420\logs\satellite_pretrain\inference.log,0.10715282117390668,0.1232138146822025,-4.1615490348217765,0.07476403570129758,0.08588612575012351,-10.62489659333682,0.04301192826144064,0.054080797267242776,-0.46480972731064196,test_19100_26420,30,19100,26420,5,cosine,none
satellite_pretrain,26420,0.07863488430703719,0.0958457139166136,-1.7396130306255426,C:\Users\Admin\Desktop\ShiXiaoYu\data\FineTuneResNet\city_prototypes_per_city\per_city_cluster_20260607_150858,C:\Users\Admin\Desktop\ShiXiaoYu\data\FineTuneResNet\expert_models_runs\expert_run_stage6_9_66fold_test_19100_26420_satellite_pretrain\predictions\step6_expert_summary_student_20260607_150950.json,C:\Users\Admin\Desktop\ShiXiaoYu\data\FineTuneResNet\expert_models_runs\expert_run_stage6_9_66fold_test_19100_26420_satellite_pretrain\predictions\evaluation_student_cbsa26420_knn_k5_none.json,C:\Users\Admin\Desktop\ShiXiaoYu\data\FineTuneResNet\expert_models_runs\expert_run_stage6_9_66fold_test_19100_26420_satellite_pretrain\predictions\predictions_student_cbsa26420_knn_k5_none.csv,C:\Users\Admin\Desktop\ShiXiaoYu\data\3.26plan_tripmode_v2_66fold\folds\test_19100_26420\logs\satellite_pretrain\train.log,C:\Users\Admin\Desktop\ShiXiaoYu\data\3.26plan_tripmode_v2_66fold\folds\test_19100_26420\logs\satellite_pretrain\inference.log,0.10860774880905864,0.12886332007881462,-1.243980305435449,0.07688314752345261,0.09017220542114782,-3.958992969173722,0.05041375658860032,0.06850161624987833,-0.01586581726745706,test_19100_26420,30,19100,26420,5,cosine,none
single_task_backbone_finetune,19100,0.046698613682562846,0.05937850696329768,-1.5407687792304516,C:\Users\Admin\Desktop\ShiXiaoYu\data\FineTuneResNet\city_prototypes_per_city\per_city_cluster_20260607_151106,C:\Users\Admin\Desktop\ShiXiaoYu\data\FineTuneResNet\expert_models_runs\expert_run_stage6_9_66fold_test_19100_26420_single_task_backbone_finetune\predictions\step6_expert_summary_student_20260607_151201.json,C:\Users\Admin\Desktop\ShiXiaoYu\data\FineTuneResNet\expert_models_runs\expert_run_stage6_9_66fold_test_19100_26420_single_task_backbone_finetune\predictions\evaluation_student_cbsa19100_knn_k5_none.json,C:\Users\Admin\Desktop\ShiXiaoYu\data\FineTuneResNet\expert_models_runs\expert_run_stage6_9_66fold_test_19100_26420_single_task_backbone_finetune\predictions\predictions_student_cbsa19100_knn_k5_none.csv,C:\Users\Admin\Desktop\ShiXiaoYu\data\3.26plan_tripmode_v2_66fold\folds\test_19100_26420\logs\single_task_backbone_finetune\train.log,C:\Users\Admin\Desktop\ShiXiaoYu\data\3.26plan_tripmode_v2_66fold\folds\test_19100_26420\logs\single_task_backbone_finetune\inference.log,0.06373931125253689,0.07930722692834123,-1.1383893341785098,0.04364641817748365,0.05304285954023617,-3.4340126830115816,0.03271011161766801,0.045785434421315635,-0.049904320501263255,test_19100_26420,30,19100,26420,5,cosine,none
single_task_backbone_finetune,26420,0.05424376077376746,0.07421944100844524,-0.4506895994727665,C:\Users\Admin\Desktop\ShiXiaoYu\data\FineTuneResNet\city_prototypes_per_city\per_city_cluster_20260607_151106,C:\Users\Admin\Desktop\ShiXiaoYu\data\FineTuneResNet\expert_models_runs\expert_run_stage6_9_66fold_test_19100_26420_single_task_backbone_finetune\predictions\step6_expert_summary_student_20260607_151201.json,C:\Users\Admin\Desktop\ShiXiaoYu\data\FineTuneResNet\expert_models_runs\expert_run_stage6_9_66fold_test_19100_26420_single_task_backbone_finetune\predictions\evaluation_student_cbsa26420_knn_k5_none.json,C:\Users\Admin\Desktop\ShiXiaoYu\data\FineTuneResNet\expert_models_runs\expert_run_stage6_9_66fold_test_19100_26420_single_task_backbone_finetune\predictions\predictions_student_cbsa26420_knn_k5_none.csv,C:\Users\Admin\Desktop\ShiXiaoYu\data\3.26plan_tripmode_v2_66fold\folds\test_19100_26420\logs\single_task_backbone_finetune\train.log,C:\Users\Admin\Desktop\ShiXiaoYu\data\3.26plan_tripmode_v2_66fold\folds\test_19100_26420\logs\single_task_backbone_finetune\inference.log,0.07322251934043493,0.09657679948934035,-0.26039312619505917,0.04835299536434368,0.058871125768030184,-1.1137459600189747,0.041155767616523765,0.06721039776796518,0.0220702877957345,test_19100_26420,30,19100,26420,5,cosine,none
aef_annual_64d,19100,0.0504850858411933,0.07094315850894806,-2.677280687086284,C:\Users\Admin\Desktop\ShiXiaoYu\data\FineTuneResNet\city_prototypes_per_city\per_city_cluster_20260607_151304,C:\Users\Admin\Desktop\ShiXiaoYu\data\FineTuneResNet\expert_models_runs\expert_run_stage6_9_66fold_test_19100_31080_aef_annual_64d\predictions\step6_expert_summary_student_20260607_151340.json,C:\Users\Admin\Desktop\ShiXiaoYu\data\FineTuneResNet\expert_models_runs\expert_run_stage6_9_66fold_test_19100_31080_aef_annual_64d\predictions\evaluation_student_cbsa19100_knn_k5_none.json,C:\Users\Admin\Desktop\ShiXiaoYu\data\FineTuneResNet\expert_models_runs\expert_run_stage6_9_66fold_test_19100_31080_aef_annual_64d\predictions\predictions_student_cbsa19100_knn_k5_none.csv,C:\Users\Admin\Desktop\ShiXiaoYu\data\3.26plan_tripmode_v2_66fold\folds\test_19100_31080\logs\aef_annual_64d\train.log,C:\Users\Admin\Desktop\ShiXiaoYu\data\3.26plan_tripmode_v2_66fold\folds\test_19100_31080\logs\aef_annual_64d\inference.log,0.07008019205168489,0.09986705725648176,-2.6585064597814365,0.043707180198897765,0.06306563787061546,-4.983201123587301,0.03766788527299724,0.04989678039974693,-0.3901344778901146,test_19100_31080,31,19100,31080,5,cosine,none
aef_annual_64d,31080,0.17130389815884337,0.19693953799947087,-5.6149718770250905,C:\Users\Admin\Desktop\ShiXiaoYu\data\FineTuneResNet\city_prototypes_per_city\per_city_cluster_20260607_151304,C:\Users\Admin\Desktop\ShiXiaoYu\data\FineTuneResNet\expert_models_runs\expert_run_stage6_9_66fold_test_19100_31080_aef_annual_64d\predictions\step6_expert_summary_student_20260607_151340.json,C:\Users\Admin\Desktop\ShiXiaoYu\data\FineTuneResNet\expert_models_runs\expert_run_stage6_9_66fold_test_19100_31080_aef_annual_64d\predictions\evaluation_student_cbsa31080_knn_k5_none.json,C:\Users\Admin\Desktop\ShiXiaoYu\data\FineTuneResNet\expert_models_runs\expert_run_stage6_9_66fold_test_19100_31080_aef_annual_64d\predictions\predictions_student_cbsa31080_knn_k5_none.csv,C:\Users\Admin\Desktop\ShiXiaoYu\data\3.26plan_tripmode_v2_66fold\folds\test_19100_31080\logs\aef_annual_64d\train.log,C:\Users\Admin\Desktop\ShiXiaoYu\data\3.26plan_tripmode_v2_66fold\folds\test_19100_31080\logs\aef_annual_64d\inference.log,0.24458497255573858,0.27644440887700295,-6.378281906213263,0.1895998525308407,0.21645376906006,-9.2930576772313,0.07972686938995072,0.09792043606134973,-1.1735760476307084,test_19100_31080,31,19100,31080,5,cosine,none
clay_v1_5_768d,19100,0.08432414313284604,0.10303677261930598,-6.743108281389227,C:\Users\Admin\Desktop\ShiXiaoYu\data\FineTuneResNet\city_prototypes_per_city\per_city_cluster_20260607_151454,C:\Users\Admin\Desktop\ShiXiaoYu\data\FineTuneResNet\expert_models_runs\expert_run_stage6_9_66fold_test_19100_31080_clay_v1_5_768d\predictions\step6_expert_summary_student_20260607_151541.json,C:\Users\Admin\Desktop\ShiXiaoYu\data\FineTuneResNet\expert_models_runs\expert_run_stage6_9_66fold_test_19100_31080_clay_v1_5_768d\predictions\evaluation_student_cbsa19100_knn_k5_none.json,C:\Users\Admin\Desktop\ShiXiaoYu\data\FineTuneResNet\expert_models_runs\expert_run_stage6_9_66fold_test_19100_31080_clay_v1_5_768d\predictions\predictions_student_cbsa19100_knn_k5_none.csv,C:\Users\Admin\Desktop\ShiXiaoYu\data\3.26plan_tripmode_v2_66fold\folds\test_19100_31080\logs\clay_v1_5_768d\train.log,C:\Users\Admin\Desktop\ShiXiaoYu\data\3.26plan_tripmode_v2_66fold\folds\test_19100_31080\logs\clay_v1_5_768d\inference.log,0.1228982056711428,0.14885354409751653,-6.533201934358827,0.07454550504267225,0.09210763589023377,-12.370090419647585,0.0555287186847231,0.06814913787016763,-1.3260324901612712,test_19100_31080,31,19100,31080,5,cosine,none
clay_v1_5_768d,31080,0.07620626824183117,0.09964324313187839,-0.593145987379139,C:\Users\Admin\Desktop\ShiXiaoYu\data\FineTuneResNet\city_prototypes_per_city\per_city_cluster_20260607_151454,C:\Users\Admin\Desktop\ShiXiaoYu\data\FineTuneResNet\expert_models_runs\expert_run_stage6_9_66fold_test_19100_31080_clay_v1_5_768d\predictions\step6_expert_summary_student_20260607_151541.json,C:\Users\Admin\Desktop\ShiXiaoYu\data\FineTuneResNet\expert_models_runs\expert_run_stage6_9_66fold_test_19100_31080_clay_v1_5_768d\predictions\evaluation_student_cbsa31080_knn_k5_none.json,C:\Users\Admin\Desktop\ShiXiaoYu\data\FineTuneResNet\expert_models_runs\expert_run_stage6_9_66fold_test_19100_31080_clay_v1_5_768d\predictions\predictions_student_cbsa31080_knn_k5_none.csv,C:\Users\Admin\Desktop\ShiXiaoYu\data\3.26plan_tripmode_v2_66fold\folds\test_19100_31080\logs\clay_v1_5_768d\train.log,C:\Users\Admin\Desktop\ShiXiaoYu\data\3.26plan_tripmode_v2_66fold\folds\test_19100_31080\logs\clay_v1_5_768d\inference.log,0.10659503977505243,0.13516712684272444,-0.7639317926312348,0.06977555349527259,0.09041524845493953,-0.7959633154774703,0.052248211455168524,0.07334735409797118,-0.21954285402871188,test_19100_31080,31,19100,31080,5,cosine,none
prithvi_eo_v2_1024d,19100,0.0873508463642453,0.1027090814372426,-7.623943062117121,C:\Users\Admin\Desktop\ShiXiaoYu\data\FineTuneResNet\city_prototypes_per_city\per_city_cluster_20260607_151650,C:\Users\Admin\Desktop\ShiXiaoYu\data\FineTuneResNet\expert_models_runs\expert_run_stage6_9_66fold_test_19100_31080_prithvi_eo_v2_1024d\predictions\step6_expert_summary_student_20260607_151738.json,C:\Users\Admin\Desktop\ShiXiaoYu\data\FineTuneResNet\expert_models_runs\expert_run_stage6_9_66fold_test_19100_31080_prithvi_eo_v2_1024d\predictions\evaluation_student_cbsa19100_knn_k5_none.json,C:\Users\Admin\Desktop\ShiXiaoYu\data\FineTuneResNet\expert_models_runs\expert_run_stage6_9_66fold_test_19100_31080_prithvi_eo_v2_1024d\predictions\predictions_student_cbsa19100_knn_k5_none.csv,C:\Users\Admin\Desktop\ShiXiaoYu\data\3.26plan_tripmode_v2_66fold\folds\test_19100_31080\logs\prithvi_eo_v2_1024d\train.log,C:\Users\Admin\Desktop\ShiXiaoYu\data\3.26plan_tripmode_v2_66fold\folds\test_19100_31080\logs\prithvi_eo_v2_1024d\inference.log,0.12312805756961673,0.1437438472763891,-6.02489406543914,0.09001778529391878,0.10390757559265108,-16.015217190574415,0.0489066962292004,0.060475821442687615,-0.8317179303378079,test_19100_31080,31,19100,31080,5,cosine,none
prithvi_eo_v2_1024d,31080,0.05955102302150616,0.08310681544204075,-0.12351001616979033,C:\Users\Admin\Desktop\ShiXiaoYu\data\FineTuneResNet\city_prototypes_per_city\per_city_cluster_20260607_151650,C:\Users\Admin\Desktop\ShiXiaoYu\data\FineTuneResNet\expert_models_runs\expert_run_stage6_9_66fold_test_19100_31080_prithvi_eo_v2_1024d\predictions\step6_expert_summary_student_20260607_151738.json,C:\Users\Admin\Desktop\ShiXiaoYu\data\FineTuneResNet\expert_models_runs\expert_run_stage6_9_66fold_test_19100_31080_prithvi_eo_v2_1024d\predictions\evaluation_student_cbsa31080_knn_k5_none.json,C:\Users\Admin\Desktop\ShiXiaoYu\data\FineTuneResNet\expert_models_runs\expert_run_stage6_9_66fold_test_19100_31080_prithvi_eo_v2_1024d\predictions\predictions_student_cbsa31080_knn_k5_none.csv,C:\Users\Admin\Desktop\ShiXiaoYu\data\3.26plan_tripmode_v2_66fold\folds\test_19100_31080\logs\prithvi_eo_v2_1024d\train.log,C:\Users\Admin\Desktop\ShiXiaoYu\data\3.26plan_tripmode_v2_66fold\folds\test_19100_31080\logs\prithvi_eo_v2_1024d\inference.log,0.08085654564899532,0.10737505451167544,-0.11313135890762482,0.05731802700437214,0.07669369715728115,-0.2922110480596736,0.04047849641115101,0.06525169465716568,0.034812358457927406,test_19100_31080,31,19100,31080,5,cosine,none
imagenet_pretrain,19100,0.06976714856593974,0.08375119106377521,-4.290687382419507,C:\Users\Admin\Desktop\ShiXiaoYu\data\FineTuneResNet\city_prototypes_per_city\per_city_cluster_20260607_151853,C:\Users\Admin\Desktop\ShiXiaoYu\data\FineTuneResNet\expert_models_runs\expert_run_stage6_9_66fold_test_19100_31080_imagenet_pretrain\predictions\step6_expert_summary_student_20260607_151952.json,C:\Users\Admin\Desktop\ShiXiaoYu\data\FineTuneResNet\expert_models_runs\expert_run_stage6_9_66fold_test_19100_31080_imagenet_pretrain\predictions\evaluation_student_cbsa19100_knn_k5_none.json,C:\Users\Admin\Desktop\ShiXiaoYu\data\FineTuneResNet\expert_models_runs\expert_run_stage6_9_66fold_test_19100_31080_imagenet_pretrain\predictions\predictions_student_cbsa19100_knn_k5_none.csv,C:\Users\Admin\Desktop\ShiXiaoYu\data\3.26plan_tripmode_v2_66fold\folds\test_19100_31080\logs\imagenet_pretrain\train.log,C:\Users\Admin\Desktop\ShiXiaoYu\data\3.26plan_tripmode_v2_66fold\folds\test_19100_31080\logs\imagenet_pretrain\inference.log,0.09940007429279776,0.11813071631611861,-3.744461484704834,0.06668301807673901,0.07809277341279403,-8.61091567707241,0.04321835332828245,0.05503008346241302,-0.5166849854812783,test_19100_31080,31,19100,31080,5,cosine,none
imagenet_pretrain,31080,0.07245193878408888,0.09470907683206166,-0.44517147733333773,C:\Users\Admin\Desktop\ShiXiaoYu\data\FineTuneResNet\city_prototypes_per_city\per_city_cluster_20260607_151853,C:\Users\Admin\Desktop\ShiXiaoYu\data\FineTuneResNet\expert_models_runs\expert_run_stage6_9_66fold_test_19100_31080_imagenet_pretrain\predictions\step6_expert_summary_student_20260607_151952.json,C:\Users\Admin\Desktop\ShiXiaoYu\data\FineTuneResNet\expert_models_runs\expert_run_stage6_9_66fold_test_19100_31080_imagenet_pretrain\predictions\evaluation_student_cbsa31080_knn_k5_none.json,C:\Users\Admin\Desktop\ShiXiaoYu\data\FineTuneResNet\expert_models_runs\expert_run_stage6_9_66fold_test_19100_31080_imagenet_pretrain\predictions\predictions_student_cbsa31080_knn_k5_none.csv,C:\Users\Admin\Desktop\ShiXiaoYu\data\3.26plan_tripmode_v2_66fold\folds\test_19100_31080\logs\imagenet_pretrain\train.log,C:\Users\Admin\Desktop\ShiXiaoYu\data\3.26plan_tripmode_v2_66fold\folds\test_19100_31080\logs\imagenet_pretrain\inference.log,0.10121484573348552,0.12759210923317818,-0.571763708444369,0.07028068541996962,0.08769009259515198,-0.6893325834571196,0.045860285198811516,0.06884502866785482,-0.07441814009852465,test_19100_31080,31,19100,31080,5,cosine,none
satellite_pretrain,19100,0.06721219600004692,0.07982190034971136,-3.945727783697027,C:\Users\Admin\Desktop\ShiXiaoYu\data\FineTuneResNet\city_prototypes_per_city\per_city_cluster_20260607_152112,C:\Users\Admin\Desktop\ShiXiaoYu\data\FineTuneResNet\expert_models_runs\expert_run_stage6_9_66fold_test_19100_31080_satellite_pretrain\predictions\step6_expert_summary_student_20260607_152208.json,C:\Users\Admin\Desktop\ShiXiaoYu\data\FineTuneResNet\expert_models_runs\expert_run_stage6_9_66fold_test_19100_31080_satellite_pretrain\predictions\evaluation_student_cbsa19100_knn_k5_none.json,C:\Users\Admin\Desktop\ShiXiaoYu\data\FineTuneResNet\expert_models_runs\expert_run_stage6_9_66fold_test_19100_31080_satellite_pretrain\predictions\predictions_student_cbsa19100_knn_k5_none.csv,C:\Users\Admin\Desktop\ShiXiaoYu\data\3.26plan_tripmode_v2_66fold\folds\test_19100_31080\logs\satellite_pretrain\train.log,C:\Users\Admin\Desktop\ShiXiaoYu\data\3.26plan_tripmode_v2_66fold\folds\test_19100_31080\logs\satellite_pretrain\inference.log,0.09504301684090415,0.11101632354386778,-3.190201736661175,0.06641931040401658,0.07688177867252906,-8.3151513986063,0.04017426075522007,0.05156759883273724,-0.33183021582360706,test_19100_31080,31,19100,31080,5,cosine,none
satellite_pretrain,31080,0.048881029805835245,0.07209338623434175,0.14365574704710501,C:\Users\Admin\Desktop\ShiXiaoYu\data\FineTuneResNet\city_prototypes_per_city\per_city_cluster_20260607_152112,C:\Users\Admin\Desktop\ShiXiaoYu\data\FineTuneResNet\expert_models_runs\expert_run_stage6_9_66fold_test_19100_31080_satellite_pretrain\predictions\step6_expert_summary_student_20260607_152208.json,C:\Users\Admin\Desktop\ShiXiaoYu\data\FineTuneResNet\expert_models_runs\expert_run_stage6_9_66fold_test_19100_31080_satellite_pretrain\predictions\evaluation_student_cbsa31080_knn_k5_none.json,C:\Users\Admin\Desktop\ShiXiaoYu\data\FineTuneResNet\expert_models_runs\expert_run_stage6_9_66fold_test_19100_31080_satellite_pretrain\predictions\predictions_student_cbsa31080_knn_k5_none.csv,C:\Users\Admin\Desktop\ShiXiaoYu\data\3.26plan_tripmode_v2_66fold\folds\test_19100_31080\logs\satellite_pretrain\train.log,C:\Users\Admin\Desktop\ShiXiaoYu\data\3.26plan_tripmode_v2_66fold\folds\test_19100_31080\logs\satellite_pretrain\inference.log,0.0630175988063634,0.08937969978278561,0.22871052276017256,0.04735228532806616,0.0628817159740402,0.13131390344437321,0.03627320528307618,0.06401874294619943,0.07094281493676924,test_19100_31080,31,19100,31080,5,cosine,none
single_task_backbone_finetune,19100,0.04309786179691407,0.05759013903242088,-1.3210147072437508,C:\Users\Admin\Desktop\ShiXiaoYu\data\FineTuneResNet\city_prototypes_per_city\per_city_cluster_20260607_152321,C:\Users\Admin\Desktop\ShiXiaoYu\data\FineTuneResNet\expert_models_runs\expert_run_stage6_9_66fold_test_19100_31080_single_task_backbone_finetune\predictions\step6_expert_summary_student_20260607_152416.json,C:\Users\Admin\Desktop\ShiXiaoYu\data\FineTuneResNet\expert_models_runs\expert_run_stage6_9_66fold_test_19100_31080_single_task_backbone_finetune\predictions\evaluation_student_cbsa19100_knn_k5_none.json,C:\Users\Admin\Desktop\ShiXiaoYu\data\FineTuneResNet\expert_models_runs\expert_run_stage6_9_66fold_test_19100_31080_single_task_backbone_finetune\predictions\predictions_student_cbsa19100_knn_k5_none.csv,C:\Users\Admin\Desktop\ShiXiaoYu\data\3.26plan_tripmode_v2_66fold\folds\test_19100_31080\logs\single_task_backbone_finetune\train.log,C:\Users\Admin\Desktop\ShiXiaoYu\data\3.26plan_tripmode_v2_66fold\folds\test_19100_31080\logs\single_task_backbone_finetune\inference.log,0.0588504428476085,0.0772568886345449,-1.0292505773463239,0.03789389755374777,0.04960825932716496,-2.878386179770294,0.03254924498938595,0.04590526913555277,-0.05540736461463447,test_19100_31080,31,19100,31080,5,cosine,none
single_task_backbone_finetune,31080,0.044360430696075766,0.0718716436724779,0.1496637322535056,C:\Users\Admin\Desktop\ShiXiaoYu\data\FineTuneResNet\city_prototypes_per_city\per_city_cluster_20260607_152321,C:\Users\Admin\Desktop\ShiXiaoYu\data\FineTuneResNet\expert_models_runs\expert_run_stage6_9_66fold_test_19100_31080_single_task_backbone_finetune\predictions\step6_expert_summary_student_20260607_152416.json,C:\Users\Admin\Desktop\ShiXiaoYu\data\FineTuneResNet\expert_models_runs\expert_run_stage6_9_66fold_test_19100_31080_single_task_backbone_finetune\predictions\evaluation_student_cbsa31080_knn_k5_none.json,C:\Users\Admin\Desktop\ShiXiaoYu\data\FineTuneResNet\expert_models_runs\expert_run_stage6_9_66fold_test_19100_31080_single_task_backbone_finetune\predictions\predictions_student_cbsa31080_knn_k5_none.csv,C:\Users\Admin\Desktop\ShiXiaoYu\data\3.26plan_tripmode_v2_66fold\folds\test_19100_31080\logs\single_task_backbone_finetune\train.log,C:\Users\Admin\Desktop\ShiXiaoYu\data\3.26plan_tripmode_v2_66fold\folds\test_19100_31080\logs\single_task_backbone_finetune\inference.log,0.057174081259274125,0.08925409846373153,0.2308767172965278,0.04099283626441467,0.06313343923937072,0.12434506756358932,0.03491437456453852,0.06322739331433146,0.09376941190039967,test_19100_31080,31,19100,31080,5,cosine,none
aef_annual_64d,19100,0.04822646035511691,0.06929876916503548,-2.468466556798147,C:\Users\Admin\Desktop\ShiXiaoYu\data\FineTuneResNet\city_prototypes_per_city\per_city_cluster_20260607_152529,C:\Users\Admin\Desktop\ShiXiaoYu\data\FineTuneResNet\expert_models_runs\expert_run_stage6_9_66fold_test_19100_33100_aef_annual_64d\predictions\step6_expert_summary_student_20260607_152603.json,C:\Users\Admin\Desktop\ShiXiaoYu\data\FineTuneResNet\expert_models_runs\expert_run_stage6_9_66fold_test_19100_33100_aef_annual_64d\predictions\evaluation_student_cbsa19100_knn_k5_none.json,C:\Users\Admin\Desktop\ShiXiaoYu\data\FineTuneResNet\expert_models_runs\expert_run_stage6_9_66fold_test_19100_33100_aef_annual_64d\predictions\predictions_student_cbsa19100_knn_k5_none.csv,C:\Users\Admin\Desktop\ShiXiaoYu\data\3.26plan_tripmode_v2_66fold\folds\test_19100_33100\logs\aef_annual_64d\train.log,C:\Users\Admin\Desktop\ShiXiaoYu\data\3.26plan_tripmode_v2_66fold\folds\test_19100_33100\logs\aef_annual_64d\inference.log,0.06733348640048349,0.09750453398344694,-2.4874576493037805,0.040385503943588474,0.06067210994485491,-4.537659049515418,0.03696039072127875,0.049719663566804566,-0.3802829715752418,test_19100_33100,32,19100,33100,5,cosine,none
aef_annual_64d,33100,0.07384952366082458,0.10239186427299528,-1.5357109105718498,C:\Users\Admin\Desktop\ShiXiaoYu\data\FineTuneResNet\city_prototypes_per_city\per_city_cluster_20260607_152529,C:\Users\Admin\Desktop\ShiXiaoYu\data\FineTuneResNet\expert_models_runs\expert_run_stage6_9_66fold_test_19100_33100_aef_annual_64d\predictions\step6_expert_summary_student_20260607_152603.json,C:\Users\Admin\Desktop\ShiXiaoYu\data\FineTuneResNet\expert_models_runs\expert_run_stage6_9_66fold_test_19100_33100_aef_annual_64d\predictions\evaluation_student_cbsa33100_knn_k5_none.json,C:\Users\Admin\Desktop\ShiXiaoYu\data\FineTuneResNet\expert_models_runs\expert_run_stage6_9_66fold_test_19100_33100_aef_annual_64d\predictions\predictions_student_cbsa33100_knn_k5_none.csv,C:\Users\Admin\Desktop\ShiXiaoYu\data\3.26plan_tripmode_v2_66fold\folds\test_19100_33100\logs\aef_annual_64d\train.log,C:\Users\Admin\Desktop\ShiXiaoYu\data\3.26plan_tripmode_v2_66fold\folds\test_19100_33100\logs\aef_annual_64d\inference.log,0.10308392086601775,0.14293796221595637,-1.462420048214839,0.06540612203941552,0.09144092653662132,-3.11652570508953,0.05305852807704045,0.07279670406640813,-0.02818697841118012,test_19100_33100,32,19100,33100,5,cosine,none
clay_v1_5_768d,19100,0.08287550043381901,0.100416924201017,-6.566903945890861,C:\Users\Admin\Desktop\ShiXiaoYu\data\FineTuneResNet\city_prototypes_per_city\per_city_cluster_20260607_152727,C:\Users\Admin\Desktop\ShiXiaoYu\data\FineTuneResNet\expert_models_runs\expert_run_stage6_9_66fold_test_19100_33100_clay_v1_5_768d\predictions\step6_expert_summary_student_20260607_152811.json,C:\Users\Admin\Desktop\ShiXiaoYu\data\FineTuneResNet\expert_models_runs\expert_run_stage6_9_66fold_test_19100_33100_clay_v1_5_768d\predictions\evaluation_student_cbsa19100_knn_k5_none.json,C:\Users\Admin\Desktop\ShiXiaoYu\data\FineTuneResNet\expert_models_runs\expert_run_stage6_9_66fold_test_19100_33100_clay_v1_5_768d\predictions\predictions_student_cbsa19100_knn_k5_none.csv,C:\Users\Admin\Desktop\ShiXiaoYu\data\3.26plan_tripmode_v2_66fold\folds\test_19100_33100\logs\clay_v1_5_768d\train.log,C:\Users\Admin\Desktop\ShiXiaoYu\data\3.26plan_tripmode_v2_66fold\folds\test_19100_33100\logs\clay_v1_5_768d\inference.log,0.11941614924778837,0.14418384894688477,-6.0679664601674705,0.07701962244889661,0.09276635382177836,-12.562009596815297,0.05219072960477204,0.06430056983438788,-1.0707357806898128,test_19100_33100,32,19100,33100,5,cosine,none
clay_v1_5_768d,33100,0.07209108278348957,0.09162521747351615,-0.9454305762989175,C:\Users\Admin\Desktop\ShiXiaoYu\data\FineTuneResNet\city_prototypes_per_city\per_city_cluster_20260607_152727,C:\Users\Admin\Desktop\ShiXiaoYu\data\FineTuneResNet\expert_models_runs\expert_run_stage6_9_66fold_test_19100_33100_clay_v1_5_768d\predictions\step6_expert_summary_student_20260607_152811.json,C:\Users\Admin\Desktop\ShiXiaoYu\data\FineTuneResNet\expert_models_runs\expert_run_stage6_9_66fold_test_19100_33100_clay_v1_5_768d\predictions\evaluation_student_cbsa33100_knn_k5_none.json,C:\Users\Admin\Desktop\ShiXiaoYu\data\FineTuneResNet\expert_models_runs\expert_run_stage6_9_66fold_test_19100_33100_clay_v1_5_768d\predictions\predictions_student_cbsa33100_knn_k5_none.csv,C:\Users\Admin\Desktop\ShiXiaoYu\data\3.26plan_tripmode_v2_66fold\folds\test_19100_33100\logs\clay_v1_5_768d\train.log,C:\Users\Admin\Desktop\ShiXiaoYu\data\3.26plan_tripmode_v2_66fold\folds\test_19100_33100\logs\clay_v1_5_768d\inference.log,0.0995540542286928,0.12363179540079314,-0.8421598733857645,0.0611732436646816,0.07712061006619543,-1.9281310411123518,0.055545950457094276,0.07412324695355987,-0.06600081439863592,test_19100_33100,32,19100,33100,5,cosine,none
prithvi_eo_v2_1024d,19100,0.08945168260666742,0.10429898580082668,-7.929952837931386,C:\Users\Admin\Desktop\ShiXiaoYu\data\FineTuneResNet\city_prototypes_per_city\per_city_cluster_20260607_152924,C:\Users\Admin\Desktop\ShiXiaoYu\data\FineTuneResNet\expert_models_runs\expert_run_stage6_9_66fold_test_19100_33100_prithvi_eo_v2_1024d\predictions\step6_expert_summary_student_20260607_153008.json,C:\Users\Admin\Desktop\ShiXiaoYu\data\FineTuneResNet\expert_models_runs\expert_run_stage6_9_66fold_test_19100_33100_prithvi_eo_v2_1024d\predictions\evaluation_student_cbsa19100_knn_k5_none.json,C:\Users\Admin\Desktop\ShiXiaoYu\data\FineTuneResNet\expert_models_runs\expert_run_stage6_9_66fold_test_19100_33100_prithvi_eo_v2_1024d\predictions\predictions_student_cbsa19100_knn_k5_none.csv,C:\Users\Admin\Desktop\ShiXiaoYu\data\3.26plan_tripmode_v2_66fold\folds\test_19100_33100\logs\prithvi_eo_v2_1024d\train.log,C:\Users\Admin\Desktop\ShiXiaoYu\data\3.26plan_tripmode_v2_66fold\folds\test_19100_33100\logs\prithvi_eo_v2_1024d\inference.log,0.12729149842477092,0.1465985756747065,-6.306691180504444,0.09303905096238319,0.10583458444202752,-16.652177716310387,0.04802449843284815,0.06046379728574603,-0.8309896169793276,test_19100_33100,32,19100,33100,5,cosine,none
prithvi_eo_v2_1024d,33100,0.1114889517847732,0.12674329442749135,-2.8754299486282444,C:\Users\Admin\Desktop\ShiXiaoYu\data\FineTuneResNet\city_prototypes_per_city\per_city_cluster_20260607_152924,C:\Users\Admin\Desktop\ShiXiaoYu\data\FineTuneResNet\expert_models_runs\expert_run_stage6_9_66fold_test_19100_33100_prithvi_eo_v2_1024d\predictions\step6_expert_summary_student_20260607_153008.json,C:\Users\Admin\Desktop\ShiXiaoYu\data\FineTuneResNet\expert_models_runs\expert_run_stage6_9_66fold_test_19100_33100_prithvi_eo_v2_1024d\predictions\evaluation_student_cbsa33100_knn_k5_none.json,C:\Users\Admin\Desktop\ShiXiaoYu\data\FineTuneResNet\expert_models_runs\expert_run_stage6_9_66fold_test_19100_33100_prithvi_eo_v2_1024d\predictions\predictions_student_cbsa33100_knn_k5_none.csv,C:\Users\Admin\Desktop\ShiXiaoYu\data\3.26plan_tripmode_v2_66fold\folds\test_19100_33100\logs\prithvi_eo_v2_1024d\train.log,C:\Users\Admin\Desktop\ShiXiaoYu\data\3.26plan_tripmode_v2_66fold\folds\test_19100_33100\logs\prithvi_eo_v2_1024d\inference.log,0.15935168479543907,0.17866928501726692,-2.8473948978178507,0.10164149309626641,0.11261804255453807,-5.244038104511828,0.07347367746261407,0.08894255571066906,-0.5348568435550525,test_19100_33100,32,19100,33100,5,cosine,none
imagenet_pretrain,19100,0.06950627939119003,0.08232329725868756,-4.088492165295173,C:\Users\Admin\Desktop\ShiXiaoYu\data\FineTuneResNet\city_prototypes_per_city\per_city_cluster_20260607_153126,C:\Users\Admin\Desktop\ShiXiaoYu\data\FineTuneResNet\expert_models_runs\expert_run_stage6_9_66fold_test_19100_33100_imagenet_pretrain\predictions\step6_expert_summary_student_20260607_153216.json,C:\Users\Admin\Desktop\ShiXiaoYu\data\FineTuneResNet\expert_models_runs\expert_run_stage6_9_66fold_test_19100_33100_imagenet_pretrain\predictions\evaluation_student_cbsa19100_knn_k5_none.json,C:\Users\Admin\Desktop\ShiXiaoYu\data\FineTuneResNet\expert_models_runs\expert_run_stage6_9_66fold_test_19100_33100_imagenet_pretrain\predictions\predictions_student_cbsa19100_knn_k5_none.csv,C:\Users\Admin\Desktop\ShiXiaoYu\data\3.26plan_tripmode_v2_66fold\folds\test_19100_33100\logs\imagenet_pretrain\train.log,C:\Users\Admin\Desktop\ShiXiaoYu\data\3.26plan_tripmode_v2_66fold\folds\test_19100_33100\logs\imagenet_pretrain\inference.log,0.0992403123092343,0.11648643745018628,-3.6133029708007873,0.06661963903464706,0.07633806652142322,-8.18386276407437,0.04265888682968871,0.05414538780445318,-0.4683107610103605,test_19100_33100,32,19100,33100,5,cosine,none
imagenet_pretrain,33100,0.06728270901828542,0.08763894884874941,-0.8514153561967134,C:\Users\Admin\Desktop\ShiXiaoYu\data\FineTuneResNet\city_prototypes_per_city\per_city_cluster_20260607_153126,C:\Users\Admin\Desktop\ShiXiaoYu\data\FineTuneResNet\expert_models_runs\expert_run_stage6_9_66fold_test_19100_33100_imagenet_pretrain\predictions\step6_expert_summary_student_20260607_153216.json,C:\Users\Admin\Desktop\ShiXiaoYu\data\FineTuneResNet\expert_models_runs\expert_run_stage6_9_66fold_test_19100_33100_imagenet_pretrain\predictions\evaluation_student_cbsa33100_knn_k5_none.json,C:\Users\Admin\Desktop\ShiXiaoYu\data\FineTuneResNet\expert_models_runs\expert_run_stage6_9_66fold_test_19100_33100_imagenet_pretrain\predictions\predictions_student_cbsa33100_knn_k5_none.csv,C:\Users\Admin\Desktop\ShiXiaoYu\data\3.26plan_tripmode_v2_66fold\folds\test_19100_33100\logs\imagenet_pretrain\train.log,C:\Users\Admin\Desktop\ShiXiaoYu\data\3.26plan_tripmode_v2_66fold\folds\test_19100_33100\logs\imagenet_pretrain\inference.log,0.09172161425948369,0.1154559430700135,-0.6065696257983566,0.06254101939012591,0.07832496033087283,-2.0202991674646054,0.04758549340524668,0.0691359431453619,0.07262272467282183,test_19100_33100,32,19100,33100,5,cosine,none
satellite_pretrain,19100,0.07229588748434851,0.08559834580935081,-4.814249239476005,C:\Users\Admin\Desktop\ShiXiaoYu\data\FineTuneResNet\city_prototypes_per_city\per_city_cluster_20260607_153334,C:\Users\Admin\Desktop\ShiXiaoYu\data\FineTuneResNet\expert_models_runs\expert_run_stage6_9_66fold_test_19100_33100_satellite_pretrain\predictions\step6_expert_summary_student_20260607_153423.json,C:\Users\Admin\Desktop\ShiXiaoYu\data\FineTuneResNet\expert_models_runs\expert_run_stage6_9_66fold_test_19100_33100_satellite_pretrain\predictions\evaluation_student_cbsa19100_knn_k5_none.json,C:\Users\Admin\Desktop\ShiXiaoYu\data\FineTuneResNet\expert_models_runs\expert_run_stage6_9_66fold_test_19100_33100_satellite_pretrain\predictions\predictions_student_cbsa19100_knn_k5_none.csv,C:\Users\Admin\Desktop\ShiXiaoYu\data\3.26plan_tripmode_v2_66fold\folds\test_19100_33100\logs\satellite_pretrain\train.log,C:\Users\Admin\Desktop\ShiXiaoYu\data\3.26plan_tripmode_v2_66fold\folds\test_19100_33100\logs\satellite_pretrain\inference.log,0.10248387489740433,0.11947803092004602,-3.853302527071616,0.072548165838317,0.08421623475192748,-10.17724355420921,0.04185562171732421,0.05310077175607894,-0.4122016371471853,test_19100_33100,32,19100,33100,5,cosine,none
satellite_pretrain,33100,0.07976810743306521,0.10174539055942233,-1.7627643392370398,C:\Users\Admin\Desktop\ShiXiaoYu\data\FineTuneResNet\city_prototypes_per_city\per_city_cluster_20260607_153334,C:\Users\Admin\Desktop\ShiXiaoYu\data\FineTuneResNet\expert_models_runs\expert_run_stage6_9_66fold_test_19100_33100_satellite_pretrain\predictions\step6_expert_summary_student_20260607_153423.json,C:\Users\Admin\Desktop\ShiXiaoYu\data\FineTuneResNet\expert_models_runs\expert_run_stage6_9_66fold_test_19100_33100_satellite_pretrain\predictions\evaluation_student_cbsa33100_knn_k5_none.json,C:\Users\Admin\Desktop\ShiXiaoYu\data\FineTuneResNet\expert_models_runs\expert_run_stage6_9_66fold_test_19100_33100_satellite_pretrain\predictions\predictions_student_cbsa33100_knn_k5_none.csv,C:\Users\Admin\Desktop\ShiXiaoYu\data\3.26plan_tripmode_v2_66fold\folds\test_19100_33100\logs\satellite_pretrain\train.log,C:\Users\Admin\Desktop\ShiXiaoYu\data\3.26plan_tripmode_v2_66fold\folds\test_19100_33100\logs\satellite_pretrain\inference.log,0.10708630638136273,0.13200603154558269,-1.1001703174854613,0.08423168893491813,0.10310923946160881,-4.234133106139837,0.04798632698291481,0.07012090067107551,0.04601040591417971,test_19100_33100,32,19100,33100,5,cosine,none
single_task_backbone_finetune,19100,0.04603167633090873,0.06014954000474449,-1.6162230780002724,C:\Users\Admin\Desktop\ShiXiaoYu\data\FineTuneResNet\city_prototypes_per_city\per_city_cluster_20260607_153539,C:\Users\Admin\Desktop\ShiXiaoYu\data\FineTuneResNet\expert_models_runs\expert_run_stage6_9_66fold_test_19100_33100_single_task_backbone_finetune\predictions\step6_expert_summary_student_20260607_153631.json,C:\Users\Admin\Desktop\ShiXiaoYu\data\FineTuneResNet\expert_models_runs\expert_run_stage6_9_66fold_test_19100_33100_single_task_backbone_finetune\predictions\evaluation_student_cbsa19100_knn_k5_none.json,C:\Users\Admin\Desktop\ShiXiaoYu\data\FineTuneResNet\expert_models_runs\expert_run_stage6_9_66fold_test_19100_33100_single_task_backbone_finetune\predictions\predictions_student_cbsa19100_knn_k5_none.csv,C:\Users\Admin\Desktop\ShiXiaoYu\data\3.26plan_tripmode_v2_66fold\folds\test_19100_33100\logs\single_task_backbone_finetune\train.log,C:\Users\Admin\Desktop\ShiXiaoYu\data\3.26plan_tripmode_v2_66fold\folds\test_19100_33100\logs\single_task_backbone_finetune\inference.log,0.06299269014894297,0.08033109870304435,-1.1939597933672519,0.04192514364608957,0.05395192239987326,-3.5872976575460873,0.03317719519769365,0.04616559891131586,-0.06741178308747853,test_19100_33100,32,19100,33100,5,cosine,none
single_task_backbone_finetune,33100,0.0584782742670325,0.0832629009756415,-0.6571147709001811,C:\Users\Admin\Desktop\ShiXiaoYu\data\FineTuneResNet\city_prototypes_per_city\per_city_cluster_20260607_153539,C:\Users\Admin\Desktop\ShiXiaoYu\data\FineTuneResNet\expert_models_runs\expert_run_stage6_9_66fold_test_19100_33100_single_task_backbone_finetune\predictions\step6_expert_summary_student_20260607_153631.json,C:\Users\Admin\Desktop\ShiXiaoYu\data\FineTuneResNet\expert_models_runs\expert_run_stage6_9_66fold_test_19100_33100_single_task_backbone_finetune\predictions\evaluation_student_cbsa33100_knn_k5_none.json,C:\Users\Admin\Desktop\ShiXiaoYu\data\FineTuneResNet\expert_models_runs\expert_run_stage6_9_66fold_test_19100_33100_single_task_backbone_finetune\predictions\predictions_student_cbsa33100_knn_k5_none.csv,C:\Users\Admin\Desktop\ShiXiaoYu\data\3.26plan_tripmode_v2_66fold\folds\test_19100_33100\logs\single_task_backbone_finetune\train.log,C:\Users\Admin\Desktop\ShiXiaoYu\data\3.26plan_tripmode_v2_66fold\folds\test_19100_33100\logs\single_task_backbone_finetune\inference.log,0.07825618713301453,0.1089599756140874,-0.43087257724396966,0.053602430236177355,0.07352800096606711,-1.661675538563137,0.0435762054319056,0.06730072634676998,0.12120380310656342,test_19100_33100,32,19100,33100,5,cosine,none
aef_annual_64d,19100,0.04702884759936301,0.06503478454766022,-1.9694304015435442,C:\Users\Admin\Desktop\ShiXiaoYu\data\FineTuneResNet\city_prototypes_per_city\per_city_cluster_20260607_153738,C:\Users\Admin\Desktop\ShiXiaoYu\data\FineTuneResNet\expert_models_runs\expert_run_stage6_9_66fold_test_19100_35620_aef_annual_64d\predictions\step6_expert_summary_student_20260607_153806.json,C:\Users\Admin\Desktop\ShiXiaoYu\data\FineTuneResNet\expert_models_runs\expert_run_stage6_9_66fold_test_19100_35620_aef_annual_64d\predictions\evaluation_student_cbsa19100_knn_k5_none.json,C:\Users\Admin\Desktop\ShiXiaoYu\data\FineTuneResNet\expert_models_runs\expert_run_stage6_9_66fold_test_19100_35620_aef_annual_64d\predictions\predictions_student_cbsa19100_knn_k5_none.csv,C:\Users\Admin\Desktop\ShiXiaoYu\data\3.26plan_tripmode_v2_66fold\folds\test_19100_35620\logs\aef_annual_64d\train.log,C:\Users\Admin\Desktop\ShiXiaoYu\data\3.26plan_tripmode_v2_66fold\folds\test_19100_35620\logs\aef_annual_64d\inference.log,0.06524752617927607,0.09056725684584437,-2.008858386980464,0.03870855393870339,0.05480519095806636,-3.5184700393720068,0.03713046268010954,0.04973190583906993,-0.3809627782781626,test_19100_35620,33,19100,35620,5,cosine,none
aef_annual_64d,35620,0.17986773375709963,0.23751401443498987,-0.01884167173250728,C:\Users\Admin\Desktop\ShiXiaoYu\data\FineTuneResNet\city_prototypes_per_city\per_city_cluster_20260607_153738,C:\Users\Admin\Desktop\ShiXiaoYu\data\FineTuneResNet\expert_models_runs\expert_run_stage6_9_66fold_test_19100_35620_aef_annual_64d\predictions\step6_expert_summary_student_20260607_153806.json,C:\Users\Admin\Desktop\ShiXiaoYu\data\FineTuneResNet\expert_models_runs\expert_run_stage6_9_66fold_test_19100_35620_aef_annual_64d\predictions\evaluation_student_cbsa35620_knn_k5_none.json,C:\Users\Admin\Desktop\ShiXiaoYu\data\FineTuneResNet\expert_models_runs\expert_run_stage6_9_66fold_test_19100_35620_aef_annual_64d\predictions\predictions_student_cbsa35620_knn_k5_none.csv,C:\Users\Admin\Desktop\ShiXiaoYu\data\3.26plan_tripmode_v2_66fold\folds\test_19100_35620\logs\aef_annual_64d\train.log,C:\Users\Admin\Desktop\ShiXiaoYu\data\3.26plan_tripmode_v2_66fold\folds\test_19100_35620\logs\aef_annual_64d\inference.log,0.24606050733827492,0.31576594467606434,-0.01054942304476092,0.21331282942259816,0.2844170236000641,-0.24560310754599635,0.08022986451042581,0.11235907502884128,0.19962751539323542,test_19100_35620,33,19100,35620,5,cosine,none
clay_v1_5_768d,19100,0.08619605145265587,0.10306169694860536,-6.261308161395644,C:\Users\Admin\Desktop\ShiXiaoYu\data\FineTuneResNet\city_prototypes_per_city\per_city_cluster_20260607_153923,C:\Users\Admin\Desktop\ShiXiaoYu\data\FineTuneResNet\expert_models_runs\expert_run_stage6_9_66fold_test_19100_35620_clay_v1_5_768d\predictions\step6_expert_summary_student_20260607_154007.json,C:\Users\Admin\Desktop\ShiXiaoYu\data\FineTuneResNet\expert_models_runs\expert_run_stage6_9_66fold_test_19100_35620_clay_v1_5_768d\predictions\evaluation_student_cbsa19100_knn_k5_none.json,C:\Users\Admin\Desktop\ShiXiaoYu\data\FineTuneResNet\expert_models_runs\expert_run_stage6_9_66fold_test_19100_35620_clay_v1_5_768d\predictions\predictions_student_cbsa19100_knn_k5_none.csv,C:\Users\Admin\Desktop\ShiXiaoYu\data\3.26plan_tripmode_v2_66fold\folds\test_19100_35620\logs\clay_v1_5_768d\train.log,C:\Users\Admin\Desktop\ShiXiaoYu\data\3.26plan_tripmode_v2_66fold\folds\test_19100_35620\logs\clay_v1_5_768d\inference.log,0.12580472888904776,0.1507273316120891,-6.7240534781596555,0.0734859691557426,0.08485097710813604,-10.346365491032708,0.059297456313177274,0.07360678212559096,-1.7135055149945675,test_19100_35620,33,19100,35620,5,cosine,none
clay_v1_5_768d,35620,0.1693272359180996,0.2199508002289142,0.01913190156967126,C:\Users\Admin\Desktop\ShiXiaoYu\data\FineTuneResNet\city_prototypes_per_city\per_city_cluster_20260607_153923,C:\Users\Admin\Desktop\ShiXiaoYu\data\FineTuneResNet\expert_models_runs\expert_run_stage6_9_66fold_test_19100_35620_clay_v1_5_768d\predictions\step6_expert_summary_student_20260607_154007.json,C:\Users\Admin\Desktop\ShiXiaoYu\data\FineTuneResNet\expert_models_runs\expert_run_stage6_9_66fold_test_19100_35620_clay_v1_5_768d\predictions\evaluation_student_cbsa35620_knn_k5_none.json,C:\Users\Admin\Desktop\ShiXiaoYu\data\FineTuneResNet\expert_models_runs\expert_run_stage6_9_66fold_test_19100_35620_clay_v1_5_768d\predictions\predictions_student_cbsa35620_knn_k5_none.csv,C:\Users\Admin\Desktop\ShiXiaoYu\data\3.26plan_tripmode_v2_66fold\folds\test_19100_35620\logs\clay_v1_5_768d\train.log,C:\Users\Admin\Desktop\ShiXiaoYu\data\3.26plan_tripmode_v2_66fold\folds\test_19100_35620\logs\clay_v1_5_768d\inference.log,0.20360714605796876,0.25881537250271747,0.29851291737635377,0.21700204765345898,0.28914879934858734,-0.2514857185891175,0.08737251404287098,0.11188822883543774,0.010368505921777516,test_19100_35620,33,19100,35620,5,cosine,none
prithvi_eo_v2_1024d,19100,0.07778118532356924,0.08978698396933643,-5.07295894890247,C:\Users\Admin\Desktop\ShiXiaoYu\data\FineTuneResNet\city_prototypes_per_city\per_city_cluster_20260607_154117,C:\Users\Admin\Desktop\ShiXiaoYu\data\FineTuneResNet\expert_models_runs\expert_run_stage6_9_66fold_test_19100_35620_prithvi_eo_v2_1024d\predictions\step6_expert_summary_student_20260607_154201.json,C:\Users\Admin\Desktop\ShiXiaoYu\data\FineTuneResNet\expert_models_runs\expert_run_stage6_9_66fold_test_19100_35620_prithvi_eo_v2_1024d\predictions\evaluation_student_cbsa19100_knn_k5_none.json,C:\Users\Admin\Desktop\ShiXiaoYu\data\FineTuneResNet\expert_models_runs\expert_run_stage6_9_66fold_test_19100_35620_prithvi_eo_v2_1024d\predictions\predictions_student_cbsa19100_knn_k5_none.csv,C:\Users\Admin\Desktop\ShiXiaoYu\data\3.26plan_tripmode_v2_66fold\folds\test_19100_35620\logs\prithvi_eo_v2_1024d\train.log,C:\Users\Admin\Desktop\ShiXiaoYu\data\3.26plan_tripmode_v2_66fold\folds\test_19100_35620\logs\prithvi_eo_v2_1024d\inference.log,0.11152122284959896,0.1277444128729857,-4.548110212918761,0.07502094724213959,0.08345726965537538,-9.976690482297503,0.046801385878969155,0.058159269379648215,-0.6940761514911471,test_19100_35620,33,19100,35620,5,cosine,none
prithvi_eo_v2_1024d,35620,0.19640682278660235,0.263805017330748,-0.3029963234053447,C:\Users\Admin\Desktop\ShiXiaoYu\data\FineTuneResNet\city_prototypes_per_city\per_city_cluster_20260607_154117,C:\Users\Admin\Desktop\ShiXiaoYu\data\FineTuneResNet\expert_models_runs\expert_run_stage6_9_66fold_test_19100_35620_prithvi_eo_v2_1024d\predictions\step6_expert_summary_student_20260607_154201.json,C:\Users\Admin\Desktop\ShiXiaoYu\data\FineTuneResNet\expert_models_runs\expert_run_stage6_9_66fold_test_19100_35620_prithvi_eo_v2_1024d\predictions\evaluation_student_cbsa35620_knn_k5_none.json,C:\Users\Admin\Desktop\ShiXiaoYu\data\FineTuneResNet\expert_models_runs\expert_run_stage6_9_66fold_test_19100_35620_prithvi_eo_v2_1024d\predictions\predictions_student_cbsa35620_knn_k5_none.csv,C:\Users\Admin\Desktop\ShiXiaoYu\data\3.26plan_tripmode_v2_66fold\folds\test_19100_35620\logs\prithvi_eo_v2_1024d\train.log,C:\Users\Admin\Desktop\ShiXiaoYu\data\3.26plan_tripmode_v2_66fold\folds\test_19100_35620\logs\prithvi_eo_v2_1024d\inference.log,0.26677618228925065,0.3498006907532508,-0.2813886350175796,0.2472488549337407,0.3283935769722754,-0.6142560389923006,0.07519543113681572,0.11322078426671787,-0.01334429620615385,test_19100_35620,33,19100,35620,5,cosine,none
imagenet_pretrain,19100,0.06397619691274042,0.07442844355627073,-2.955069086823761,C:\Users\Admin\Desktop\ShiXiaoYu\data\FineTuneResNet\city_prototypes_per_city\per_city_cluster_20260607_154315,C:\Users\Admin\Desktop\ShiXiaoYu\data\FineTuneResNet\expert_models_runs\expert_run_stage6_9_66fold_test_19100_35620_imagenet_pretrain\predictions\step6_expert_summary_student_20260607_154408.json,C:\Users\Admin\Desktop\ShiXiaoYu\data\FineTuneResNet\expert_models_runs\expert_run_stage6_9_66fold_test_19100_35620_imagenet_pretrain\predictions\evaluation_student_cbsa19100_knn_k5_none.json,C:\Users\Admin\Desktop\ShiXiaoYu\data\FineTuneResNet\expert_models_runs\expert_run_stage6_9_66fold_test_19100_35620_imagenet_pretrain\predictions\predictions_student_cbsa19100_knn_k5_none.csv,C:\Users\Admin\Desktop\ShiXiaoYu\data\3.26plan_tripmode_v2_66fold\folds\test_19100_35620\logs\imagenet_pretrain\train.log,C:\Users\Admin\Desktop\ShiXiaoYu\data\3.26plan_tripmode_v2_66fold\folds\test_19100_35620\logs\imagenet_pretrain\inference.log,0.09056247893432012,0.10388926211545878,-2.6694635144934016,0.05868555728078423,0.06536657468758574,-5.733711865155077,0.04268055452311692,0.0540294938657677,-0.4620318808228039,test_19100_35620,33,19100,35620,5,cosine,none
imagenet_pretrain,35620,0.18694074970726313,0.24848339919266407,-0.13969431522718445,C:\Users\Admin\Desktop\ShiXiaoYu\data\FineTuneResNet\city_prototypes_per_city\per_city_cluster_20260607_154315,C:\Users\Admin\Desktop\ShiXiaoYu\data\FineTuneResNet\expert_models_runs\expert_run_stage6_9_66fold_test_19100_35620_imagenet_pretrain\predictions\step6_expert_summary_student_20260607_154408.json,C:\Users\Admin\Desktop\ShiXiaoYu\data\FineTuneResNet\expert_models_runs\expert_run_stage6_9_66fold_test_19100_35620_imagenet_pretrain\predictions\evaluation_student_cbsa35620_knn_k5_none.json,C:\Users\Admin\Desktop\ShiXiaoYu\data\FineTuneResNet\expert_models_runs\expert_run_stage6_9_66fold_test_19100_35620_imagenet_pretrain\predictions\predictions_student_cbsa35620_knn_k5_none.csv,C:\Users\Admin\Desktop\ShiXiaoYu\data\3.26plan_tripmode_v2_66fold\folds\test_19100_35620\logs\imagenet_pretrain\train.log,C:\Users\Admin\Desktop\ShiXiaoYu\data\3.26plan_tripmode_v2_66fold\folds\test_19100_35620\logs\imagenet_pretrain\inference.log,0.2585378321363564,0.33360808564495303,-0.16550107504134814,0.2344570575758436,0.3107113479346653,-0.44509813809370957,0.06782735940958945,0.10113076399837394,0.19151626745350436,test_19100_35620,33,19100,35620,5,cosine,none
satellite_pretrain,19100,0.06109443090978717,0.07165574397153242,-2.718941878500581,C:\Users\Admin\Desktop\ShiXiaoYu\data\FineTuneResNet\city_prototypes_per_city\per_city_cluster_20260607_154522,C:\Users\Admin\Desktop\ShiXiaoYu\data\FineTuneResNet\expert_models_runs\expert_run_stage6_9_66fold_test_19100_35620_satellite_pretrain\predictions\step6_expert_summary_student_20260607_154610.json,C:\Users\Admin\Desktop\ShiXiaoYu\data\FineTuneResNet\expert_models_runs\expert_run_stage6_9_66fold_test_19100_35620_satellite_pretrain\predictions\evaluation_student_cbsa19100_knn_k5_none.json,C:\Users\Admin\Desktop\ShiXiaoYu\data\FineTuneResNet\expert_models_runs\expert_run_stage6_9_66fold_test_19100_35620_satellite_pretrain\predictions\predictions_student_cbsa19100_knn_k5_none.csv,C:\Users\Admin\Desktop\ShiXiaoYu\data\3.26plan_tripmode_v2_66fold\folds\test_19100_35620\logs\satellite_pretrain\train.log,C:\Users\Admin\Desktop\ShiXiaoYu\data\3.26plan_tripmode_v2_66fold\folds\test_19100_35620\logs\satellite_pretrain\inference.log,0.08610094125330452,0.09947865515339688,-2.3645040964687905,0.05721647115605333,0.06406301174314201,-5.467817800287854,0.03996588032000365,0.05142556501805838,-0.3245037387450984,test_19100_35620,33,19100,35620,5,cosine,none
satellite_pretrain,35620,0.20241174873625725,0.2725531245949277,-0.3620623812494303,C:\Users\Admin\Desktop\ShiXiaoYu\data\FineTuneResNet\city_prototypes_per_city\per_city_cluster_20260607_154522,C:\Users\Admin\Desktop\ShiXiaoYu\data\FineTuneResNet\expert_models_runs\expert_run_stage6_9_66fold_test_19100_35620_satellite_pretrain\predictions\step6_expert_summary_student_20260607_154610.json,C:\Users\Admin\Desktop\ShiXiaoYu\data\FineTuneResNet\expert_models_runs\expert_run_stage6_9_66fold_test_19100_35620_satellite_pretrain\predictions\evaluation_student_cbsa35620_knn_k5_none.json,C:\Users\Admin\Desktop\ShiXiaoYu\data\FineTuneResNet\expert_models_runs\expert_run_stage6_9_66fold_test_19100_35620_satellite_pretrain\predictions\predictions_student_cbsa35620_knn_k5_none.csv,C:\Users\Admin\Desktop\ShiXiaoYu\data\3.26plan_tripmode_v2_66fold\folds\test_19100_35620\logs\satellite_pretrain\train.log,C:\Users\Admin\Desktop\ShiXiaoYu\data\3.26plan_tripmode_v2_66fold\folds\test_19100_35620\logs\satellite_pretrain\inference.log,0.28224565075926067,0.3689770038225763,-0.42573280416544623,0.2563503867216865,0.3405258252750368,-0.7357341960310226,0.06863920872782472,0.10815654468717008,0.07527985644817792,test_19100_35620,33,19100,35620,5,cosine,none
single_task_backbone_finetune,19100,0.0442973895563678,0.05929034374935743,-1.4562945289287128,C:\Users\Admin\Desktop\ShiXiaoYu\data\FineTuneResNet\city_prototypes_per_city\per_city_cluster_20260607_154725,C:\Users\Admin\Desktop\ShiXiaoYu\data\FineTuneResNet\expert_models_runs\expert_run_stage6_9_66fold_test_19100_35620_single_task_backbone_finetune\predictions\step6_expert_summary_student_20260607_154817.json,C:\Users\Admin\Desktop\ShiXiaoYu\data\FineTuneResNet\expert_models_runs\expert_run_stage6_9_66fold_test_19100_35620_single_task_backbone_finetune\predictions\evaluation_student_cbsa19100_knn_k5_none.json,C:\Users\Admin\Desktop\ShiXiaoYu\data\FineTuneResNet\expert_models_runs\expert_run_stage6_9_66fold_test_19100_35620_single_task_backbone_finetune\predictions\predictions_student_cbsa19100_knn_k5_none.csv,C:\Users\Admin\Desktop\ShiXiaoYu\data\3.26plan_tripmode_v2_66fold\folds\test_19100_35620\logs\single_task_backbone_finetune\train.log,C:\Users\Admin\Desktop\ShiXiaoYu\data\3.26plan_tripmode_v2_66fold\folds\test_19100_35620\logs\single_task_backbone_finetune\inference.log,0.060976287301369794,0.08031124131142835,-1.1928752586145448,0.038479049495878936,0.05092310891801895,-3.086701275361321,0.03343683187185466,0.046636681018625004,-0.08930705281027262,test_19100_35620,33,19100,35620,5,cosine,none
single_task_backbone_finetune,35620,0.14405621570496105,0.18749961848836674,0.05711553594543184,C:\Users\Admin\Desktop\ShiXiaoYu\data\FineTuneResNet\city_prototypes_per_city\per_city_cluster_20260607_154725,C:\Users\Admin\Desktop\ShiXiaoYu\data\FineTuneResNet\expert_models_runs\expert_run_stage6_9_66fold_test_19100_35620_single_task_backbone_finetune\predictions\step6_expert_summary_student_20260607_154817.json,C:\Users\Admin\Desktop\ShiXiaoYu\data\FineTuneResNet\expert_models_runs\expert_run_stage6_9_66fold_test_19100_35620_single_task_backbone_finetune\predictions\evaluation_student_cbsa35620_knn_k5_none.json,C:\Users\Admin\Desktop\ShiXiaoYu\data\FineTuneResNet\expert_models_runs\expert_run_stage6_9_66fold_test_19100_35620_single_task_backbone_finetune\predictions\predictions_student_cbsa35620_knn_k5_none.csv,C:\Users\Admin\Desktop\ShiXiaoYu\data\3.26plan_tripmode_v2_66fold\folds\test_19100_35620\logs\single_task_backbone_finetune\train.log,C:\Users\Admin\Desktop\ShiXiaoYu\data\3.26plan_tripmode_v2_66fold\folds\test_19100_35620\logs\single_task_backbone_finetune\inference.log,0.1425245120959448,0.18322690299946562,0.6484249685626042,0.17746298380768724,0.23468078349616278,0.17559964459362964,0.11218115121125112,0.14459116896947188,-0.6526780053199384,test_19100_35620,33,19100,35620,5,cosine,none
aef_annual_64d,19100,0.05114776679943289,0.06868242406313142,-2.4350977996085335,C:\Users\Admin\Desktop\ShiXiaoYu\data\FineTuneResNet\city_prototypes_per_city\per_city_cluster_20260607_154923,C:\Users\Admin\Desktop\ShiXiaoYu\data\FineTuneResNet\expert_models_runs\expert_run_stage6_9_66fold_test_19100_38060_aef_annual_64d\predictions\step6_expert_summary_student_20260607_154952.json,C:\Users\Admin\Desktop\ShiXiaoYu\data\FineTuneResNet\expert_models_runs\expert_run_stage6_9_66fold_test_19100_38060_aef_annual_64d\predictions\evaluation_student_cbsa19100_knn_k5_none.json,C:\Users\Admin\Desktop\ShiXiaoYu\data\FineTuneResNet\expert_models_runs\expert_run_stage6_9_66fold_test_19100_38060_aef_annual_64d\predictions\predictions_student_cbsa19100_knn_k5_none.csv,C:\Users\Admin\Desktop\ShiXiaoYu\data\3.26plan_tripmode_v2_66fold\folds\test_19100_38060\logs\aef_annual_64d\train.log,C:\Users\Admin\Desktop\ShiXiaoYu\data\3.26plan_tripmode_v2_66fold\folds\test_19100_38060\logs\aef_annual_64d\inference.log,0.0710176703794191,0.09624237669779953,-2.3977545217307403,0.04561877239170699,0.06084386191125197,-4.569055684142415,0.036806857627172576,0.048961033580342796,-0.33848319295244456,test_19100_38060,34,19100,38060,5,cosine,none
aef_annual_64d,38060,0.06382591309667894,0.07510522216470018,-2.6699220166462347,C:\Users\Admin\Desktop\ShiXiaoYu\data\FineTuneResNet\city_prototypes_per_city\per_city_cluster_20260607_154923,C:\Users\Admin\Desktop\ShiXiaoYu\data\FineTuneResNet\expert_models_runs\expert_run_stage6_9_66fold_test_19100_38060_aef_annual_64d\predictions\step6_expert_summary_student_20260607_154952.json,C:\Users\Admin\Desktop\ShiXiaoYu\data\FineTuneResNet\expert_models_runs\expert_run_stage6_9_66fold_test_19100_38060_aef_annual_64d\predictions\evaluation_student_cbsa38060_knn_k5_none.json,C:\Users\Admin\Desktop\ShiXiaoYu\data\FineTuneResNet\expert_models_runs\expert_run_stage6_9_66fold_test_19100_38060_aef_annual_64d\predictions\predictions_student_cbsa38060_knn_k5_none.csv,C:\Users\Admin\Desktop\ShiXiaoYu\data\3.26plan_tripmode_v2_66fold\folds\test_19100_38060\logs\aef_annual_64d\train.log,C:\Users\Admin\Desktop\ShiXiaoYu\data\3.26plan_tripmode_v2_66fold\folds\test_19100_38060\logs\aef_annual_64d\inference.log,0.09092074516645532,0.10621208530030467,-2.313165813558556,0.056257293198358684,0.06359551324023886,-5.3382290516595985,0.044299700925222826,0.05550806795355704,-0.35837118472054974,test_19100_38060,34,19100,38060,5,cosine,none
clay_v1_5_768d,19100,0.08213491742891993,0.10035883863022259,-6.475747204447782,C:\Users\Admin\Desktop\ShiXiaoYu\data\FineTuneResNet\city_prototypes_per_city\per_city_cluster_20260607_155102,C:\Users\Admin\Desktop\ShiXiaoYu\data\FineTuneResNet\expert_models_runs\expert_run_stage6_9_66fold_test_19100_38060_clay_v1_5_768d\predictions\step6_expert_summary_student_20260607_155145.json,C:\Users\Admin\Desktop\ShiXiaoYu\data\FineTuneResNet\expert_models_runs\expert_run_stage6_9_66fold_test_19100_38060_clay_v1_5_768d\predictions\evaluation_student_cbsa19100_knn_k5_none.json,C:\Users\Admin\Desktop\ShiXiaoYu\data\FineTuneResNet\expert_models_runs\expert_run_stage6_9_66fold_test_19100_38060_clay_v1_5_768d\predictions\predictions_student_cbsa19100_knn_k5_none.csv,C:\Users\Admin\Desktop\ShiXiaoYu\data\3.26plan_tripmode_v2_66fold\folds\test_19100_38060\logs\clay_v1_5_768d\train.log,C:\Users\Admin\Desktop\ShiXiaoYu\data\3.26plan_tripmode_v2_66fold\folds\test_19100_38060\logs\clay_v1_5_768d\inference.log,0.11801490208774952,0.14434265342276778,-6.083544388461838,0.07566147657574655,0.09158129405631285,-12.217722356515065,0.05272837362326371,0.06515256841158709,-1.125974868366443,test_19100_38060,34,19100,38060,5,cosine,none
clay_v1_5_768d,38060,0.051672728841195725,0.062464285518415985,-1.7097387840808747,C:\Users\Admin\Desktop\ShiXiaoYu\data\FineTuneResNet\city_prototypes_per_city\per_city_cluster_20260607_155102,C:\Users\Admin\Desktop\ShiXiaoYu\data\FineTuneResNet\expert_models_runs\expert_run_stage6_9_66fold_test_19100_38060_clay_v1_5_768d\predictions\step6_expert_summary_student_20260607_155145.json,C:\Users\Admin\Desktop\ShiXiaoYu\data\FineTuneResNet\expert_models_runs\expert_run_stage6_9_66fold_test_19100_38060_clay_v1_5_768d\predictions\evaluation_student_cbsa38060_knn_k5_none.json,C:\Users\Admin\Desktop\ShiXiaoYu\data\FineTuneResNet\expert_models_runs\expert_run_stage6_9_66fold_test_19100_38060_clay_v1_5_768d\predictions\predictions_student_cbsa38060_knn_k5_none.csv,C:\Users\Admin\Desktop\ShiXiaoYu\data\3.26plan_tripmode_v2_66fold\folds\test_19100_38060\logs\clay_v1_5_768d\train.log,C:\Users\Admin\Desktop\ShiXiaoYu\data\3.26plan_tripmode_v2_66fold\folds\test_19100_38060\logs\clay_v1_5_768d\inference.log,0.06753863885709259,0.08056812964063795,-0.9064343912164374,0.05080956833305553,0.057270643452694434,-4.1401891629965455,0.036669979333439046,0.04955408346191558,-0.08259279802964103,test_19100_38060,34,19100,38060,5,cosine,none
prithvi_eo_v2_1024d,19100,0.09085781033145239,0.10570479916969396,-8.222033578344242,C:\Users\Admin\Desktop\ShiXiaoYu\data\FineTuneResNet\city_prototypes_per_city\per_city_cluster_20260607_155301,C:\Users\Admin\Desktop\ShiXiaoYu\data\FineTuneResNet\expert_models_runs\expert_run_stage6_9_66fold_test_19100_38060_prithvi_eo_v2_1024d\predictions\step6_expert_summary_student_20260607_155341.json,C:\Users\Admin\Desktop\ShiXiaoYu\data\FineTuneResNet\expert_models_runs\expert_run_stage6_9_66fold_test_19100_38060_prithvi_eo_v2_1024d\predictions\evaluation_student_cbsa19100_knn_k5_none.json,C:\Users\Admin\Desktop\ShiXiaoYu\data\FineTuneResNet\expert_models_runs\expert_run_stage6_9_66fold_test_19100_38060_prithvi_eo_v2_1024d\predictions\predictions_student_cbsa19100_knn_k5_none.csv,C:\Users\Admin\Desktop\ShiXiaoYu\data\3.26plan_tripmode_v2_66fold\folds\test_19100_38060\logs\prithvi_eo_v2_1024d\train.log,C:\Users\Admin\Desktop\ShiXiaoYu\data\3.26plan_tripmode_v2_66fold\folds\test_19100_38060\logs\prithvi_eo_v2_1024d\inference.log,0.12762717282934247,0.1476631409484931,-6.413195521641805,0.09489557266012284,0.10792721260578662,-17.357138943000557,0.050050685504891855,0.06152404395480218,-0.8957662703903646,test_19100_38060,34,19100,38060,5,cosine,none
prithvi_eo_v2_1024d,38060,0.04440986517791595,0.055344454200491,-0.9724122772913816,C:\Users\Admin\Desktop\ShiXiaoYu\data\FineTuneResNet\city_prototypes_per_city\per_city_cluster_20260607_155301,C:\Users\Admin\Desktop\ShiXiaoYu\data\FineTuneResNet\expert_models_runs\expert_run_stage6_9_66fold_test_19100_38060_prithvi_eo_v2_1024d\predictions\step6_expert_summary_student_20260607_155341.json,C:\Users\Admin\Desktop\ShiXiaoYu\data\FineTuneResNet\expert_models_runs\expert_run_stage6_9_66fold_test_19100_38060_prithvi_eo_v2_1024d\predictions\evaluation_student_cbsa38060_knn_k5_none.json,C:\Users\Admin\Desktop\ShiXiaoYu\data\FineTuneResNet\expert_models_runs\expert_run_stage6_9_66fold_test_19100_38060_prithvi_eo_v2_1024d\predictions\predictions_student_cbsa38060_knn_k5_none.csv,C:\Users\Admin\Desktop\ShiXiaoYu\data\3.26plan_tripmode_v2_66fold\folds\test_19100_38060\logs\prithvi_eo_v2_1024d\train.log,C:\Users\Admin\Desktop\ShiXiaoYu\data\3.26plan_tripmode_v2_66fold\folds\test_19100_38060\logs\prithvi_eo_v2_1024d\inference.log,0.057386222309533975,0.07050781701520403,-0.46005709087910507,0.04185005639614864,0.04658718026347056,-2.4013226159861314,0.03399331682806524,0.048938365322798424,-0.05585712500890794,test_19100_38060,34,19100,38060,5,cosine,none
imagenet_pretrain,19100,0.06784906386383233,0.08010639184548002,-3.7474801018924846,C:\Users\Admin\Desktop\ShiXiaoYu\data\FineTuneResNet\city_prototypes_per_city\per_city_cluster_20260607_155458,C:\Users\Admin\Desktop\ShiXiaoYu\data\FineTuneResNet\expert_models_runs\expert_run_stage6_9_66fold_test_19100_38060_imagenet_pretrain\predictions\step6_expert_summary_student_20260607_155547.json,C:\Users\Admin\Desktop\ShiXiaoYu\data\FineTuneResNet\expert_models_runs\expert_run_stage6_9_66fold_test_19100_38060_imagenet_pretrain\predictions\evaluation_student_cbsa19100_knn_k5_none.json,C:\Users\Admin\Desktop\ShiXiaoYu\data\FineTuneResNet\expert_models_runs\expert_run_stage6_9_66fold_test_19100_38060_imagenet_pretrain\predictions\predictions_student_cbsa19100_knn_k5_none.csv,C:\Users\Admin\Desktop\ShiXiaoYu\data\3.26plan_tripmode_v2_66fold\folds\test_19100_38060\logs\imagenet_pretrain\train.log,C:\Users\Admin\Desktop\ShiXiaoYu\data\3.26plan_tripmode_v2_66fold\folds\test_19100_38060\logs\imagenet_pretrain\inference.log,0.0963732261330388,0.11281404447270588,-3.327006914115886,0.06438956973708257,0.07316661236745638,-7.436629330145799,0.0427843957213756,0.0543385186962778,-0.47880406141576914,test_19100_38060,34,19100,38060,5,cosine,none
imagenet_pretrain,38060,0.050927342063121224,0.06165654017556873,-1.6037757188144919,C:\Users\Admin\Desktop\ShiXiaoYu\data\FineTuneResNet\city_prototypes_per_city\per_city_cluster_20260607_155458,C:\Users\Admin\Desktop\ShiXiaoYu\data\FineTuneResNet\expert_models_runs\expert_run_stage6_9_66fold_test_19100_38060_imagenet_pretrain\predictions\step6_expert_summary_student_20260607_155547.json,C:\Users\Admin\Desktop\ShiXiaoYu\data\FineTuneResNet\expert_models_runs\expert_run_stage6_9_66fold_test_19100_38060_imagenet_pretrain\predictions\evaluation_student_cbsa38060_knn_k5_none.json,C:\Users\Admin\Desktop\ShiXiaoYu\data\FineTuneResNet\expert_models_runs\expert_run_stage6_9_66fold_test_19100_38060_imagenet_pretrain\predictions\predictions_student_cbsa38060_knn_k5_none.csv,C:\Users\Admin\Desktop\ShiXiaoYu\data\3.26plan_tripmode_v2_66fold\folds\test_19100_38060\logs\imagenet_pretrain\train.log,C:\Users\Admin\Desktop\ShiXiaoYu\data\3.26plan_tripmode_v2_66fold\folds\test_19100_38060\logs\imagenet_pretrain\inference.log,0.06724590926855079,0.08027937353466952,-0.8927935610888684,0.05007800892437128,0.05568721071483204,-3.859884043383392,0.03545810799644162,0.04900303627720463,-0.05864955197121402,test_19100_38060,34,19100,38060,5,cosine,none
satellite_pretrain,19100,0.07087099611440233,0.08453517063625988,-4.452424640363559,C:\Users\Admin\Desktop\ShiXiaoYu\data\FineTuneResNet\city_prototypes_per_city\per_city_cluster_20260607_155704,C:\Users\Admin\Desktop\ShiXiaoYu\data\FineTuneResNet\expert_models_runs\expert_run_stage6_9_66fold_test_19100_38060_satellite_pretrain\predictions\step6_expert_summary_student_20260607_155751.json,C:\Users\Admin\Desktop\ShiXiaoYu\data\FineTuneResNet\expert_models_runs\expert_run_stage6_9_66fold_test_19100_38060_satellite_pretrain\predictions\evaluation_student_cbsa19100_knn_k5_none.json,C:\Users\Admin\Desktop\ShiXiaoYu\data\FineTuneResNet\expert_models_runs\expert_run_stage6_9_66fold_test_19100_38060_satellite_pretrain\predictions\predictions_student_cbsa19100_knn_k5_none.csv,C:\Users\Admin\Desktop\ShiXiaoYu\data\3.26plan_tripmode_v2_66fold\folds\test_19100_38060\logs\satellite_pretrain\train.log,C:\Users\Admin\Desktop\ShiXiaoYu\data\3.26plan_tripmode_v2_66fold\folds\test_19100_38060\logs\satellite_pretrain\inference.log,0.10167096138364938,0.11981335157012753,-3.8805827935839483,0.06867143953776214,0.07970342496186823,-9.01145135204445,0.042270587421795444,0.05408873537678388,-0.4652397754622808,test_19100_38060,34,19100,38060,5,cosine,none
satellite_pretrain,38060,0.04321020685337169,0.056589869116817605,-1.2119749535816025,C:\Users\Admin\Desktop\ShiXiaoYu\data\FineTuneResNet\city_prototypes_per_city\per_city_cluster_20260607_155704,C:\Users\Admin\Desktop\ShiXiaoYu\data\FineTuneResNet\expert_models_runs\expert_run_stage6_9_66fold_test_19100_38060_satellite_pretrain\predictions\step6_expert_summary_student_20260607_155751.json,C:\Users\Admin\Desktop\ShiXiaoYu\data\FineTuneResNet\expert_models_runs\expert_run_stage6_9_66fold_test_19100_38060_satellite_pretrain\predictions\evaluation_student_cbsa38060_knn_k5_none.json,C:\Users\Admin\Desktop\ShiXiaoYu\data\FineTuneResNet\expert_models_runs\expert_run_stage6_9_66fold_test_19100_38060_satellite_pretrain\predictions\predictions_student_cbsa38060_knn_k5_none.csv,C:\Users\Admin\Desktop\ShiXiaoYu\data\3.26plan_tripmode_v2_66fold\folds\test_19100_38060\logs\satellite_pretrain\train.log,C:\Users\Admin\Desktop\ShiXiaoYu\data\3.26plan_tripmode_v2_66fold\folds\test_19100_38060\logs\satellite_pretrain\inference.log,0.05479746396824292,0.07076259140040742,-0.47062775475238916,0.04307829415589213,0.05161509930859684,-3.1751156615340355,0.031754862435980025,0.047391916641448574,0.009818555541616703,test_19100_38060,34,19100,38060,5,cosine,none
single_task_backbone_finetune,19100,0.04422619718102333,0.05809445288872575,-1.3744053365614792,C:\Users\Admin\Desktop\ShiXiaoYu\data\FineTuneResNet\city_prototypes_per_city\per_city_cluster_20260607_155906,C:\Users\Admin\Desktop\ShiXiaoYu\data\FineTuneResNet\expert_models_runs\expert_run_stage6_9_66fold_test_19100_38060_single_task_backbone_finetune\predictions\step6_expert_summary_student_20260607_155955.json,C:\Users\Admin\Desktop\ShiXiaoYu\data\FineTuneResNet\expert_models_runs\expert_run_stage6_9_66fold_test_19100_38060_single_task_backbone_finetune\predictions\evaluation_student_cbsa19100_knn_k5_none.json,C:\Users\Admin\Desktop\ShiXiaoYu\data\FineTuneResNet\expert_models_runs\expert_run_stage6_9_66fold_test_19100_38060_single_task_backbone_finetune\predictions\predictions_student_cbsa19100_knn_k5_none.csv,C:\Users\Admin\Desktop\ShiXiaoYu\data\3.26plan_tripmode_v2_66fold\folds\test_19100_38060\logs\single_task_backbone_finetune\train.log,C:\Users\Admin\Desktop\ShiXiaoYu\data\3.26plan_tripmode_v2_66fold\folds\test_19100_38060\logs\single_task_backbone_finetune\inference.log,0.060886842001951956,0.078018996416713,-1.0694835072230027,0.03864941374549297,0.05037372186751703,-2.998997689583921,0.03314233579562506,0.045890640381947206,-0.05473481287751358,test_19100_38060,34,19100,38060,5,cosine,none
single_task_backbone_finetune,38060,0.038671379134757856,0.04951826607083443,-0.5146011573147288,C:\Users\Admin\Desktop\ShiXiaoYu\data\FineTuneResNet\city_prototypes_per_city\per_city_cluster_20260607_155906,C:\Users\Admin\Desktop\ShiXiaoYu\data\FineTuneResNet\expert_models_runs\expert_run_stage6_9_66fold_test_19100_38060_single_task_backbone_finetune\predictions\step6_expert_summary_student_20260607_155955.json,C:\Users\Admin\Desktop\ShiXiaoYu\data\FineTuneResNet\expert_models_runs\expert_run_stage6_9_66fold_test_19100_38060_single_task_backbone_finetune\predictions\evaluation_student_cbsa38060_knn_k5_none.json,C:\Users\Admin\Desktop\ShiXiaoYu\data\FineTuneResNet\expert_models_runs\expert_run_stage6_9_66fold_test_19100_38060_single_task_backbone_finetune\predictions\predictions_student_cbsa38060_knn_k5_none.csv,C:\Users\Admin\Desktop\ShiXiaoYu\data\3.26plan_tripmode_v2_66fold\folds\test_19100_38060\logs\single_task_backbone_finetune\train.log,C:\Users\Admin\Desktop\ShiXiaoYu\data\3.26plan_tripmode_v2_66fold\folds\test_19100_38060\logs\single_task_backbone_finetune\inference.log,0.05110491528847589,0.06331687154569052,-0.17742756035246177,0.034444191654623674,0.03948721364244191,-1.4435878409235157,0.030465030461174006,0.04575071302437085,0.07721192933179111,test_19100_38060,34,19100,38060,5,cosine,none
aef_annual_64d,19100,0.04784040481308129,0.06870719435357533,-2.427582849985327,C:\Users\Admin\Desktop\ShiXiaoYu\data\FineTuneResNet\city_prototypes_per_city\per_city_cluster_20260607_160102,C:\Users\Admin\Desktop\ShiXiaoYu\data\FineTuneResNet\expert_models_runs\expert_run_stage6_9_66fold_test_19100_41860_aef_annual_64d\predictions\step6_expert_summary_student_20260607_160130.json,C:\Users\Admin\Desktop\ShiXiaoYu\data\FineTuneResNet\expert_models_runs\expert_run_stage6_9_66fold_test_19100_41860_aef_annual_64d\predictions\evaluation_student_cbsa19100_knn_k5_none.json,C:\Users\Admin\Desktop\ShiXiaoYu\data\FineTuneResNet\expert_models_runs\expert_run_stage6_9_66fold_test_19100_41860_aef_annual_64d\predictions\predictions_student_cbsa19100_knn_k5_none.csv,C:\Users\Admin\Desktop\ShiXiaoYu\data\3.26plan_tripmode_v2_66fold\folds\test_19100_41860\logs\aef_annual_64d\train.log,C:\Users\Admin\Desktop\ShiXiaoYu\data\3.26plan_tripmode_v2_66fold\folds\test_19100_41860\logs\aef_annual_64d\inference.log,0.06686614283751138,0.09614267138842521,-2.390718147619407,0.04001306749505721,0.060647911824585864,-4.533242713319974,0.03664200410667529,0.04933099984771494,-0.35878768901659996,test_19100_41860,35,19100,41860,5,cosine,none
aef_annual_64d,41860,0.09569681510619645,0.12936146675853208,0.302669024499887,C:\Users\Admin\Desktop\ShiXiaoYu\data\FineTuneResNet\city_prototypes_per_city\per_city_cluster_20260607_160102,C:\Users\Admin\Desktop\ShiXiaoYu\data\FineTuneResNet\expert_models_runs\expert_run_stage6_9_66fold_test_19100_41860_aef_annual_64d\predictions\step6_expert_summary_student_20260607_160130.json,C:\Users\Admin\Desktop\ShiXiaoYu\data\FineTuneResNet\expert_models_runs\expert_run_stage6_9_66fold_test_19100_41860_aef_annual_64d\predictions\evaluation_student_cbsa41860_knn_k5_none.json,C:\Users\Admin\Desktop\ShiXiaoYu\data\FineTuneResNet\expert_models_runs\expert_run_stage6_9_66fold_test_19100_41860_aef_annual_64d\predictions\predictions_student_cbsa41860_knn_k5_none.csv,C:\Users\Admin\Desktop\ShiXiaoYu\data\3.26plan_tripmode_v2_66fold\folds\test_19100_41860\logs\aef_annual_64d\train.log,C:\Users\Admin\Desktop\ShiXiaoYu\data\3.26plan_tripmode_v2_66fold\folds\test_19100_41860\logs\aef_annual_64d\inference.log,0.1267848464618924,0.1669330820176802,0.42047204384675063,0.08785914995316652,0.11041692036801398,0.2138561578871806,0.07244644890353044,0.1107343978899021,0.2736788717657297,test_19100_41860,35,19100,41860,5,cosine,none
clay_v1_5_768d,19100,0.08498428563878879,0.10257280197143566,-6.737595452970134,C:\Users\Admin\Desktop\ShiXiaoYu\data\FineTuneResNet\city_prototypes_per_city\per_city_cluster_20260607_160240,C:\Users\Admin\Desktop\ShiXiaoYu\data\FineTuneResNet\expert_models_runs\expert_run_stage6_9_66fold_test_19100_41860_clay_v1_5_768d\predictions\step6_expert_summary_student_20260607_160321.json,C:\Users\Admin\Desktop\ShiXiaoYu\data\FineTuneResNet\expert_models_runs\expert_run_stage6_9_66fold_test_19100_41860_clay_v1_5_768d\predictions\evaluation_student_cbsa19100_knn_k5_none.json,C:\Users\Admin\Desktop\ShiXiaoYu\data\FineTuneResNet\expert_models_runs\expert_run_stage6_9_66fold_test_19100_41860_clay_v1_5_768d\predictions\predictions_student_cbsa19100_knn_k5_none.csv,C:\Users\Admin\Desktop\ShiXiaoYu\data\3.26plan_tripmode_v2_66fold\folds\test_19100_41860\logs\clay_v1_5_768d\train.log,C:\Users\Admin\Desktop\ShiXiaoYu\data\3.26plan_tripmode_v2_66fold\folds\test_19100_41860\logs\clay_v1_5_768d\inference.log,0.12434803158630979,0.14917615478793742,-6.565890777349211,0.07687115591654631,0.09240328631273775,-12.45605977236024,0.05373366941351026,0.06613896481363184,-1.1908358092009523,test_19100_41860,35,19100,41860,5,cosine,none
clay_v1_5_768d,41860,0.0999870614683524,0.1382224118562677,0.1909688252828775,C:\Users\Admin\Desktop\ShiXiaoYu\data\FineTuneResNet\city_prototypes_per_city\per_city_cluster_20260607_160240,C:\Users\Admin\Desktop\ShiXiaoYu\data\FineTuneResNet\expert_models_runs\expert_run_stage6_9_66fold_test_19100_41860_clay_v1_5_768d\predictions\step6_expert_summary_student_20260607_160321.json,C:\Users\Admin\Desktop\ShiXiaoYu\data\FineTuneResNet\expert_models_runs\expert_run_stage6_9_66fold_test_19100_41860_clay_v1_5_768d\predictions\evaluation_student_cbsa41860_knn_k5_none.json,C:\Users\Admin\Desktop\ShiXiaoYu\data\FineTuneResNet\expert_models_runs\expert_run_stage6_9_66fold_test_19100_41860_clay_v1_5_768d\predictions\predictions_student_cbsa41860_knn_k5_none.csv,C:\Users\Admin\Desktop\ShiXiaoYu\data\3.26plan_tripmode_v2_66fold\folds\test_19100_41860\logs\clay_v1_5_768d\train.log,C:\Users\Admin\Desktop\ShiXiaoYu\data\3.26plan_tripmode_v2_66fold\folds\test_19100_41860\logs\clay_v1_5_768d\inference.log,0.13742646928740068,0.18314540845811528,0.2748954599551001,0.08475739360278481,0.11208103828966033,0.16822845876058157,0.07777732151487171,0.11944078882102757,0.12978255713295084,test_19100_41860,35,19100,41860,5,cosine,none
prithvi_eo_v2_1024d,19100,0.08924498781602992,0.10456930156802326,-8.203819304107009,C:\Users\Admin\Desktop\ShiXiaoYu\data\FineTuneResNet\city_prototypes_per_city\per_city_cluster_20260607_160434,C:\Users\Admin\Desktop\ShiXiaoYu\data\FineTuneResNet\expert_models_runs\expert_run_stage6_9_66fold_test_19100_41860_prithvi_eo_v2_1024d\predictions\step6_expert_summary_student_20260607_160515.json,C:\Users\Admin\Desktop\ShiXiaoYu\data\FineTuneResNet\expert_models_runs\expert_run_stage6_9_66fold_test_19100_41860_prithvi_eo_v2_1024d\predictions\evaluation_student_cbsa19100_knn_k5_none.json,C:\Users\Admin\Desktop\ShiXiaoYu\data\FineTuneResNet\expert_models_runs\expert_run_stage6_9_66fold_test_19100_41860_prithvi_eo_v2_1024d\predictions\predictions_student_cbsa19100_knn_k5_none.csv,C:\Users\Admin\Desktop\ShiXiaoYu\data\3.26plan_tripmode_v2_66fold\folds\test_19100_41860\logs\prithvi_eo_v2_1024d\train.log,C:\Users\Admin\Desktop\ShiXiaoYu\data\3.26plan_tripmode_v2_66fold\folds\test_19100_41860\logs\prithvi_eo_v2_1024d\inference.log,0.12465849038119209,0.14529905753047856,-6.17772549474877,0.09468397224446642,0.10879617110508191,-17.653927998363486,0.048392500822431246,0.059612676068509354,-0.7798044192087732,test_19100_41860,35,19100,41860,5,cosine,none
prithvi_eo_v2_1024d,41860,0.11720994001642417,0.17777704017072693,-0.3215160889213138,C:\Users\Admin\Desktop\ShiXiaoYu\data\FineTuneResNet\city_prototypes_per_city\per_city_cluster_20260607_160434,C:\Users\Admin\Desktop\ShiXiaoYu\data\FineTuneResNet\expert_models_runs\expert_run_stage6_9_66fold_test_19100_41860_prithvi_eo_v2_1024d\predictions\step6_expert_summary_student_20260607_160515.json,C:\Users\Admin\Desktop\ShiXiaoYu\data\FineTuneResNet\expert_models_runs\expert_run_stage6_9_66fold_test_19100_41860_prithvi_eo_v2_1024d\predictions\evaluation_student_cbsa41860_knn_k5_none.json,C:\Users\Admin\Desktop\ShiXiaoYu\data\FineTuneResNet\expert_models_runs\expert_run_stage6_9_66fold_test_19100_41860_prithvi_eo_v2_1024d\predictions\predictions_student_cbsa41860_knn_k5_none.csv,C:\Users\Admin\Desktop\ShiXiaoYu\data\3.26plan_tripmode_v2_66fold\folds\test_19100_41860\logs\prithvi_eo_v2_1024d\train.log,C:\Users\Admin\Desktop\ShiXiaoYu\data\3.26plan_tripmode_v2_66fold\folds\test_19100_41860\logs\prithvi_eo_v2_1024d\inference.log,0.16372196518951485,0.24636962328828138,-0.31214815138516827,0.10860094476216775,0.1548683948815586,-0.5880543451233633,0.07930691009758987,0.1320931023423408,-0.06434577025540977,test_19100_41860,35,19100,41860,5,cosine,none
imagenet_pretrain,19100,0.06506257494254894,0.07780280141891514,-3.4773947261374007,C:\Users\Admin\Desktop\ShiXiaoYu\data\FineTuneResNet\city_prototypes_per_city\per_city_cluster_20260607_160635,C:\Users\Admin\Desktop\ShiXiaoYu\data\FineTuneResNet\expert_models_runs\expert_run_stage6_9_66fold_test_19100_41860_imagenet_pretrain\predictions\step6_expert_summary_student_20260607_160725.json,C:\Users\Admin\Desktop\ShiXiaoYu\data\FineTuneResNet\expert_models_runs\expert_run_stage6_9_66fold_test_19100_41860_imagenet_pretrain\predictions\evaluation_student_cbsa19100_knn_k5_none.json,C:\Users\Admin\Desktop\ShiXiaoYu\data\FineTuneResNet\expert_models_runs\expert_run_stage6_9_66fold_test_19100_41860_imagenet_pretrain\predictions\predictions_student_cbsa19100_knn_k5_none.csv,C:\Users\Admin\Desktop\ShiXiaoYu\data\3.26plan_tripmode_v2_66fold\folds\test_19100_41860\logs\imagenet_pretrain\train.log,C:\Users\Admin\Desktop\ShiXiaoYu\data\3.26plan_tripmode_v2_66fold\folds\test_19100_41860\logs\imagenet_pretrain\inference.log,0.09205834757633287,0.10880790648434234,-3.025150833743064,0.0611808091490176,0.0711393953238323,-6.975600872105863,0.041948568102296364,0.053461102448570774,-0.43143247256327477,test_19100_41860,35,19100,41860,5,cosine,none
imagenet_pretrain,41860,0.09803453967752819,0.14590358700167994,0.11036278200991112,C:\Users\Admin\Desktop\ShiXiaoYu\data\FineTuneResNet\city_prototypes_per_city\per_city_cluster_20260607_160635,C:\Users\Admin\Desktop\ShiXiaoYu\data\FineTuneResNet\expert_models_runs\expert_run_stage6_9_66fold_test_19100_41860_imagenet_pretrain\predictions\step6_expert_summary_student_20260607_160725.json,C:\Users\Admin\Desktop\ShiXiaoYu\data\FineTuneResNet\expert_models_runs\expert_run_stage6_9_66fold_test_19100_41860_imagenet_pretrain\predictions\evaluation_student_cbsa41860_knn_k5_none.json,C:\Users\Admin\Desktop\ShiXiaoYu\data\FineTuneResNet\expert_models_runs\expert_run_stage6_9_66fold_test_19100_41860_imagenet_pretrain\predictions\predictions_student_cbsa41860_knn_k5_none.csv,C:\Users\Admin\Desktop\ShiXiaoYu\data\3.26plan_tripmode_v2_66fold\folds\test_19100_41860\logs\imagenet_pretrain\train.log,C:\Users\Admin\Desktop\ShiXiaoYu\data\3.26plan_tripmode_v2_66fold\folds\test_19100_41860\logs\imagenet_pretrain\inference.log,0.13656819849411422,0.19903557192009375,0.1436132167100419,0.08564081397782641,0.11997738629348806,0.04689980306222241,0.07189460656064395,0.11869780279145804,0.14057532625746905,test_19100_41860,35,19100,41860,5,cosine,none
satellite_pretrain,19100,0.06819917503684525,0.08107310433785567,-4.050245727600982,C:\Users\Admin\Desktop\ShiXiaoYu\data\FineTuneResNet\city_prototypes_per_city\per_city_cluster_20260607_160843,C:\Users\Admin\Desktop\ShiXiaoYu\data\FineTuneResNet\expert_models_runs\expert_run_stage6_9_66fold_test_19100_41860_satellite_pretrain\predictions\step6_expert_summary_student_20260607_160929.json,C:\Users\Admin\Desktop\ShiXiaoYu\data\FineTuneResNet\expert_models_runs\expert_run_stage6_9_66fold_test_19100_41860_satellite_pretrain\predictions\evaluation_student_cbsa19100_knn_k5_none.json,C:\Users\Admin\Desktop\ShiXiaoYu\data\FineTuneResNet\expert_models_runs\expert_run_stage6_9_66fold_test_19100_41860_satellite_pretrain\predictions\predictions_student_cbsa19100_knn_k5_none.csv,C:\Users\Admin\Desktop\ShiXiaoYu\data\3.26plan_tripmode_v2_66fold\folds\test_19100_41860\logs\satellite_pretrain\train.log,C:\Users\Admin\Desktop\ShiXiaoYu\data\3.26plan_tripmode_v2_66fold\folds\test_19100_41860\logs\satellite_pretrain\inference.log,0.09720545101871275,0.1133927039485173,-3.3715099744352663,0.06639917884747891,0.07719847740723842,-8.39205317876745,0.04099289524434407,0.05262813165781127,-0.38717402960022995,test_19100_41860,35,19100,41860,5,cosine,none
satellite_pretrain,41860,0.09914281109839351,0.1477366867073617,0.08905935611195481,C:\Users\Admin\Desktop\ShiXiaoYu\data\FineTuneResNet\city_prototypes_per_city\per_city_cluster_20260607_160843,C:\Users\Admin\Desktop\ShiXiaoYu\data\FineTuneResNet\expert_models_runs\expert_run_stage6_9_66fold_test_19100_41860_satellite_pretrain\predictions\step6_expert_summary_student_20260607_160929.json,C:\Users\Admin\Desktop\ShiXiaoYu\data\FineTuneResNet\expert_models_runs\expert_run_stage6_9_66fold_test_19100_41860_satellite_pretrain\predictions\evaluation_student_cbsa41860_knn_k5_none.json,C:\Users\Admin\Desktop\ShiXiaoYu\data\FineTuneResNet\expert_models_runs\expert_run_stage6_9_66fold_test_19100_41860_satellite_pretrain\predictions\predictions_student_cbsa41860_knn_k5_none.csv,C:\Users\Admin\Desktop\ShiXiaoYu\data\3.26plan_tripmode_v2_66fold\folds\test_19100_41860\logs\satellite_pretrain\train.log,C:\Users\Admin\Desktop\ShiXiaoYu\data\3.26plan_tripmode_v2_66fold\folds\test_19100_41860\logs\satellite_pretrain\inference.log,0.13791572720905237,0.20199394787056538,0.11796611704054427,0.08517828089580826,0.120865366963128,0.0327393593780162,0.07433442519031994,0.12035074528839172,0.11647259191730397,test_19100_41860,35,19100,41860,5,cosine,none
single_task_backbone_finetune,19100,0.041882737515495184,0.05648226757507113,-1.1820139225129411,C:\Users\Admin\Desktop\ShiXiaoYu\data\FineTuneResNet\city_prototypes_per_city\per_city_cluster_20260607_161051,C:\Users\Admin\Desktop\ShiXiaoYu\data\FineTuneResNet\expert_models_runs\expert_run_stage6_9_66fold_test_19100_41860_single_task_backbone_finetune\predictions\step6_expert_summary_student_20260607_161140.json,C:\Users\Admin\Desktop\ShiXiaoYu\data\FineTuneResNet\expert_models_runs\expert_run_stage6_9_66fold_test_19100_41860_single_task_backbone_finetune\predictions\evaluation_student_cbsa19100_knn_k5_none.json,C:\Users\Admin\Desktop\ShiXiaoYu\data\FineTuneResNet\expert_models_runs\expert_run_stage6_9_66fold_test_19100_41860_single_task_backbone_finetune\predictions\predictions_student_cbsa19100_knn_k5_none.csv,C:\Users\Admin\Desktop\ShiXiaoYu\data\3.26plan_tripmode_v2_66fold\folds\test_19100_41860\logs\single_task_backbone_finetune\train.log,C:\Users\Admin\Desktop\ShiXiaoYu\data\3.26plan_tripmode_v2_66fold\folds\test_19100_41860\logs\single_task_backbone_finetune\inference.log,0.057258341613785124,0.07607364096364085,-0.96756756928736,0.035268929479435086,0.04719749349738042,-2.5105967299645724,0.03312094145326536,0.04617566826419213,-0.06787746828689145,test_19100_41860,35,19100,41860,5,cosine,none
single_task_backbone_finetune,41860,0.0772391068436538,0.10871928610924664,0.48335265934034544,C:\Users\Admin\Desktop\ShiXiaoYu\data\FineTuneResNet\city_prototypes_per_city\per_city_cluster_20260607_161051,C:\Users\Admin\Desktop\ShiXiaoYu\data\FineTuneResNet\expert_models_runs\expert_run_stage6_9_66fold_test_19100_41860_single_task_backbone_finetune\predictions\step6_expert_summary_student_20260607_161140.json,C:\Users\Admin\Desktop\ShiXiaoYu\data\FineTuneResNet\expert_models_runs\expert_run_stage6_9_66fold_test_19100_41860_single_task_backbone_finetune\predictions\evaluation_student_cbsa41860_knn_k5_none.json,C:\Users\Admin\Desktop\ShiXiaoYu\data\FineTuneResNet\expert_models_runs\expert_run_stage6_9_66fold_test_19100_41860_single_task_backbone_finetune\predictions\predictions_student_cbsa41860_knn_k5_none.csv,C:\Users\Admin\Desktop\ShiXiaoYu\data\3.26plan_tripmode_v2_66fold\folds\test_19100_41860\logs\single_task_backbone_finetune\train.log,C:\Users\Admin\Desktop\ShiXiaoYu\data\3.26plan_tripmode_v2_66fold\folds\test_19100_41860\logs\single_task_backbone_finetune\inference.log,0.09890566842644193,0.13631479136423294,0.5983067625424325,0.07081912712320691,0.0966293886012948,0.3817583928190017,0.06199252498131255,0.0932136783622122,0.46999282265960196,test_19100_41860,35,19100,41860,5,cosine,none
aef_annual_64d,19100,0.04813450041488974,0.06832333945917182,-2.393168688875623,C:\Users\Admin\Desktop\ShiXiaoYu\data\FineTuneResNet\city_prototypes_per_city\per_city_cluster_20260607_161252,C:\Users\Admin\Desktop\ShiXiaoYu\data\FineTuneResNet\expert_models_runs\expert_run_stage6_9_66fold_test_19100_42660_aef_annual_64d\predictions\step6_expert_summary_student_20260607_161321.json,C:\Users\Admin\Desktop\ShiXiaoYu\data\FineTuneResNet\expert_models_runs\expert_run_stage6_9_66fold_test_19100_42660_aef_annual_64d\predictions\evaluation_student_cbsa19100_knn_k5_none.json,C:\Users\Admin\Desktop\ShiXiaoYu\data\FineTuneResNet\expert_models_runs\expert_run_stage6_9_66fold_test_19100_42660_aef_annual_64d\predictions\predictions_student_cbsa19100_knn_k5_none.csv,C:\Users\Admin\Desktop\ShiXiaoYu\data\3.26plan_tripmode_v2_66fold\folds\test_19100_42660\logs\aef_annual_64d\train.log,C:\Users\Admin\Desktop\ShiXiaoYu\data\3.26plan_tripmode_v2_66fold\folds\test_19100_42660\logs\aef_annual_64d\inference.log,0.06693653792458512,0.0951149164866103,-2.318612787297622,0.041060332490157066,0.060456564821092094,-4.498382512945666,0.03640663082992705,0.04939853706981307,-0.3625107663835814,test_19100_42660,36,19100,42660,5,cosine,none
aef_annual_64d,42660,0.0633661412695518,0.0874967342065422,0.3820451752149981,C:\Users\Admin\Desktop\ShiXiaoYu\data\FineTuneResNet\city_prototypes_per_city\per_city_cluster_20260607_161252,C:\Users\Admin\Desktop\ShiXiaoYu\data\FineTuneResNet\expert_models_runs\expert_run_stage6_9_66fold_test_19100_42660_aef_annual_64d\predictions\step6_expert_summary_student_20260607_161321.json,C:\Users\Admin\Desktop\ShiXiaoYu\data\FineTuneResNet\expert_models_runs\expert_run_stage6_9_66fold_test_19100_42660_aef_annual_64d\predictions\evaluation_student_cbsa42660_knn_k5_none.json,C:\Users\Admin\Desktop\ShiXiaoYu\data\FineTuneResNet\expert_models_runs\expert_run_stage6_9_66fold_test_19100_42660_aef_annual_64d\predictions\predictions_student_cbsa42660_knn_k5_none.csv,C:\Users\Admin\Desktop\ShiXiaoYu\data\3.26plan_tripmode_v2_66fold\folds\test_19100_42660\logs\aef_annual_64d\train.log,C:\Users\Admin\Desktop\ShiXiaoYu\data\3.26plan_tripmode_v2_66fold\folds\test_19100_42660\logs\aef_annual_64d\inference.log,0.08169030152791336,0.10641053622430817,0.5615272503340871,0.055201797501601584,0.07445805689498547,0.2346534105398842,0.05320632477914047,0.08162160950033298,0.3499548647710229,test_19100_42660,36,19100,42660,5,cosine,none
clay_v1_5_768d,19100,0.0830397896911507,0.1013915255028382,-6.79280869973421,C:\Users\Admin\Desktop\ShiXiaoYu\data\FineTuneResNet\city_prototypes_per_city\per_city_cluster_20260607_161440,C:\Users\Admin\Desktop\ShiXiaoYu\data\FineTuneResNet\expert_models_runs\expert_run_stage6_9_66fold_test_19100_42660_clay_v1_5_768d\predictions\step6_expert_summary_student_20260607_161521.json,C:\Users\Admin\Desktop\ShiXiaoYu\data\FineTuneResNet\expert_models_runs\expert_run_stage6_9_66fold_test_19100_42660_clay_v1_5_768d\predictions\evaluation_student_cbsa19100_knn_k5_none.json,C:\Users\Admin\Desktop\ShiXiaoYu\data\FineTuneResNet\expert_models_runs\expert_run_stage6_9_66fold_test_19100_42660_clay_v1_5_768d\predictions\predictions_student_cbsa19100_knn_k5_none.csv,C:\Users\Admin\Desktop\ShiXiaoYu\data\3.26plan_tripmode_v2_66fold\folds\test_19100_42660\logs\clay_v1_5_768d\train.log,C:\Users\Admin\Desktop\ShiXiaoYu\data\3.26plan_tripmode_v2_66fold\folds\test_19100_42660\logs\clay_v1_5_768d\inference.log,0.12021762248088676,0.14572083508540856,-6.219457321094581,0.07691483575071113,0.09465745289827775,-13.12058538933865,0.0519869108418542,0.06379628852482827,-1.0383833887694007,test_19100_42660,36,19100,42660,5,cosine,none
clay_v1_5_768d,42660,0.07447285080425915,0.10563782403017195,0.12846183953015047,C:\Users\Admin\Desktop\ShiXiaoYu\data\FineTuneResNet\city_prototypes_per_city\per_city_cluster_20260607_161440,C:\Users\Admin\Desktop\ShiXiaoYu\data\FineTuneResNet\expert_models_runs\expert_run_stage6_9_66fold_test_19100_42660_clay_v1_5_768d\predictions\step6_expert_summary_student_20260607_161521.json,C:\Users\Admin\Desktop\ShiXiaoYu\data\FineTuneResNet\expert_models_runs\expert_run_stage6_9_66fold_test_19100_42660_clay_v1_5_768d\predictions\evaluation_student_cbsa42660_knn_k5_none.json,C:\Users\Admin\Desktop\ShiXiaoYu\data\FineTuneResNet\expert_models_runs\expert_run_stage6_9_66fold_test_19100_42660_clay_v1_5_768d\predictions\predictions_student_cbsa42660_knn_k5_none.csv,C:\Users\Admin\Desktop\ShiXiaoYu\data\3.26plan_tripmode_v2_66fold\folds\test_19100_42660\logs\clay_v1_5_768d\train.log,C:\Users\Admin\Desktop\ShiXiaoYu\data\3.26plan_tripmode_v2_66fold\folds\test_19100_42660\logs\clay_v1_5_768d\inference.log,0.10261501890909053,0.13822491041340312,0.26014608073431633,0.06383775979008266,0.08847944166233866,-0.08073570864554203,0.05696577371360425,0.09020912001477403,0.20597514650167714,test_19100_42660,36,19100,42660,5,cosine,none
prithvi_eo_v2_1024d,19100,0.09899681096800587,0.1156711644911093,-10.071928997812295,C:\Users\Admin\Desktop\ShiXiaoYu\data\FineTuneResNet\city_prototypes_per_city\per_city_cluster_20260607_161644,C:\Users\Admin\Desktop\ShiXiaoYu\data\FineTuneResNet\expert_models_runs\expert_run_stage6_9_66fold_test_19100_42660_prithvi_eo_v2_1024d\predictions\step6_expert_summary_student_20260607_161723.json,C:\Users\Admin\Desktop\ShiXiaoYu\data\FineTuneResNet\expert_models_runs\expert_run_stage6_9_66fold_test_19100_42660_prithvi_eo_v2_1024d\predictions\evaluation_student_cbsa19100_knn_k5_none.json,C:\Users\Admin\Desktop\ShiXiaoYu\data\FineTuneResNet\expert_models_runs\expert_run_stage6_9_66fold_test_19100_42660_prithvi_eo_v2_1024d\predictions\predictions_student_cbsa19100_knn_k5_none.csv,C:\Users\Admin\Desktop\ShiXiaoYu\data\3.26plan_tripmode_v2_66fold\folds\test_19100_42660\logs\prithvi_eo_v2_1024d\train.log,C:\Users\Admin\Desktop\ShiXiaoYu\data\3.26plan_tripmode_v2_66fold\folds\test_19100_42660\logs\prithvi_eo_v2_1024d\inference.log,0.14214770380736363,0.16478117572336248,-8.231588660961838,0.10285719869735468,0.11791638608068548,-20.9124730084236,0.05198553039929926,0.06431593166927987,-1.071725324051446,test_19100_42660,36,19100,42660,5,cosine,none
prithvi_eo_v2_1024d,42660,0.11042036933004097,0.13646527209716205,-0.46289518172416516,C:\Users\Admin\Desktop\ShiXiaoYu\data\FineTuneResNet\city_prototypes_per_city\per_city_cluster_20260607_161644,C:\Users\Admin\Desktop\ShiXiaoYu\data\FineTuneResNet\expert_models_runs\expert_run_stage6_9_66fold_test_19100_42660_prithvi_eo_v2_1024d\predictions\step6_expert_summary_student_20260607_161723.json,C:\Users\Admin\Desktop\ShiXiaoYu\data\FineTuneResNet\expert_models_runs\expert_run_stage6_9_66fold_test_19100_42660_prithvi_eo_v2_1024d\predictions\evaluation_student_cbsa42660_knn_k5_none.json,C:\Users\Admin\Desktop\ShiXiaoYu\data\FineTuneResNet\expert_models_runs\expert_run_stage6_9_66fold_test_19100_42660_prithvi_eo_v2_1024d\predictions\predictions_student_cbsa42660_knn_k5_none.csv,C:\Users\Admin\Desktop\ShiXiaoYu\data\3.26plan_tripmode_v2_66fold\folds\test_19100_42660\logs\prithvi_eo_v2_1024d\train.log,C:\Users\Admin\Desktop\ShiXiaoYu\data\3.26plan_tripmode_v2_66fold\folds\test_19100_42660\logs\prithvi_eo_v2_1024d\inference.log,0.15698024297689434,0.1867483175165035,-0.35047559433008346,0.10223485399858781,0.12164662047096436,-1.042842340436036,0.07204601101464077,0.10100087830401826,0.004632389593623998,test_19100_42660,36,19100,42660,5,cosine,none
imagenet_pretrain,19100,0.06580287543365688,0.07882725352756421,-3.5705939199665107,C:\Users\Admin\Desktop\ShiXiaoYu\data\FineTuneResNet\city_prototypes_per_city\per_city_cluster_20260607_161843,C:\Users\Admin\Desktop\ShiXiaoYu\data\FineTuneResNet\expert_models_runs\expert_run_stage6_9_66fold_test_19100_42660_imagenet_pretrain\predictions\step6_expert_summary_student_20260607_161930.json,C:\Users\Admin\Desktop\ShiXiaoYu\data\FineTuneResNet\expert_models_runs\expert_run_stage6_9_66fold_test_19100_42660_imagenet_pretrain\predictions\evaluation_student_cbsa19100_knn_k5_none.json,C:\Users\Admin\Desktop\ShiXiaoYu\data\FineTuneResNet\expert_models_runs\expert_run_stage6_9_66fold_test_19100_42660_imagenet_pretrain\predictions\predictions_student_cbsa19100_knn_k5_none.csv,C:\Users\Admin\Desktop\ShiXiaoYu\data\3.26plan_tripmode_v2_66fold\folds\test_19100_42660\logs\imagenet_pretrain\train.log,C:\Users\Admin\Desktop\ShiXiaoYu\data\3.26plan_tripmode_v2_66fold\folds\test_19100_42660\logs\imagenet_pretrain\inference.log,0.0938631198296658,0.11082355587035105,-3.17566271856788,0.06133584858858088,0.0715610305476859,-7.070422024185813,0.042209657882723996,0.0540971741646557,-0.46569701714583944,test_19100_42660,36,19100,42660,5,cosine,none
imagenet_pretrain,42660,0.0679619132752081,0.10270618881411374,0.19080868941784543,C:\Users\Admin\Desktop\ShiXiaoYu\data\FineTuneResNet\city_prototypes_per_city\per_city_cluster_20260607_161843,C:\Users\Admin\Desktop\ShiXiaoYu\data\FineTuneResNet\expert_models_runs\expert_run_stage6_9_66fold_test_19100_42660_imagenet_pretrain\predictions\step6_expert_summary_student_20260607_161930.json,C:\Users\Admin\Desktop\ShiXiaoYu\data\FineTuneResNet\expert_models_runs\expert_run_stage6_9_66fold_test_19100_42660_imagenet_pretrain\predictions\evaluation_student_cbsa42660_knn_k5_none.json,C:\Users\Admin\Desktop\ShiXiaoYu\data\FineTuneResNet\expert_models_runs\expert_run_stage6_9_66fold_test_19100_42660_imagenet_pretrain\predictions\predictions_student_cbsa42660_knn_k5_none.csv,C:\Users\Admin\Desktop\ShiXiaoYu\data\3.26plan_tripmode_v2_66fold\folds\test_19100_42660\logs\imagenet_pretrain\train.log,C:\Users\Admin\Desktop\ShiXiaoYu\data\3.26plan_tripmode_v2_66fold\folds\test_19100_42660\logs\imagenet_pretrain\inference.log,0.09404394462969852,0.13697078141611949,0.2735107182715123,0.05865083043273838,0.08149035602401705,0.08325788162942171,0.05119096476318742,0.08965742900220468,0.21565746835260224,test_19100_42660,36,19100,42660,5,cosine,none
satellite_pretrain,19100,0.07022432135003723,0.0844650365251091,-4.5876292349776655,C:\Users\Admin\Desktop\ShiXiaoYu\data\FineTuneResNet\city_prototypes_per_city\per_city_cluster_20260607_162048,C:\Users\Admin\Desktop\ShiXiaoYu\data\FineTuneResNet\expert_models_runs\expert_run_stage6_9_66fold_test_19100_42660_satellite_pretrain\predictions\step6_expert_summary_student_20260607_162134.json,C:\Users\Admin\Desktop\ShiXiaoYu\data\FineTuneResNet\expert_models_runs\expert_run_stage6_9_66fold_test_19100_42660_satellite_pretrain\predictions\evaluation_student_cbsa19100_knn_k5_none.json,C:\Users\Admin\Desktop\ShiXiaoYu\data\FineTuneResNet\expert_models_runs\expert_run_stage6_9_66fold_test_19100_42660_satellite_pretrain\predictions\predictions_student_cbsa19100_knn_k5_none.csv,C:\Users\Admin\Desktop\ShiXiaoYu\data\3.26plan_tripmode_v2_66fold\folds\test_19100_42660\logs\satellite_pretrain\train.log,C:\Users\Admin\Desktop\ShiXiaoYu\data\3.26plan_tripmode_v2_66fold\folds\test_19100_42660\logs\satellite_pretrain\inference.log,0.09989550657036064,0.11818186938763064,-3.748571276483376,0.06916236287394849,0.08199718706041335,-9.595976377297317,0.04161509460580256,0.053216053127283273,-0.4183400511523019,test_19100_42660,36,19100,42660,5,cosine,none
satellite_pretrain,42660,0.09282446728119138,0.12192189655529229,-0.1378380802253024,C:\Users\Admin\Desktop\ShiXiaoYu\data\FineTuneResNet\city_prototypes_per_city\per_city_cluster_20260607_162048,C:\Users\Admin\Desktop\ShiXiaoYu\data\FineTuneResNet\expert_models_runs\expert_run_stage6_9_66fold_test_19100_42660_satellite_pretrain\predictions\step6_expert_summary_student_20260607_162134.json,C:\Users\Admin\Desktop\ShiXiaoYu\data\FineTuneResNet\expert_models_runs\expert_run_stage6_9_66fold_test_19100_42660_satellite_pretrain\predictions\evaluation_student_cbsa42660_knn_k5_none.json,C:\Users\Admin\Desktop\ShiXiaoYu\data\FineTuneResNet\expert_models_runs\expert_run_stage6_9_66fold_test_19100_42660_satellite_pretrain\predictions\predictions_student_cbsa42660_knn_k5_none.csv,C:\Users\Admin\Desktop\ShiXiaoYu\data\3.26plan_tripmode_v2_66fold\folds\test_19100_42660\logs\satellite_pretrain\train.log,C:\Users\Admin\Desktop\ShiXiaoYu\data\3.26plan_tripmode_v2_66fold\folds\test_19100_42660\logs\satellite_pretrain\inference.log,0.1321823712988647,0.16625630792513213,-0.07035935252525838,0.08162269830911745,0.09956392867618534,-0.36848110222380503,0.06466833223559201,0.09994545306455935,0.025326214073156272,test_19100_42660,36,19100,42660,5,cosine,none
single_task_backbone_finetune,19100,0.04344895353436546,0.0573621407842873,-1.318904182409313,C:\Users\Admin\Desktop\ShiXiaoYu\data\FineTuneResNet\city_prototypes_per_city\per_city_cluster_20260607_162255,C:\Users\Admin\Desktop\ShiXiaoYu\data\FineTuneResNet\expert_models_runs\expert_run_stage6_9_66fold_test_19100_42660_single_task_backbone_finetune\predictions\step6_expert_summary_student_20260607_162339.json,C:\Users\Admin\Desktop\ShiXiaoYu\data\FineTuneResNet\expert_models_runs\expert_run_stage6_9_66fold_test_19100_42660_single_task_backbone_finetune\predictions\evaluation_student_cbsa19100_knn_k5_none.json,C:\Users\Admin\Desktop\ShiXiaoYu\data\FineTuneResNet\expert_models_runs\expert_run_stage6_9_66fold_test_19100_42660_single_task_backbone_finetune\predictions\predictions_student_cbsa19100_knn_k5_none.csv,C:\Users\Admin\Desktop\ShiXiaoYu\data\3.26plan_tripmode_v2_66fold\folds\test_19100_42660\logs\single_task_backbone_finetune\train.log,C:\Users\Admin\Desktop\ShiXiaoYu\data\3.26plan_tripmode_v2_66fold\folds\test_19100_42660\logs\single_task_backbone_finetune\inference.log,0.05903275548386466,0.07612594339685808,-0.9702739981142525,0.038291227745554615,0.04989770766221297,-2.923776500722584,0.033022877373677116,0.04606277129379085,-0.06266204839110245,test_19100_42660,36,19100,42660,5,cosine,none
single_task_backbone_finetune,42660,0.066491250006045,0.0913393320020467,0.343320364490872,C:\Users\Admin\Desktop\ShiXiaoYu\data\FineTuneResNet\city_prototypes_per_city\per_city_cluster_20260607_162255,C:\Users\Admin\Desktop\ShiXiaoYu\data\FineTuneResNet\expert_models_runs\expert_run_stage6_9_66fold_test_19100_42660_single_task_backbone_finetune\predictions\step6_expert_summary_student_20260607_162339.json,C:\Users\Admin\Desktop\ShiXiaoYu\data\FineTuneResNet\expert_models_runs\expert_run_stage6_9_66fold_test_19100_42660_single_task_backbone_finetune\predictions\evaluation_student_cbsa42660_knn_k5_none.json,C:\Users\Admin\Desktop\ShiXiaoYu\data\FineTuneResNet\expert_models_runs\expert_run_stage6_9_66fold_test_19100_42660_single_task_backbone_finetune\predictions\predictions_student_cbsa42660_knn_k5_none.csv,C:\Users\Admin\Desktop\ShiXiaoYu\data\3.26plan_tripmode_v2_66fold\folds\test_19100_42660\logs\single_task_backbone_finetune\train.log,C:\Users\Admin\Desktop\ShiXiaoYu\data\3.26plan_tripmode_v2_66fold\folds\test_19100_42660\logs\single_task_backbone_finetune\inference.log,0.08970196231512857,0.11854085292328465,0.4558615189315065,0.05857601591962181,0.07804674608121485,0.15909999156431498,0.05119577178338462,0.07743039700164063,0.4149995829767945,test_19100_42660,36,19100,42660,5,cosine,none
aef_annual_64d,19100,0.04513998625963093,0.06206404651778901,-1.7161509755760658,C:\Users\Admin\Desktop\ShiXiaoYu\data\FineTuneResNet\city_prototypes_per_city\per_city_cluster_20260607_162444,C:\Users\Admin\Desktop\ShiXiaoYu\data\FineTuneResNet\expert_models_runs\expert_run_stage6_9_66fold_test_19100_47900_aef_annual_64d\predictions\step6_expert_summary_student_20260607_162516.json,C:\Users\Admin\Desktop\ShiXiaoYu\data\FineTuneResNet\expert_models_runs\expert_run_stage6_9_66fold_test_19100_47900_aef_annual_64d\predictions\evaluation_student_cbsa19100_knn_k5_none.json,C:\Users\Admin\Desktop\ShiXiaoYu\data\FineTuneResNet\expert_models_runs\expert_run_stage6_9_66fold_test_19100_47900_aef_annual_64d\predictions\predictions_student_cbsa19100_knn_k5_none.csv,C:\Users\Admin\Desktop\ShiXiaoYu\data\3.26plan_tripmode_v2_66fold\folds\test_19100_47900\logs\aef_annual_64d\train.log,C:\Users\Admin\Desktop\ShiXiaoYu\data\3.26plan_tripmode_v2_66fold\folds\test_19100_47900\logs\aef_annual_64d\inference.log,0.06272705065137867,0.08570370147213424,-1.6943777207112718,0.036972332851053454,0.05270882672590669,-3.1794074698956214,0.03572057527646068,0.047779611355326095,-0.2746677361213037,test_19100_47900,37,19100,47900,5,cosine,none
aef_annual_64d,47900,0.0631336503444055,0.10012609430017062,0.4561446701699709,C:\Users\Admin\Desktop\ShiXiaoYu\data\FineTuneResNet\city_prototypes_per_city\per_city_cluster_20260607_162444,C:\Users\Admin\Desktop\ShiXiaoYu\data\FineTuneResNet\expert_models_runs\expert_run_stage6_9_66fold_test_19100_47900_aef_annual_64d\predictions\step6_expert_summary_student_20260607_162516.json,C:\Users\Admin\Desktop\ShiXiaoYu\data\FineTuneResNet\expert_models_runs\expert_run_stage6_9_66fold_test_19100_47900_aef_annual_64d\predictions\evaluation_student_cbsa47900_knn_k5_none.json,C:\Users\Admin\Desktop\ShiXiaoYu\data\FineTuneResNet\expert_models_runs\expert_run_stage6_9_66fold_test_19100_47900_aef_annual_64d\predictions\predictions_student_cbsa47900_knn_k5_none.csv,C:\Users\Admin\Desktop\ShiXiaoYu\data\3.26plan_tripmode_v2_66fold\folds\test_19100_47900\logs\aef_annual_64d\train.log,C:\Users\Admin\Desktop\ShiXiaoYu\data\3.26plan_tripmode_v2_66fold\folds\test_19100_47900\logs\aef_annual_64d\inference.log,0.08200499470406476,0.12433302965757524,0.5688471401102942,0.061583994103939235,0.09658872247996152,0.3740783971524033,0.045811962225212506,0.07945653076297514,0.42550847324721497,test_19100_47900,37,19100,47900,5,cosine,none
clay_v1_5_768d,19100,0.08281708241976905,0.1004258380605904,-6.442987369324911,C:\Users\Admin\Desktop\ShiXiaoYu\data\FineTuneResNet\city_prototypes_per_city\per_city_cluster_20260607_162633,C:\Users\Admin\Desktop\ShiXiaoYu\data\FineTuneResNet\expert_models_runs\expert_run_stage6_9_66fold_test_19100_47900_clay_v1_5_768d\predictions\step6_expert_summary_student_20260607_162718.json,C:\Users\Admin\Desktop\ShiXiaoYu\data\FineTuneResNet\expert_models_runs\expert_run_stage6_9_66fold_test_19100_47900_clay_v1_5_768d\predictions\evaluation_student_cbsa19100_knn_k5_none.json,C:\Users\Admin\Desktop\ShiXiaoYu\data\FineTuneResNet\expert_models_runs\expert_run_stage6_9_66fold_test_19100_47900_clay_v1_5_768d\predictions\predictions_student_cbsa19100_knn_k5_none.csv,C:\Users\Admin\Desktop\ShiXiaoYu\data\3.26plan_tripmode_v2_66fold\folds\test_19100_47900\logs\clay_v1_5_768d\train.log,C:\Users\Admin\Desktop\ShiXiaoYu\data\3.26plan_tripmode_v2_66fold\folds\test_19100_47900\logs\clay_v1_5_768d\inference.log,0.12015502549077015,0.14419794147831966,-6.069348173972056,0.0750071770282227,0.09110075008622398,-12.07937461686451,0.05328904474031432,0.06597882261722754,-1.1802393171381653,test_19100_47900,37,19100,47900,5,cosine,none
clay_v1_5_768d,47900,0.07851588732401762,0.11791917056749573,0.2607932996549159,C:\Users\Admin\Desktop\ShiXiaoYu\data\FineTuneResNet\city_prototypes_per_city\per_city_cluster_20260607_162633,C:\Users\Admin\Desktop\ShiXiaoYu\data\FineTuneResNet\expert_models_runs\expert_run_stage6_9_66fold_test_19100_47900_clay_v1_5_768d\predictions\step6_expert_summary_student_20260607_162718.json,C:\Users\Admin\Desktop\ShiXiaoYu\data\FineTuneResNet\expert_models_runs\expert_run_stage6_9_66fold_test_19100_47900_clay_v1_5_768d\predictions\evaluation_student_cbsa47900_knn_k5_none.json,C:\Users\Admin\Desktop\ShiXiaoYu\data\FineTuneResNet\expert_models_runs\expert_run_stage6_9_66fold_test_19100_47900_clay_v1_5_768d\predictions\predictions_student_cbsa47900_knn_k5_none.csv,C:\Users\Admin\Desktop\ShiXiaoYu\data\3.26plan_tripmode_v2_66fold\folds\test_19100_47900\logs\clay_v1_5_768d\train.log,C:\Users\Admin\Desktop\ShiXiaoYu\data\3.26plan_tripmode_v2_66fold\folds\test_19100_47900\logs\clay_v1_5_768d\inference.log,0.10590398931071424,0.15373784947478192,0.3407959878449509,0.07314145660744105,0.10593247574415116,0.2471207261126641,0.056502216053897575,0.09408718648355412,0.19446318500713256,test_19100_47900,37,19100,47900,5,cosine,none
prithvi_eo_v2_1024d,19100,0.08900884297349981,0.10436690111081516,-7.881802394093881,C:\Users\Admin\Desktop\ShiXiaoYu\data\FineTuneResNet\city_prototypes_per_city\per_city_cluster_20260607_162835,C:\Users\Admin\Desktop\ShiXiaoYu\data\FineTuneResNet\expert_models_runs\expert_run_stage6_9_66fold_test_19100_47900_prithvi_eo_v2_1024d\predictions\step6_expert_summary_student_20260607_162918.json,C:\Users\Admin\Desktop\ShiXiaoYu\data\FineTuneResNet\expert_models_runs\expert_run_stage6_9_66fold_test_19100_47900_prithvi_eo_v2_1024d\predictions\evaluation_student_cbsa19100_knn_k5_none.json,C:\Users\Admin\Desktop\ShiXiaoYu\data\FineTuneResNet\expert_models_runs\expert_run_stage6_9_66fold_test_19100_47900_prithvi_eo_v2_1024d\predictions\predictions_student_cbsa19100_knn_k5_none.csv,C:\Users\Admin\Desktop\ShiXiaoYu\data\3.26plan_tripmode_v2_66fold\folds\test_19100_47900\logs\prithvi_eo_v2_1024d\train.log,C:\Users\Admin\Desktop\ShiXiaoYu\data\3.26plan_tripmode_v2_66fold\folds\test_19100_47900\logs\prithvi_eo_v2_1024d\inference.log,0.12677883307708512,0.1477058752138035,-6.4174869555551055,0.09129889196526278,0.10509691664999618,-16.406963673003087,0.04894880387815153,0.060297911468645826,-0.8209565537234493,test_19100_47900,37,19100,47900,5,cosine,none
prithvi_eo_v2_1024d,47900,0.10666798784075994,0.15081620572799126,-0.17538448834086587,C:\Users\Admin\Desktop\ShiXiaoYu\data\FineTuneResNet\city_prototypes_per_city\per_city_cluster_20260607_162835,C:\Users\Admin\Desktop\ShiXiaoYu\data\FineTuneResNet\expert_models_runs\expert_run_stage6_9_66fold_test_19100_47900_prithvi_eo_v2_1024d\predictions\step6_expert_summary_student_20260607_162918.json,C:\Users\Admin\Desktop\ShiXiaoYu\data\FineTuneResNet\expert_models_runs\expert_run_stage6_9_66fold_test_19100_47900_prithvi_eo_v2_1024d\predictions\evaluation_student_cbsa47900_knn_k5_none.json,C:\Users\Admin\Desktop\ShiXiaoYu\data\FineTuneResNet\expert_models_runs\expert_run_stage6_9_66fold_test_19100_47900_prithvi_eo_v2_1024d\predictions\predictions_student_cbsa47900_knn_k5_none.csv,C:\Users\Admin\Desktop\ShiXiaoYu\data\3.26plan_tripmode_v2_66fold\folds\test_19100_47900\logs\prithvi_eo_v2_1024d\train.log,C:\Users\Admin\Desktop\ShiXiaoYu\data\3.26plan_tripmode_v2_66fold\folds\test_19100_47900\logs\prithvi_eo_v2_1024d\inference.log,0.15082713161596595,0.20667934232549384,-0.19138569246074333,0.1019371304177238,0.13779958512798807,-0.27398090041718937,0.0672397014885901,0.10796968973049184,-0.06078687214466494,test_19100_47900,37,19100,47900,5,cosine,none
imagenet_pretrain,19100,0.06512225041588134,0.07762328544396956,-3.4343373767253307,C:\Users\Admin\Desktop\ShiXiaoYu\data\FineTuneResNet\city_prototypes_per_city\per_city_cluster_20260607_163038,C:\Users\Admin\Desktop\ShiXiaoYu\data\FineTuneResNet\expert_models_runs\expert_run_stage6_9_66fold_test_19100_47900_imagenet_pretrain\predictions\step6_expert_summary_student_20260607_163129.json,C:\Users\Admin\Desktop\ShiXiaoYu\data\FineTuneResNet\expert_models_runs\expert_run_stage6_9_66fold_test_19100_47900_imagenet_pretrain\predictions\evaluation_student_cbsa19100_knn_k5_none.json,C:\Users\Admin\Desktop\ShiXiaoYu\data\FineTuneResNet\expert_models_runs\expert_run_stage6_9_66fold_test_19100_47900_imagenet_pretrain\predictions\predictions_student_cbsa19100_knn_k5_none.csv,C:\Users\Admin\Desktop\ShiXiaoYu\data\3.26plan_tripmode_v2_66fold\folds\test_19100_47900\logs\imagenet_pretrain\train.log,C:\Users\Admin\Desktop\ShiXiaoYu\data\3.26plan_tripmode_v2_66fold\folds\test_19100_47900\logs\imagenet_pretrain\inference.log,0.0924639052296839,0.1088550594764493,-3.028640268234266,0.06086005988404461,0.0705425954593605,-6.8423449742859965,0.04204278613391549,0.05347220139609891,-0.43202688765572916,test_19100_47900,37,19100,47900,5,cosine,none
imagenet_pretrain,47900,0.07905225464751925,0.12692962046398412,0.15405741084721558,C:\Users\Admin\Desktop\ShiXiaoYu\data\FineTuneResNet\city_prototypes_per_city\per_city_cluster_20260607_163038,C:\Users\Admin\Desktop\ShiXiaoYu\data\FineTuneResNet\expert_models_runs\expert_run_stage6_9_66fold_test_19100_47900_imagenet_pretrain\predictions\step6_expert_summary_student_20260607_163129.json,C:\Users\Admin\Desktop\ShiXiaoYu\data\FineTuneResNet\expert_models_runs\expert_run_stage6_9_66fold_test_19100_47900_imagenet_pretrain\predictions\evaluation_student_cbsa47900_knn_k5_none.json,C:\Users\Admin\Desktop\ShiXiaoYu\data\FineTuneResNet\expert_models_runs\expert_run_stage6_9_66fold_test_19100_47900_imagenet_pretrain\predictions\predictions_student_cbsa47900_knn_k5_none.csv,C:\Users\Admin\Desktop\ShiXiaoYu\data\3.26plan_tripmode_v2_66fold\folds\test_19100_47900\logs\imagenet_pretrain\train.log,C:\Users\Admin\Desktop\ShiXiaoYu\data\3.26plan_tripmode_v2_66fold\folds\test_19100_47900\logs\imagenet_pretrain\inference.log,0.1088620052758249,0.1692536113462123,0.20102327810880305,0.07424185514433287,0.11349858307161442,0.1357329089457353,0.05405290352239997,0.09803666697412561,0.12541604548710839,test_19100_47900,37,19100,47900,5,cosine,none
satellite_pretrain,19100,0.06787332410888962,0.0799771345296902,-3.9179746454149242,C:\Users\Admin\Desktop\ShiXiaoYu\data\FineTuneResNet\city_prototypes_per_city\per_city_cluster_20260607_163244,C:\Users\Admin\Desktop\ShiXiaoYu\data\FineTuneResNet\expert_models_runs\expert_run_stage6_9_66fold_test_19100_47900_satellite_pretrain\predictions\step6_expert_summary_student_20260607_163331.json,C:\Users\Admin\Desktop\ShiXiaoYu\data\FineTuneResNet\expert_models_runs\expert_run_stage6_9_66fold_test_19100_47900_satellite_pretrain\predictions\evaluation_student_cbsa19100_knn_k5_none.json,C:\Users\Admin\Desktop\ShiXiaoYu\data\FineTuneResNet\expert_models_runs\expert_run_stage6_9_66fold_test_19100_47900_satellite_pretrain\predictions\predictions_student_cbsa19100_knn_k5_none.csv,C:\Users\Admin\Desktop\ShiXiaoYu\data\3.26plan_tripmode_v2_66fold\folds\test_19100_47900\logs\satellite_pretrain\train.log,C:\Users\Admin\Desktop\ShiXiaoYu\data\3.26plan_tripmode_v2_66fold\folds\test_19100_47900\logs\satellite_pretrain\inference.log,0.09681340128404416,0.11175672417625429,-3.246279499289275,0.06610156236775859,0.07622142562380523,-8.155819203019696,0.040705008674866094,0.051953253789011104,-0.35182523393580034,test_19100_47900,37,19100,47900,5,cosine,none
satellite_pretrain,47900,0.08068559550138779,0.12038602939325997,0.22980685741265264,C:\Users\Admin\Desktop\ShiXiaoYu\data\FineTuneResNet\city_prototypes_per_city\per_city_cluster_20260607_163244,C:\Users\Admin\Desktop\ShiXiaoYu\data\FineTuneResNet\expert_models_runs\expert_run_stage6_9_66fold_test_19100_47900_satellite_pretrain\predictions\step6_expert_summary_student_20260607_163331.json,C:\Users\Admin\Desktop\ShiXiaoYu\data\FineTuneResNet\expert_models_runs\expert_run_stage6_9_66fold_test_19100_47900_satellite_pretrain\predictions\evaluation_student_cbsa47900_knn_k5_none.json,C:\Users\Admin\Desktop\ShiXiaoYu\data\FineTuneResNet\expert_models_runs\expert_run_stage6_9_66fold_test_19100_47900_satellite_pretrain\predictions\predictions_student_cbsa47900_knn_k5_none.csv,C:\Users\Admin\Desktop\ShiXiaoYu\data\3.26plan_tripmode_v2_66fold\folds\test_19100_47900\logs\satellite_pretrain\train.log,C:\Users\Admin\Desktop\ShiXiaoYu\data\3.26plan_tripmode_v2_66fold\folds\test_19100_47900\logs\satellite_pretrain\inference.log,0.11093830740929678,0.1578691888820213,0.3048908686576961,0.07417473311542701,0.10590344626090299,0.24753330405864749,0.056943745979439596,0.09738545303685558,0.13699639952161435,test_19100_47900,37,19100,47900,5,cosine,none
single_task_backbone_finetune,19100,0.04351540510374263,0.05773201797272615,-1.3487881153503167,C:\Users\Admin\Desktop\ShiXiaoYu\data\FineTuneResNet\city_prototypes_per_city\per_city_cluster_20260607_163451,C:\Users\Admin\Desktop\ShiXiaoYu\data\FineTuneResNet\expert_models_runs\expert_run_stage6_9_66fold_test_19100_47900_single_task_backbone_finetune\predictions\step6_expert_summary_student_20260607_163540.json,C:\Users\Admin\Desktop\ShiXiaoYu\data\FineTuneResNet\expert_models_runs\expert_run_stage6_9_66fold_test_19100_47900_single_task_backbone_finetune\predictions\evaluation_student_cbsa19100_knn_k5_none.json,C:\Users\Admin\Desktop\ShiXiaoYu\data\FineTuneResNet\expert_models_runs\expert_run_stage6_9_66fold_test_19100_47900_single_task_backbone_finetune\predictions\predictions_student_cbsa19100_knn_k5_none.csv,C:\Users\Admin\Desktop\ShiXiaoYu\data\3.26plan_tripmode_v2_66fold\folds\test_19100_47900\logs\single_task_backbone_finetune\train.log,C:\Users\Admin\Desktop\ShiXiaoYu\data\3.26plan_tripmode_v2_66fold\folds\test_19100_47900\logs\single_task_backbone_finetune\inference.log,0.05964345149769839,0.0772860648996014,-1.0307835702845174,0.03781967591944038,0.050179276856311315,-2.968184624216469,0.033083087894089105,0.045730712162265756,-0.04739615154996324,test_19100_47900,37,19100,47900,5,cosine,none
single_task_backbone_finetune,47900,0.0774792478264632,0.11230897982167137,0.3094987052774722,C:\Users\Admin\Desktop\ShiXiaoYu\data\FineTuneResNet\city_prototypes_per_city\per_city_cluster_20260607_163451,C:\Users\Admin\Desktop\ShiXiaoYu\data\FineTuneResNet\expert_models_runs\expert_run_stage6_9_66fold_test_19100_47900_single_task_backbone_finetune\predictions\step6_expert_summary_student_20260607_163540.json,C:\Users\Admin\Desktop\ShiXiaoYu\data\FineTuneResNet\expert_models_runs\expert_run_stage6_9_66fold_test_19100_47900_single_task_backbone_finetune\predictions\evaluation_student_cbsa47900_knn_k5_none.json,C:\Users\Admin\Desktop\ShiXiaoYu\data\FineTuneResNet\expert_models_runs\expert_run_stage6_9_66fold_test_19100_47900_single_task_backbone_finetune\predictions\predictions_student_cbsa47900_knn_k5_none.csv,C:\Users\Admin\Desktop\ShiXiaoYu\data\3.26plan_tripmode_v2_66fold\folds\test_19100_47900\logs\single_task_backbone_finetune\train.log,C:\Users\Admin\Desktop\ShiXiaoYu\data\3.26plan_tripmode_v2_66fold\folds\test_19100_47900\logs\single_task_backbone_finetune\inference.log,0.09959286610957203,0.1402312546605704,0.4515363141773844,0.06901796202010409,0.09969160657012327,0.3332173561358024,0.06382691534971349,0.09700407823432043,0.14374244551922977,test_19100_47900,37,19100,47900,5,cosine,none
aef_annual_64d,26420,0.04979667836583846,0.07408348235067101,-0.36967656567890855,C:\Users\Admin\Desktop\ShiXiaoYu\data\FineTuneResNet\city_prototypes_per_city\per_city_cluster_20260607_163646,C:\Users\Admin\Desktop\ShiXiaoYu\data\FineTuneResNet\expert_models_runs\expert_run_stage6_9_66fold_test_26420_31080_aef_annual_64d\predictions\step6_expert_summary_student_20260607_163718.json,C:\Users\Admin\Desktop\ShiXiaoYu\data\FineTuneResNet\expert_models_runs\expert_run_stage6_9_66fold_test_26420_31080_aef_annual_64d\predictions\evaluation_student_cbsa26420_knn_k5_none.json,C:\Users\Admin\Desktop\ShiXiaoYu\data\FineTuneResNet\expert_models_runs\expert_run_stage6_9_66fold_test_26420_31080_aef_annual_64d\predictions\predictions_student_cbsa26420_knn_k5_none.csv,C:\Users\Admin\Desktop\ShiXiaoYu\data\3.26plan_tripmode_v2_66fold\folds\test_26420_31080\logs\aef_annual_64d\train.log,C:\Users\Admin\Desktop\ShiXiaoYu\data\3.26plan_tripmode_v2_66fold\folds\test_26420_31080\logs\aef_annual_64d\inference.log,0.06732207650529394,0.09724323335547477,-0.22584705114339032,0.03973072909027921,0.058602382386331524,-0.96026330335728,0.04233722950194225,0.0664048313102067,0.07708065746394466,test_26420_31080,38,26420,31080,5,cosine,none
aef_annual_64d,31080,0.17128249994824554,0.19752473134707868,-5.670708882965105,C:\Users\Admin\Desktop\ShiXiaoYu\data\FineTuneResNet\city_prototypes_per_city\per_city_cluster_20260607_163646,C:\Users\Admin\Desktop\ShiXiaoYu\data\FineTuneResNet\expert_models_runs\expert_run_stage6_9_66fold_test_26420_31080_aef_annual_64d\predictions\step6_expert_summary_student_20260607_163718.json,C:\Users\Admin\Desktop\ShiXiaoYu\data\FineTuneResNet\expert_models_runs\expert_run_stage6_9_66fold_test_26420_31080_aef_annual_64d\predictions\evaluation_student_cbsa31080_knn_k5_none.json,C:\Users\Admin\Desktop\ShiXiaoYu\data\FineTuneResNet\expert_models_runs\expert_run_stage6_9_66fold_test_26420_31080_aef_annual_64d\predictions\predictions_student_cbsa31080_knn_k5_none.csv,C:\Users\Admin\Desktop\ShiXiaoYu\data\3.26plan_tripmode_v2_66fold\folds\test_26420_31080\logs\aef_annual_64d\train.log,C:\Users\Admin\Desktop\ShiXiaoYu\data\3.26plan_tripmode_v2_66fold\folds\test_26420_31080\logs\aef_annual_64d\inference.log,0.2453365042822686,0.2776801012495734,-6.444390413264839,0.19009975719390157,0.21797775012115397,-9.438508103476844,0.07841123836856645,0.09691634267050864,-1.129228132153632,test_26420_31080,38,26420,31080,5,cosine,none
clay_v1_5_768d,26420,0.08092304137655787,0.10290225279263454,-2.0816907080384013,C:\Users\Admin\Desktop\ShiXiaoYu\data\FineTuneResNet\city_prototypes_per_city\per_city_cluster_20260607_163830,C:\Users\Admin\Desktop\ShiXiaoYu\data\FineTuneResNet\expert_models_runs\expert_run_stage6_9_66fold_test_26420_31080_clay_v1_5_768d\predictions\step6_expert_summary_student_20260607_163915.json,C:\Users\Admin\Desktop\ShiXiaoYu\data\FineTuneResNet\expert_models_runs\expert_run_stage6_9_66fold_test_26420_31080_clay_v1_5_768d\predictions\evaluation_student_cbsa26420_knn_k5_none.json,C:\Users\Admin\Desktop\ShiXiaoYu\data\FineTuneResNet\expert_models_runs\expert_run_stage6_9_66fold_test_26420_31080_clay_v1_5_768d\predictions\predictions_student_cbsa26420_knn_k5_none.csv,C:\Users\Admin\Desktop\ShiXiaoYu\data\3.26plan_tripmode_v2_66fold\folds\test_26420_31080\logs\clay_v1_5_768d\train.log,C:\Users\Admin\Desktop\ShiXiaoYu\data\3.26plan_tripmode_v2_66fold\folds\test_26420_31080\logs\clay_v1_5_768d\inference.log,0.11416501758439068,0.14199214984897862,-1.7245142107689282,0.07528612096002094,0.09384283224605039,-4.370940266679388,0.05331798558526198,0.07287177628287464,-0.1496176466668886,test_26420_31080,38,26420,31080,5,cosine,none
clay_v1_5_768d,31080,0.07514876976095496,0.09912458067740877,-0.5845146579772412,C:\Users\Admin\Desktop\ShiXiaoYu\data\FineTuneResNet\city_prototypes_per_city\per_city_cluster_20260607_163830,C:\Users\Admin\Desktop\ShiXiaoYu\data\FineTuneResNet\expert_models_runs\expert_run_stage6_9_66fold_test_26420_31080_clay_v1_5_768d\predictions\step6_expert_summary_student_20260607_163915.json,C:\Users\Admin\Desktop\ShiXiaoYu\data\FineTuneResNet\expert_models_runs\expert_run_stage6_9_66fold_test_26420_31080_clay_v1_5_768d\predictions\evaluation_student_cbsa31080_knn_k5_none.json,C:\Users\Admin\Desktop\ShiXiaoYu\data\FineTuneResNet\expert_models_runs\expert_run_stage6_9_66fold_test_26420_31080_clay_v1_5_768d\predictions\predictions_student_cbsa31080_knn_k5_none.csv,C:\Users\Admin\Desktop\ShiXiaoYu\data\3.26plan_tripmode_v2_66fold\folds\test_26420_31080\logs\clay_v1_5_768d\train.log,C:\Users\Admin\Desktop\ShiXiaoYu\data\3.26plan_tripmode_v2_66fold\folds\test_26420_31080\logs\clay_v1_5_768d\inference.log,0.10338744688958773,0.13293688228190653,-0.7062026084303168,0.07069665701037553,0.09178840030287636,-0.8509287590212862,0.05136220538290163,0.07264845944744341,-0.19641260648012082,test_26420_31080,38,26420,31080,5,cosine,none
prithvi_eo_v2_1024d,26420,0.08924337936469721,0.10866648938996544,-2.644828615552557,C:\Users\Admin\Desktop\ShiXiaoYu\data\FineTuneResNet\city_prototypes_per_city\per_city_cluster_20260607_164024,C:\Users\Admin\Desktop\ShiXiaoYu\data\FineTuneResNet\expert_models_runs\expert_run_stage6_9_66fold_test_26420_31080_prithvi_eo_v2_1024d\predictions\step6_expert_summary_student_20260607_164108.json,C:\Users\Admin\Desktop\ShiXiaoYu\data\FineTuneResNet\expert_models_runs\expert_run_stage6_9_66fold_test_26420_31080_prithvi_eo_v2_1024d\predictions\evaluation_student_cbsa26420_knn_k5_none.json,C:\Users\Admin\Desktop\ShiXiaoYu\data\FineTuneResNet\expert_models_runs\expert_run_stage6_9_66fold_test_26420_31080_prithvi_eo_v2_1024d\predictions\predictions_student_cbsa26420_knn_k5_none.csv,C:\Users\Admin\Desktop\ShiXiaoYu\data\3.26plan_tripmode_v2_66fold\folds\test_26420_31080\logs\prithvi_eo_v2_1024d\train.log,C:\Users\Admin\Desktop\ShiXiaoYu\data\3.26plan_tripmode_v2_66fold\folds\test_26420_31080\logs\prithvi_eo_v2_1024d\inference.log,0.12390170293034239,0.14800694402518555,-1.9602241085317318,0.08938604524580675,0.10599539723366941,-5.85207523234613,0.05444238991794248,0.07199712691104135,-0.12218650577980839,test_26420_31080,38,26420,31080,5,cosine,none
prithvi_eo_v2_1024d,31080,0.059198765004680305,0.08340508005907155,-0.13339605992693213,C:\Users\Admin\Desktop\ShiXiaoYu\data\FineTuneResNet\city_prototypes_per_city\per_city_cluster_20260607_164024,C:\Users\Admin\Desktop\ShiXiaoYu\data\FineTuneResNet\expert_models_runs\expert_run_stage6_9_66fold_test_26420_31080_prithvi_eo_v2_1024d\predictions\step6_expert_summary_student_20260607_164108.json,C:\Users\Admin\Desktop\ShiXiaoYu\data\FineTuneResNet\expert_models_runs\expert_run_stage6_9_66fold_test_26420_31080_prithvi_eo_v2_1024d\predictions\evaluation_student_cbsa31080_knn_k5_none.json,C:\Users\Admin\Desktop\ShiXiaoYu\data\FineTuneResNet\expert_models_runs\expert_run_stage6_9_66fold_test_26420_31080_prithvi_eo_v2_1024d\predictions\predictions_student_cbsa31080_knn_k5_none.csv,C:\Users\Admin\Desktop\ShiXiaoYu\data\3.26plan_tripmode_v2_66fold\folds\test_26420_31080\logs\prithvi_eo_v2_1024d\train.log,C:\Users\Admin\Desktop\ShiXiaoYu\data\3.26plan_tripmode_v2_66fold\folds\test_26420_31080\logs\prithvi_eo_v2_1024d\inference.log,0.07969228872619856,0.10725696882704243,-0.11068437341425774,0.05731908917978507,0.07718608228919752,-0.30885669148025996,0.04058491710805728,0.0657721890609747,0.019352885113721352,test_26420_31080,38,26420,31080,5,cosine,none
imagenet_pretrain,26420,0.06837957605440403,0.087166164077402,-1.166187836447777,C:\Users\Admin\Desktop\ShiXiaoYu\data\FineTuneResNet\city_prototypes_per_city\per_city_cluster_20260607_164231,C:\Users\Admin\Desktop\ShiXiaoYu\data\FineTuneResNet\expert_models_runs\expert_run_stage6_9_66fold_test_26420_31080_imagenet_pretrain\predictions\step6_expert_summary_student_20260607_164327.json,C:\Users\Admin\Desktop\ShiXiaoYu\data\FineTuneResNet\expert_models_runs\expert_run_stage6_9_66fold_test_26420_31080_imagenet_pretrain\predictions\evaluation_student_cbsa26420_knn_k5_none.json,C:\Users\Admin\Desktop\ShiXiaoYu\data\FineTuneResNet\expert_models_runs\expert_run_stage6_9_66fold_test_26420_31080_imagenet_pretrain\predictions\predictions_student_cbsa26420_knn_k5_none.csv,C:\Users\Admin\Desktop\ShiXiaoYu\data\3.26plan_tripmode_v2_66fold\folds\test_26420_31080\logs\imagenet_pretrain\train.log,C:\Users\Admin\Desktop\ShiXiaoYu\data\3.26plan_tripmode_v2_66fold\folds\test_26420_31080\logs\imagenet_pretrain\inference.log,0.0943341784687576,0.11635719395422346,-0.8295609692552348,0.0634277604335028,0.07773487585526007,-2.685360084243887,0.047376789260951666,0.06740642242272248,0.01635754415579116,test_26420_31080,38,26420,31080,5,cosine,none
imagenet_pretrain,31080,0.0699054130606963,0.09295867917996448,-0.3919800653634367,C:\Users\Admin\Desktop\ShiXiaoYu\data\FineTuneResNet\city_prototypes_per_city\per_city_cluster_20260607_164231,C:\Users\Admin\Desktop\ShiXiaoYu\data\FineTuneResNet\expert_models_runs\expert_run_stage6_9_66fold_test_26420_31080_imagenet_pretrain\predictions\step6_expert_summary_student_20260607_164327.json,C:\Users\Admin\Desktop\ShiXiaoYu\data\FineTuneResNet\expert_models_runs\expert_run_stage6_9_66fold_test_26420_31080_imagenet_pretrain\predictions\evaluation_student_cbsa31080_knn_k5_none.json,C:\Users\Admin\Desktop\ShiXiaoYu\data\FineTuneResNet\expert_models_runs\expert_run_stage6_9_66fold_test_26420_31080_imagenet_pretrain\predictions\predictions_student_cbsa31080_knn_k5_none.csv,C:\Users\Admin\Desktop\ShiXiaoYu\data\3.26plan_tripmode_v2_66fold\folds\test_26420_31080\logs\imagenet_pretrain\train.log,C:\Users\Admin\Desktop\ShiXiaoYu\data\3.26plan_tripmode_v2_66fold\folds\test_26420_31080\logs\imagenet_pretrain\inference.log,0.09629699527069385,0.12439913230790071,-0.49408162776448084,0.06728505112301134,0.08506011382272669,-0.5895200866681725,0.04613419278838368,0.06941679140926603,-0.0923384816576569,test_26420_31080,38,26420,31080,5,cosine,none
satellite_pretrain,26420,0.07065354399956054,0.0885809346525067,-1.2610849033018074,C:\Users\Admin\Desktop\ShiXiaoYu\data\FineTuneResNet\city_prototypes_per_city\per_city_cluster_20260607_164424,C:\Users\Admin\Desktop\ShiXiaoYu\data\FineTuneResNet\expert_models_runs\expert_run_stage6_9_66fold_test_26420_31080_satellite_pretrain\predictions\step6_expert_summary_student_20260607_164510.json,C:\Users\Admin\Desktop\ShiXiaoYu\data\FineTuneResNet\expert_models_runs\expert_run_stage6_9_66fold_test_26420_31080_satellite_pretrain\predictions\evaluation_student_cbsa26420_knn_k5_none.json,C:\Users\Admin\Desktop\ShiXiaoYu\data\FineTuneResNet\expert_models_runs\expert_run_stage6_9_66fold_test_26420_31080_satellite_pretrain\predictions\predictions_student_cbsa26420_knn_k5_none.csv,C:\Users\Admin\Desktop\ShiXiaoYu\data\3.26plan_tripmode_v2_66fold\folds\test_26420_31080\logs\satellite_pretrain\train.log,C:\Users\Admin\Desktop\ShiXiaoYu\data\3.26plan_tripmode_v2_66fold\folds\test_26420_31080\logs\satellite_pretrain\inference.log,0.09728169854659567,0.11859321259014256,-0.9005533969330344,0.06675042159998087,0.08004777588980767,-2.907928852527567,0.047928511852105116,0.06710181547756987,0.025227539555178757,test_26420_31080,38,26420,31080,5,cosine,none
satellite_pretrain,31080,0.04801232369554522,0.07196244281594744,0.1478949943500634,C:\Users\Admin\Desktop\ShiXiaoYu\data\FineTuneResNet\city_prototypes_per_city\per_city_cluster_20260607_164424,C:\Users\Admin\Desktop\ShiXiaoYu\data\FineTuneResNet\expert_models_runs\expert_run_stage6_9_66fold_test_26420_31080_satellite_pretrain\predictions\step6_expert_summary_student_20260607_164510.json,C:\Users\Admin\Desktop\ShiXiaoYu\data\FineTuneResNet\expert_models_runs\expert_run_stage6_9_66fold_test_26420_31080_satellite_pretrain\predictions\evaluation_student_cbsa31080_knn_k5_none.json,C:\Users\Admin\Desktop\ShiXiaoYu\data\FineTuneResNet\expert_models_runs\expert_run_stage6_9_66fold_test_26420_31080_satellite_pretrain\predictions\predictions_student_cbsa31080_knn_k5_none.csv,C:\Users\Admin\Desktop\ShiXiaoYu\data\3.26plan_tripmode_v2_66fold\folds\test_26420_31080\logs\satellite_pretrain\train.log,C:\Users\Admin\Desktop\ShiXiaoYu\data\3.26plan_tripmode_v2_66fold\folds\test_26420_31080\logs\satellite_pretrain\inference.log,0.061574959877830786,0.08963366389224645,0.2243212009591946,0.046217513321035554,0.06187044278097438,0.15902991067736383,0.03624449788776931,0.06438322177462147,0.06033387141363178,test_26420_31080,38,26420,31080,5,cosine,none
single_task_backbone_finetune,26420,0.046230968378988165,0.07114868925838387,-0.303683094695524,C:\Users\Admin\Desktop\ShiXiaoYu\data\FineTuneResNet\city_prototypes_per_city\per_city_cluster_20260607_164605,C:\Users\Admin\Desktop\ShiXiaoYu\data\FineTuneResNet\expert_models_runs\expert_run_stage6_9_66fold_test_26420_31080_single_task_backbone_finetune\predictions\step6_expert_summary_student_20260607_164653.json,C:\Users\Admin\Desktop\ShiXiaoYu\data\FineTuneResNet\expert_models_runs\expert_run_stage6_9_66fold_test_26420_31080_single_task_backbone_finetune\predictions\evaluation_student_cbsa26420_knn_k5_none.json,C:\Users\Admin\Desktop\ShiXiaoYu\data\FineTuneResNet\expert_models_runs\expert_run_stage6_9_66fold_test_26420_31080_single_task_backbone_finetune\predictions\predictions_student_cbsa26420_knn_k5_none.csv,C:\Users\Admin\Desktop\ShiXiaoYu\data\3.26plan_tripmode_v2_66fold\folds\test_26420_31080\logs\single_task_backbone_finetune\train.log,C:\Users\Admin\Desktop\ShiXiaoYu\data\3.26plan_tripmode_v2_66fold\folds\test_26420_31080\logs\single_task_backbone_finetune\inference.log,0.06216972188219818,0.09254277240781514,-0.15729857945816894,0.03684815142611653,0.05417040972448861,-0.7896674938459001,0.039675031828649794,0.06673288564284786,0.03591678921749697,test_26420_31080,38,26420,31080,5,cosine,none
single_task_backbone_finetune,31080,0.044064261744202936,0.07320646212417715,0.1230960952261561,C:\Users\Admin\Desktop\ShiXiaoYu\data\FineTuneResNet\city_prototypes_per_city\per_city_cluster_20260607_164605,C:\Users\Admin\Desktop\ShiXiaoYu\data\FineTuneResNet\expert_models_runs\expert_run_stage6_9_66fold_test_26420_31080_single_task_backbone_finetune\predictions\step6_expert_summary_student_20260607_164653.json,C:\Users\Admin\Desktop\ShiXiaoYu\data\FineTuneResNet\expert_models_runs\expert_run_stage6_9_66fold_test_26420_31080_single_task_backbone_finetune\predictions\evaluation_student_cbsa31080_knn_k5_none.json,C:\Users\Admin\Desktop\ShiXiaoYu\data\FineTuneResNet\expert_models_runs\expert_run_stage6_9_66fold_test_26420_31080_single_task_backbone_finetune\predictions\predictions_student_cbsa31080_knn_k5_none.csv,C:\Users\Admin\Desktop\ShiXiaoYu\data\3.26plan_tripmode_v2_66fold\folds\test_26420_31080\logs\single_task_backbone_finetune\train.log,C:\Users\Admin\Desktop\ShiXiaoYu\data\3.26plan_tripmode_v2_66fold\folds\test_26420_31080\logs\single_task_backbone_finetune\inference.log,0.057772737647545064,0.09233936649430344,0.17678475488075596,0.040012533999452614,0.0642143495730261,0.09410413507029536,0.034407513585611116,0.06306567030520192,0.09839939572741696,test_26420_31080,38,26420,31080,5,cosine,none
aef_annual_64d,26420,0.05156237467267588,0.07727663389660704,-0.5368307531140615,C:\Users\Admin\Desktop\ShiXiaoYu\data\FineTuneResNet\city_prototypes_per_city\per_city_cluster_20260607_164744,C:\Users\Admin\Desktop\ShiXiaoYu\data\FineTuneResNet\expert_models_runs\expert_run_stage6_9_66fold_test_26420_33100_aef_annual_64d\predictions\step6_expert_summary_student_20260607_164813.json,C:\Users\Admin\Desktop\ShiXiaoYu\data\FineTuneResNet\expert_models_runs\expert_run_stage6_9_66fold_test_26420_33100_aef_annual_64d\predictions\evaluation_student_cbsa26420_knn_k5_none.json,C:\Users\Admin\Desktop\ShiXiaoYu\data\FineTuneResNet\expert_models_runs\expert_run_stage6_9_66fold_test_26420_33100_aef_annual_64d\predictions\predictions_student_cbsa26420_knn_k5_none.csv,C:\Users\Admin\Desktop\ShiXiaoYu\data\3.26plan_tripmode_v2_66fold\folds\test_26420_33100\logs\aef_annual_64d\train.log,C:\Users\Admin\Desktop\ShiXiaoYu\data\3.26plan_tripmode_v2_66fold\folds\test_26420_33100\logs\aef_annual_64d\inference.log,0.0694234912324267,0.10054210476395327,-0.31042886338591913,0.042758961685732275,0.06431987711772359,-1.361425659870203,0.042504671099868656,0.06696791980814426,0.06136226391393784,test_26420_33100,39,26420,33100,5,cosine,none
aef_annual_64d,33100,0.07840741868946081,0.10521740157703474,-1.7039599174850777,C:\Users\Admin\Desktop\ShiXiaoYu\data\FineTuneResNet\city_prototypes_per_city\per_city_cluster_20260607_164744,C:\Users\Admin\Desktop\ShiXiaoYu\data\FineTuneResNet\expert_models_runs\expert_run_stage6_9_66fold_test_26420_33100_aef_annual_64d\predictions\step6_expert_summary_student_20260607_164813.json,C:\Users\Admin\Desktop\ShiXiaoYu\data\FineTuneResNet\expert_models_runs\expert_run_stage6_9_66fold_test_26420_33100_aef_annual_64d\predictions\evaluation_student_cbsa33100_knn_k5_none.json,C:\Users\Admin\Desktop\ShiXiaoYu\data\FineTuneResNet\expert_models_runs\expert_run_stage6_9_66fold_test_26420_33100_aef_annual_64d\predictions\predictions_student_cbsa33100_knn_k5_none.csv,C:\Users\Admin\Desktop\ShiXiaoYu\data\3.26plan_tripmode_v2_66fold\folds\test_26420_33100\logs\aef_annual_64d\train.log,C:\Users\Admin\Desktop\ShiXiaoYu\data\3.26plan_tripmode_v2_66fold\folds\test_26420_33100\logs\aef_annual_64d\inference.log,0.11062537908936836,0.14681895171481676,-1.5979524831778544,0.07083650642689059,0.09520055137650675,-3.461989286331092,0.05376037055212351,0.07363270163978072,-0.05193798294628671,test_26420_33100,39,26420,33100,5,cosine,none
clay_v1_5_768d,26420,0.08097502705738026,0.10343375618542716,-2.2177485444254024,C:\Users\Admin\Desktop\ShiXiaoYu\data\FineTuneResNet\city_prototypes_per_city\per_city_cluster_20260607_164912,C:\Users\Admin\Desktop\ShiXiaoYu\data\FineTuneResNet\expert_models_runs\expert_run_stage6_9_66fold_test_26420_33100_clay_v1_5_768d\predictions\step6_expert_summary_student_20260607_164954.json,C:\Users\Admin\Desktop\ShiXiaoYu\data\FineTuneResNet\expert_models_runs\expert_run_stage6_9_66fold_test_26420_33100_clay_v1_5_768d\predictions\evaluation_student_cbsa26420_knn_k5_none.json,C:\Users\Admin\Desktop\ShiXiaoYu\data\FineTuneResNet\expert_models_runs\expert_run_stage6_9_66fold_test_26420_33100_clay_v1_5_768d\predictions\predictions_student_cbsa26420_knn_k5_none.csv,C:\Users\Admin\Desktop\ShiXiaoYu\data\3.26plan_tripmode_v2_66fold\folds\test_26420_33100\logs\clay_v1_5_768d\train.log,C:\Users\Admin\Desktop\ShiXiaoYu\data\3.26plan_tripmode_v2_66fold\folds\test_26420_33100\logs\clay_v1_5_768d\inference.log,0.11150033592590411,0.13991706335762688,-1.645463481517663,0.07802545274016054,0.09818290320460217,-4.879221852617797,0.053399292506076106,0.07220130199405247,-0.12856029914074663,test_26420_33100,39,26420,33100,5,cosine,none
clay_v1_5_768d,33100,0.07398688180779969,0.09377071982929462,-1.0585328137599648,C:\Users\Admin\Desktop\ShiXiaoYu\data\FineTuneResNet\city_prototypes_per_city\per_city_cluster_20260607_164912,C:\Users\Admin\Desktop\ShiXiaoYu\data\FineTuneResNet\expert_models_runs\expert_run_stage6_9_66fold_test_26420_33100_clay_v1_5_768d\predictions\step6_expert_summary_student_20260607_164954.json,C:\Users\Admin\Desktop\ShiXiaoYu\data\FineTuneResNet\expert_models_runs\expert_run_stage6_9_66fold_test_26420_33100_clay_v1_5_768d\predictions\evaluation_student_cbsa33100_knn_k5_none.json,C:\Users\Admin\Desktop\ShiXiaoYu\data\FineTuneResNet\expert_models_runs\expert_run_stage6_9_66fold_test_26420_33100_clay_v1_5_768d\predictions\predictions_student_cbsa33100_knn_k5_none.csv,C:\Users\Admin\Desktop\ShiXiaoYu\data\3.26plan_tripmode_v2_66fold\folds\test_26420_33100\logs\clay_v1_5_768d\train.log,C:\Users\Admin\Desktop\ShiXiaoYu\data\3.26plan_tripmode_v2_66fold\folds\test_26420_33100\logs\clay_v1_5_768d\inference.log,0.10324061098618069,0.1269913437940437,-0.9436372035493008,0.06323248574717974,0.08018790763565244,-2.1656825235640564,0.05548754869003866,0.07413290805818774,-0.0662787141665373,test_26420_33100,39,26420,33100,5,cosine,none
prithvi_eo_v2_1024d,26420,0.08844500730195644,0.1078708958406369,-2.582101268867879,C:\Users\Admin\Desktop\ShiXiaoYu\data\FineTuneResNet\city_prototypes_per_city\per_city_cluster_20260607_165055,C:\Users\Admin\Desktop\ShiXiaoYu\data\FineTuneResNet\expert_models_runs\expert_run_stage6_9_66fold_test_26420_33100_prithvi_eo_v2_1024d\predictions\step6_expert_summary_student_20260607_165137.json,C:\Users\Admin\Desktop\ShiXiaoYu\data\FineTuneResNet\expert_models_runs\expert_run_stage6_9_66fold_test_26420_33100_prithvi_eo_v2_1024d\predictions\evaluation_student_cbsa26420_knn_k5_none.json,C:\Users\Admin\Desktop\ShiXiaoYu\data\FineTuneResNet\expert_models_runs\expert_run_stage6_9_66fold_test_26420_33100_prithvi_eo_v2_1024d\predictions\predictions_student_cbsa26420_knn_k5_none.csv,C:\Users\Admin\Desktop\ShiXiaoYu\data\3.26plan_tripmode_v2_66fold\folds\test_26420_33100\logs\prithvi_eo_v2_1024d\train.log,C:\Users\Admin\Desktop\ShiXiaoYu\data\3.26plan_tripmode_v2_66fold\folds\test_26420_33100\logs\prithvi_eo_v2_1024d\inference.log,0.12255031339209604,0.1470503813602297,-1.922084148329943,0.0891806501101185,0.104913031367232,-5.712850582950021,0.05360405840365481,0.07164927479444898,-0.1113690753236729,test_26420_33100,39,26420,33100,5,cosine,none
prithvi_eo_v2_1024d,33100,0.10273118259730589,0.11878759501680343,-2.4360875176675063,C:\Users\Admin\Desktop\ShiXiaoYu\data\FineTuneResNet\city_prototypes_per_city\per_city_cluster_20260607_165055,C:\Users\Admin\Desktop\ShiXiaoYu\data\FineTuneResNet\expert_models_runs\expert_run_stage6_9_66fold_test_26420_33100_prithvi_eo_v2_1024d\predictions\step6_expert_summary_student_20260607_165137.json,C:\Users\Admin\Desktop\ShiXiaoYu\data\FineTuneResNet\expert_models_runs\expert_run_stage6_9_66fold_test_26420_33100_prithvi_eo_v2_1024d\predictions\evaluation_student_cbsa33100_knn_k5_none.json,C:\Users\Admin\Desktop\ShiXiaoYu\data\FineTuneResNet\expert_models_runs\expert_run_stage6_9_66fold_test_26420_33100_prithvi_eo_v2_1024d\predictions\predictions_student_cbsa33100_knn_k5_none.csv,C:\Users\Admin\Desktop\ShiXiaoYu\data\3.26plan_tripmode_v2_66fold\folds\test_26420_33100\logs\prithvi_eo_v2_1024d\train.log,C:\Users\Admin\Desktop\ShiXiaoYu\data\3.26plan_tripmode_v2_66fold\folds\test_26420_33100\logs\prithvi_eo_v2_1024d\inference.log,0.14730856204938406,0.16753062147222783,-2.3826367654775598,0.09514307039556356,0.10686075692226418,-4.621938467295503,0.06574191534697002,0.08197140665591829,-0.3036873202294572,test_26420_33100,39,26420,33100,5,cosine,none
imagenet_pretrain,26420,0.06993514718000576,0.08780284051575066,-1.204497985313525,C:\Users\Admin\Desktop\ShiXiaoYu\data\FineTuneResNet\city_prototypes_per_city\per_city_cluster_20260607_165241,C:\Users\Admin\Desktop\ShiXiaoYu\data\FineTuneResNet\expert_models_runs\expert_run_stage6_9_66fold_test_26420_33100_imagenet_pretrain\predictions\step6_expert_summary_student_20260607_165330.json,C:\Users\Admin\Desktop\ShiXiaoYu\data\FineTuneResNet\expert_models_runs\expert_run_stage6_9_66fold_test_26420_33100_imagenet_pretrain\predictions\evaluation_student_cbsa26420_knn_k5_none.json,C:\Users\Admin\Desktop\ShiXiaoYu\data\FineTuneResNet\expert_models_runs\expert_run_stage6_9_66fold_test_26420_33100_imagenet_pretrain\predictions\predictions_student_cbsa26420_knn_k5_none.csv,C:\Users\Admin\Desktop\ShiXiaoYu\data\3.26plan_tripmode_v2_66fold\folds\test_26420_33100\logs\imagenet_pretrain\train.log,C:\Users\Admin\Desktop\ShiXiaoYu\data\3.26plan_tripmode_v2_66fold\folds\test_26420_33100\logs\imagenet_pretrain\inference.log,0.0956309800924642,0.11669630203117953,-0.8402405490283769,0.06535730947610982,0.07861592901465173,-2.7693738290448158,0.04881715197144325,0.0680962905014207,-0.0038795778673816894,test_26420_33100,39,26420,33100,5,cosine,none
imagenet_pretrain,33100,0.06513681994150948,0.08553394281222802,-0.770841582765943,C:\Users\Admin\Desktop\ShiXiaoYu\data\FineTuneResNet\city_prototypes_per_city\per_city_cluster_20260607_165241,C:\Users\Admin\Desktop\ShiXiaoYu\data\FineTuneResNet\expert_models_runs\expert_run_stage6_9_66fold_test_26420_33100_imagenet_pretrain\predictions\step6_expert_summary_student_20260607_165330.json,C:\Users\Admin\Desktop\ShiXiaoYu\data\FineTuneResNet\expert_models_runs\expert_run_stage6_9_66fold_test_26420_33100_imagenet_pretrain\predictions\evaluation_student_cbsa33100_knn_k5_none.json,C:\Users\Admin\Desktop\ShiXiaoYu\data\FineTuneResNet\expert_models_runs\expert_run_stage6_9_66fold_test_26420_33100_imagenet_pretrain\predictions\predictions_student_cbsa33100_knn_k5_none.csv,C:\Users\Admin\Desktop\ShiXiaoYu\data\3.26plan_tripmode_v2_66fold\folds\test_26420_33100\logs\imagenet_pretrain\train.log,C:\Users\Admin\Desktop\ShiXiaoYu\data\3.26plan_tripmode_v2_66fold\folds\test_26420_33100\logs\imagenet_pretrain\inference.log,0.08698291929572669,0.11063355137221341,-0.4751652488374263,0.06111949599462758,0.07690805324333234,-1.9120124828924814,0.04730804453417419,0.06906022382113829,0.07465298343207893,test_26420_33100,39,26420,33100,5,cosine,none
satellite_pretrain,26420,0.07687108871716845,0.09604742183212289,-1.728707661225614,C:\Users\Admin\Desktop\ShiXiaoYu\data\FineTuneResNet\city_prototypes_per_city\per_city_cluster_20260607_165437,C:\Users\Admin\Desktop\ShiXiaoYu\data\FineTuneResNet\expert_models_runs\expert_run_stage6_9_66fold_test_26420_33100_satellite_pretrain\predictions\step6_expert_summary_student_20260607_165521.json,C:\Users\Admin\Desktop\ShiXiaoYu\data\FineTuneResNet\expert_models_runs\expert_run_stage6_9_66fold_test_26420_33100_satellite_pretrain\predictions\evaluation_student_cbsa26420_knn_k5_none.json,C:\Users\Admin\Desktop\ShiXiaoYu\data\FineTuneResNet\expert_models_runs\expert_run_stage6_9_66fold_test_26420_33100_satellite_pretrain\predictions\predictions_student_cbsa26420_knn_k5_none.csv,C:\Users\Admin\Desktop\ShiXiaoYu\data\3.26plan_tripmode_v2_66fold\folds\test_26420_33100\logs\satellite_pretrain\train.log,C:\Users\Admin\Desktop\ShiXiaoYu\data\3.26plan_tripmode_v2_66fold\folds\test_26420_33100\logs\satellite_pretrain\inference.log,0.1064265132341,0.1300770735194158,-1.2864511293162364,0.0743954941205758,0.08945703342863899,-3.8806435760150935,0.04979125879682956,0.06860815854831388,-0.01902827834551246,test_26420_33100,39,26420,33100,5,cosine,none
satellite_pretrain,33100,0.08028977949689504,0.10288456941747297,-1.795619315094673,C:\Users\Admin\Desktop\ShiXiaoYu\data\FineTuneResNet\city_prototypes_per_city\per_city_cluster_20260607_165437,C:\Users\Admin\Desktop\ShiXiaoYu\data\FineTuneResNet\expert_models_runs\expert_run_stage6_9_66fold_test_26420_33100_satellite_pretrain\predictions\step6_expert_summary_student_20260607_165521.json,C:\Users\Admin\Desktop\ShiXiaoYu\data\FineTuneResNet\expert_models_runs\expert_run_stage6_9_66fold_test_26420_33100_satellite_pretrain\predictions\evaluation_student_cbsa33100_knn_k5_none.json,C:\Users\Admin\Desktop\ShiXiaoYu\data\FineTuneResNet\expert_models_runs\expert_run_stage6_9_66fold_test_26420_33100_satellite_pretrain\predictions\predictions_student_cbsa33100_knn_k5_none.csv,C:\Users\Admin\Desktop\ShiXiaoYu\data\3.26plan_tripmode_v2_66fold\folds\test_26420_33100\logs\satellite_pretrain\train.log,C:\Users\Admin\Desktop\ShiXiaoYu\data\3.26plan_tripmode_v2_66fold\folds\test_26420_33100\logs\satellite_pretrain\inference.log,0.10911267918424059,0.13495260812141335,-1.1949747577441214,0.08333507655767523,0.10298638443970284,-4.221667560882545,0.04842158274876933,0.07071471569130271,0.029784373342646497,test_26420_33100,39,26420,33100,5,cosine,none
single_task_backbone_finetune,26420,0.0460446356141388,0.07051783397751547,-0.279251363019896,C:\Users\Admin\Desktop\ShiXiaoYu\data\FineTuneResNet\city_prototypes_per_city\per_city_cluster_20260607_165619,C:\Users\Admin\Desktop\ShiXiaoYu\data\FineTuneResNet\expert_models_runs\expert_run_stage6_9_66fold_test_26420_33100_single_task_backbone_finetune\predictions\step6_expert_summary_student_20260607_165705.json,C:\Users\Admin\Desktop\ShiXiaoYu\data\FineTuneResNet\expert_models_runs\expert_run_stage6_9_66fold_test_26420_33100_single_task_backbone_finetune\predictions\evaluation_student_cbsa26420_knn_k5_none.json,C:\Users\Admin\Desktop\ShiXiaoYu\data\FineTuneResNet\expert_models_runs\expert_run_stage6_9_66fold_test_26420_33100_single_task_backbone_finetune\predictions\predictions_student_cbsa26420_knn_k5_none.csv,C:\Users\Admin\Desktop\ShiXiaoYu\data\3.26plan_tripmode_v2_66fold\folds\test_26420_33100\logs\single_task_backbone_finetune\train.log,C:\Users\Admin\Desktop\ShiXiaoYu\data\3.26plan_tripmode_v2_66fold\folds\test_26420_33100\logs\single_task_backbone_finetune\inference.log,0.061810091885771294,0.0912745937910671,-0.12579735949721949,0.03686454781615151,0.05352473084802243,-0.7472582240172072,0.03945926714049361,0.0667541772934569,0.035301494454738624,test_26420_33100,39,26420,33100,5,cosine,none
single_task_backbone_finetune,33100,0.05424183504047114,0.08017532003350554,-0.551097858321656,C:\Users\Admin\Desktop\ShiXiaoYu\data\FineTuneResNet\city_prototypes_per_city\per_city_cluster_20260607_165619,C:\Users\Admin\Desktop\ShiXiaoYu\data\FineTuneResNet\expert_models_runs\expert_run_stage6_9_66fold_test_26420_33100_single_task_backbone_finetune\predictions\step6_expert_summary_student_20260607_165705.json,C:\Users\Admin\Desktop\ShiXiaoYu\data\FineTuneResNet\expert_models_runs\expert_run_stage6_9_66fold_test_26420_33100_single_task_backbone_finetune\predictions\evaluation_student_cbsa33100_knn_k5_none.json,C:\Users\Admin\Desktop\ShiXiaoYu\data\FineTuneResNet\expert_models_runs\expert_run_stage6_9_66fold_test_26420_33100_single_task_backbone_finetune\predictions\predictions_student_cbsa33100_knn_k5_none.csv,C:\Users\Admin\Desktop\ShiXiaoYu\data\3.26plan_tripmode_v2_66fold\folds\test_26420_33100\logs\single_task_backbone_finetune\train.log,C:\Users\Admin\Desktop\ShiXiaoYu\data\3.26plan_tripmode_v2_66fold\folds\test_26420_33100\logs\single_task_backbone_finetune\inference.log,0.07125252918215076,0.10297660216143847,-0.2780389243786565,0.04973136017165167,0.07176603538954593,-1.5356394827080635,0.041741615767611,0.06578332254953223,0.16038483212175203,test_26420_33100,39,26420,33100,5,cosine,none
aef_annual_64d,26420,0.04837028458838042,0.07147240912546368,-0.2507024584152034,C:\Users\Admin\Desktop\ShiXiaoYu\data\FineTuneResNet\city_prototypes_per_city\per_city_cluster_20260607_165757,C:\Users\Admin\Desktop\ShiXiaoYu\data\FineTuneResNet\expert_models_runs\expert_run_stage6_9_66fold_test_26420_35620_aef_annual_64d\predictions\step6_expert_summary_student_20260607_165823.json,C:\Users\Admin\Desktop\ShiXiaoYu\data\FineTuneResNet\expert_models_runs\expert_run_stage6_9_66fold_test_26420_35620_aef_annual_64d\predictions\evaluation_student_cbsa26420_knn_k5_none.json,C:\Users\Admin\Desktop\ShiXiaoYu\data\FineTuneResNet\expert_models_runs\expert_run_stage6_9_66fold_test_26420_35620_aef_annual_64d\predictions\predictions_student_cbsa26420_knn_k5_none.csv,C:\Users\Admin\Desktop\ShiXiaoYu\data\3.26plan_tripmode_v2_66fold\folds\test_26420_35620\logs\aef_annual_64d\train.log,C:\Users\Admin\Desktop\ShiXiaoYu\data\3.26plan_tripmode_v2_66fold\folds\test_26420_35620\logs\aef_annual_64d\inference.log,0.06505975727742948,0.09332211283219606,-0.12898099351517867,0.03780482537678522,0.05448519888818756,-0.6944975573434307,0.04224627111092657,0.06660991565600743,0.0713711756129991,test_26420_35620,40,26420,35620,5,cosine,none
aef_annual_64d,35620,0.18017535343013893,0.23819132655920583,-0.024655255818384753,C:\Users\Admin\Desktop\ShiXiaoYu\data\FineTuneResNet\city_prototypes_per_city\per_city_cluster_20260607_165757,C:\Users\Admin\Desktop\ShiXiaoYu\data\FineTuneResNet\expert_models_runs\expert_run_stage6_9_66fold_test_26420_35620_aef_annual_64d\predictions\step6_expert_summary_student_20260607_165823.json,C:\Users\Admin\Desktop\ShiXiaoYu\data\FineTuneResNet\expert_models_runs\expert_run_stage6_9_66fold_test_26420_35620_aef_annual_64d\predictions\evaluation_student_cbsa35620_knn_k5_none.json,C:\Users\Admin\Desktop\ShiXiaoYu\data\FineTuneResNet\expert_models_runs\expert_run_stage6_9_66fold_test_26420_35620_aef_annual_64d\predictions\predictions_student_cbsa35620_knn_k5_none.csv,C:\Users\Admin\Desktop\ShiXiaoYu\data\3.26plan_tripmode_v2_66fold\folds\test_26420_35620\logs\aef_annual_64d\train.log,C:\Users\Admin\Desktop\ShiXiaoYu\data\3.26plan_tripmode_v2_66fold\folds\test_26420_35620\logs\aef_annual_64d\inference.log,0.24587908300065947,0.31635908587572176,-0.014349462082554165,0.21413824900450312,0.2856714183482418,-0.2566145692251547,0.08050872828525424,0.11254347545365394,0.1969982638525546,test_26420_35620,40,26420,35620,5,cosine,none
clay_v1_5_768d,26420,0.07844200879636527,0.09772818093469432,-1.6447003479182225,C:\Users\Admin\Desktop\ShiXiaoYu\data\FineTuneResNet\city_prototypes_per_city\per_city_cluster_20260607_165918,C:\Users\Admin\Desktop\ShiXiaoYu\data\FineTuneResNet\expert_models_runs\expert_run_stage6_9_66fold_test_26420_35620_clay_v1_5_768d\predictions\step6_expert_summary_student_20260607_165958.json,C:\Users\Admin\Desktop\ShiXiaoYu\data\FineTuneResNet\expert_models_runs\expert_run_stage6_9_66fold_test_26420_35620_clay_v1_5_768d\predictions\evaluation_student_cbsa26420_knn_k5_none.json,C:\Users\Admin\Desktop\ShiXiaoYu\data\FineTuneResNet\expert_models_runs\expert_run_stage6_9_66fold_test_26420_35620_clay_v1_5_768d\predictions\predictions_student_cbsa26420_knn_k5_none.csv,C:\Users\Admin\Desktop\ShiXiaoYu\data\3.26plan_tripmode_v2_66fold\folds\test_26420_35620\logs\clay_v1_5_768d\train.log,C:\Users\Admin\Desktop\ShiXiaoYu\data\3.26plan_tripmode_v2_66fold\folds\test_26420_35620\logs\clay_v1_5_768d\inference.log,0.10913693748622408,0.1337261796383343,-1.4165360774299867,0.07026612304690023,0.0837346163861758,-3.276201673530699,0.05592296585597151,0.07572374677957287,-0.24136329279398194,test_26420_35620,40,26420,35620,5,cosine,none
clay_v1_5_768d,35620,0.1678728936538405,0.21842953236062454,0.047111738090819776,C:\Users\Admin\Desktop\ShiXiaoYu\data\FineTuneResNet\city_prototypes_per_city\per_city_cluster_20260607_165918,C:\Users\Admin\Desktop\ShiXiaoYu\data\FineTuneResNet\expert_models_runs\expert_run_stage6_9_66fold_test_26420_35620_clay_v1_5_768d\predictions\step6_expert_summary_student_20260607_165958.json,C:\Users\Admin\Desktop\ShiXiaoYu\data\FineTuneResNet\expert_models_runs\expert_run_stage6_9_66fold_test_26420_35620_clay_v1_5_768d\predictions\evaluation_student_cbsa35620_knn_k5_none.json,C:\Users\Admin\Desktop\ShiXiaoYu\data\FineTuneResNet\expert_models_runs\expert_run_stage6_9_66fold_test_26420_35620_clay_v1_5_768d\predictions\predictions_student_cbsa35620_knn_k5_none.csv,C:\Users\Admin\Desktop\ShiXiaoYu\data\3.26plan_tripmode_v2_66fold\folds\test_26420_35620\logs\clay_v1_5_768d\train.log,C:\Users\Admin\Desktop\ShiXiaoYu\data\3.26plan_tripmode_v2_66fold\folds\test_26420_35620\logs\clay_v1_5_768d\inference.log,0.2077889928211969,0.265165435349906,0.263668520957421,0.2120352202900977,0.28110536518309,-0.1828274118622304,0.08379446785022693,0.10901779654887767,0.06049410517726872,test_26420_35620,40,26420,35620,5,cosine,none
prithvi_eo_v2_1024d,26420,0.07687174564406507,0.09522200016210293,-1.5821663600744007,C:\Users\Admin\Desktop\ShiXiaoYu\data\FineTuneResNet\city_prototypes_per_city\per_city_cluster_20260607_170056,C:\Users\Admin\Desktop\ShiXiaoYu\data\FineTuneResNet\expert_models_runs\expert_run_stage6_9_66fold_test_26420_35620_prithvi_eo_v2_1024d\predictions\step6_expert_summary_student_20260607_170136.json,C:\Users\Admin\Desktop\ShiXiaoYu\data\FineTuneResNet\expert_models_runs\expert_run_stage6_9_66fold_test_26420_35620_prithvi_eo_v2_1024d\predictions\evaluation_student_cbsa26420_knn_k5_none.json,C:\Users\Admin\Desktop\ShiXiaoYu\data\FineTuneResNet\expert_models_runs\expert_run_stage6_9_66fold_test_26420_35620_prithvi_eo_v2_1024d\predictions\predictions_student_cbsa26420_knn_k5_none.csv,C:\Users\Admin\Desktop\ShiXiaoYu\data\3.26plan_tripmode_v2_66fold\folds\test_26420_35620\logs\prithvi_eo_v2_1024d\train.log,C:\Users\Admin\Desktop\ShiXiaoYu\data\3.26plan_tripmode_v2_66fold\folds\test_26420_35620\logs\prithvi_eo_v2_1024d\inference.log,0.10624644309698227,0.1284831045684635,-1.2307579637361563,0.07029573623076278,0.08474153579500773,-3.3796637657212694,0.05407305760445018,0.07244136012283756,-0.1360773507657762,test_26420_35620,40,26420,35620,5,cosine,none
prithvi_eo_v2_1024d,35620,0.20071032857121948,0.2695835074504918,-0.3531266263786718,C:\Users\Admin\Desktop\ShiXiaoYu\data\FineTuneResNet\city_prototypes_per_city\per_city_cluster_20260607_170056,C:\Users\Admin\Desktop\ShiXiaoYu\data\FineTuneResNet\expert_models_runs\expert_run_stage6_9_66fold_test_26420_35620_prithvi_eo_v2_1024d\predictions\step6_expert_summary_student_20260607_170136.json,C:\Users\Admin\Desktop\ShiXiaoYu\data\FineTuneResNet\expert_models_runs\expert_run_stage6_9_66fold_test_26420_35620_prithvi_eo_v2_1024d\predictions\evaluation_student_cbsa35620_knn_k5_none.json,C:\Users\Admin\Desktop\ShiXiaoYu\data\FineTuneResNet\expert_models_runs\expert_run_stage6_9_66fold_test_26420_35620_prithvi_eo_v2_1024d\predictions\predictions_student_cbsa35620_knn_k5_none.csv,C:\Users\Admin\Desktop\ShiXiaoYu\data\3.26plan_tripmode_v2_66fold\folds\test_26420_35620\logs\prithvi_eo_v2_1024d\train.log,C:\Users\Admin\Desktop\ShiXiaoYu\data\3.26plan_tripmode_v2_66fold\folds\test_26420_35620\logs\prithvi_eo_v2_1024d\inference.log,0.2756821429726955,0.3605536195342114,-0.36137967288443873,0.25149840750749664,0.3343410980124013,-0.6732569601859881,0.07495043523346637,0.11385580480486264,-0.02474324606558853,test_26420_35620,40,26420,35620,5,cosine,none
imagenet_pretrain,26420,0.06180122280615668,0.07774815481601098,-0.616229858533896,C:\Users\Admin\Desktop\ShiXiaoYu\data\FineTuneResNet\city_prototypes_per_city\per_city_cluster_20260607_170233,C:\Users\Admin\Desktop\ShiXiaoYu\data\FineTuneResNet\expert_models_runs\expert_run_stage6_9_66fold_test_26420_35620_imagenet_pretrain\predictions\step6_expert_summary_student_20260607_170320.json,C:\Users\Admin\Desktop\ShiXiaoYu\data\FineTuneResNet\expert_models_runs\expert_run_stage6_9_66fold_test_26420_35620_imagenet_pretrain\predictions\evaluation_student_cbsa26420_knn_k5_none.json,C:\Users\Admin\Desktop\ShiXiaoYu\data\FineTuneResNet\expert_models_runs\expert_run_stage6_9_66fold_test_26420_35620_imagenet_pretrain\predictions\predictions_student_cbsa26420_knn_k5_none.csv,C:\Users\Admin\Desktop\ShiXiaoYu\data\3.26plan_tripmode_v2_66fold\folds\test_26420_35620\logs\imagenet_pretrain\train.log,C:\Users\Admin\Desktop\ShiXiaoYu\data\3.26plan_tripmode_v2_66fold\folds\test_26420_35620\logs\imagenet_pretrain\inference.log,0.0845258205691263,0.10325002062973886,-0.44059101662404343,0.05392880443907398,0.06332859442132625,-1.4459513069773209,0.04694904341026976,0.06666584939696785,0.037852747999676195,test_26420_35620,40,26420,35620,5,cosine,none
imagenet_pretrain,35620,0.1851337685563017,0.24632323500363407,-0.12395513925778061,C:\Users\Admin\Desktop\ShiXiaoYu\data\FineTuneResNet\city_prototypes_per_city\per_city_cluster_20260607_170233,C:\Users\Admin\Desktop\ShiXiaoYu\data\FineTuneResNet\expert_models_runs\expert_run_stage6_9_66fold_test_26420_35620_imagenet_pretrain\predictions\step6_expert_summary_student_20260607_170320.json,C:\Users\Admin\Desktop\ShiXiaoYu\data\FineTuneResNet\expert_models_runs\expert_run_stage6_9_66fold_test_26420_35620_imagenet_pretrain\predictions\evaluation_student_cbsa35620_knn_k5_none.json,C:\Users\Admin\Desktop\ShiXiaoYu\data\FineTuneResNet\expert_models_runs\expert_run_stage6_9_66fold_test_26420_35620_imagenet_pretrain\predictions\predictions_student_cbsa35620_knn_k5_none.csv,C:\Users\Admin\Desktop\ShiXiaoYu\data\3.26plan_tripmode_v2_66fold\folds\test_26420_35620\logs\imagenet_pretrain\train.log,C:\Users\Admin\Desktop\ShiXiaoYu\data\3.26plan_tripmode_v2_66fold\folds\test_26420_35620\logs\imagenet_pretrain\inference.log,0.25310313442166765,0.32752965809061385,-0.12341652011486648,0.2341906157507213,0.31051819927358004,-0.44330205296492364,0.06810755549651616,0.10092184764670835,0.1948531553064483,test_26420_35620,40,26420,35620,5,cosine,none
satellite_pretrain,26420,0.0642649446281305,0.0809661570063921,-0.7679614839145167,C:\Users\Admin\Desktop\ShiXiaoYu\data\FineTuneResNet\city_prototypes_per_city\per_city_cluster_20260607_170418,C:\Users\Admin\Desktop\ShiXiaoYu\data\FineTuneResNet\expert_models_runs\expert_run_stage6_9_66fold_test_26420_35620_satellite_pretrain\predictions\step6_expert_summary_student_20260607_170502.json,C:\Users\Admin\Desktop\ShiXiaoYu\data\FineTuneResNet\expert_models_runs\expert_run_stage6_9_66fold_test_26420_35620_satellite_pretrain\predictions\evaluation_student_cbsa26420_knn_k5_none.json,C:\Users\Admin\Desktop\ShiXiaoYu\data\FineTuneResNet\expert_models_runs\expert_run_stage6_9_66fold_test_26420_35620_satellite_pretrain\predictions\predictions_student_cbsa26420_knn_k5_none.csv,C:\Users\Admin\Desktop\ShiXiaoYu\data\3.26plan_tripmode_v2_66fold\folds\test_26420_35620\logs\satellite_pretrain\train.log,C:\Users\Admin\Desktop\ShiXiaoYu\data\3.26plan_tripmode_v2_66fold\folds\test_26420_35620\logs\satellite_pretrain\inference.log,0.08846671343259872,0.1082877210924261,-0.584597025106339,0.05617923617508171,0.0668451494881882,-1.7251342797556353,0.04814888427671106,0.06776560043856202,0.0058468531184240335,test_26420_35620,40,26420,35620,5,cosine,none
satellite_pretrain,35620,0.20441896346196728,0.27491735088682373,-0.38392731106773254,C:\Users\Admin\Desktop\ShiXiaoYu\data\FineTuneResNet\city_prototypes_per_city\per_city_cluster_20260607_170418,C:\Users\Admin\Desktop\ShiXiaoYu\data\FineTuneResNet\expert_models_runs\expert_run_stage6_9_66fold_test_26420_35620_satellite_pretrain\predictions\step6_expert_summary_student_20260607_170502.json,C:\Users\Admin\Desktop\ShiXiaoYu\data\FineTuneResNet\expert_models_runs\expert_run_stage6_9_66fold_test_26420_35620_satellite_pretrain\predictions\evaluation_student_cbsa35620_knn_k5_none.json,C:\Users\Admin\Desktop\ShiXiaoYu\data\FineTuneResNet\expert_models_runs\expert_run_stage6_9_66fold_test_26420_35620_satellite_pretrain\predictions\predictions_student_cbsa35620_knn_k5_none.csv,C:\Users\Admin\Desktop\ShiXiaoYu\data\3.26plan_tripmode_v2_66fold\folds\test_26420_35620\logs\satellite_pretrain\train.log,C:\Users\Admin\Desktop\ShiXiaoYu\data\3.26plan_tripmode_v2_66fold\folds\test_26420_35620\logs\satellite_pretrain\inference.log,0.28535897434465074,0.37320258065353334,-0.4585751786428116,0.25846687674892227,0.3428976023387413,-0.7599973267799793,0.06943103929232881,0.10865186966819658,0.06679057221959339,test_26420_35620,40,26420,35620,5,cosine,none
single_task_backbone_finetune,26420,0.04693172240082969,0.07191628890039152,-0.32943085158196,C:\Users\Admin\Desktop\ShiXiaoYu\data\FineTuneResNet\city_prototypes_per_city\per_city_cluster_20260607_170607,C:\Users\Admin\Desktop\ShiXiaoYu\data\FineTuneResNet\expert_models_runs\expert_run_stage6_9_66fold_test_26420_35620_single_task_backbone_finetune\predictions\step6_expert_summary_student_20260607_170655.json,C:\Users\Admin\Desktop\ShiXiaoYu\data\FineTuneResNet\expert_models_runs\expert_run_stage6_9_66fold_test_26420_35620_single_task_backbone_finetune\predictions\evaluation_student_cbsa26420_knn_k5_none.json,C:\Users\Admin\Desktop\ShiXiaoYu\data\FineTuneResNet\expert_models_runs\expert_run_stage6_9_66fold_test_26420_35620_single_task_backbone_finetune\predictions\predictions_student_cbsa26420_knn_k5_none.csv,C:\Users\Admin\Desktop\ShiXiaoYu\data\3.26plan_tripmode_v2_66fold\folds\test_26420_35620\logs\single_task_backbone_finetune\train.log,C:\Users\Admin\Desktop\ShiXiaoYu\data\3.26plan_tripmode_v2_66fold\folds\test_26420_35620\logs\single_task_backbone_finetune\inference.log,0.06307574134019138,0.09326568476987027,-0.17545003836087458,0.0372731704579558,0.054521141480985955,-0.8129172812580401,0.04044625540434191,0.06796204045031833,7.476487303470503e-05,test_26420_35620,40,26420,35620,5,cosine,none
single_task_backbone_finetune,35620,0.14436438085634026,0.18809431504086271,0.12225839801303735,C:\Users\Admin\Desktop\ShiXiaoYu\data\FineTuneResNet\city_prototypes_per_city\per_city_cluster_20260607_170607,C:\Users\Admin\Desktop\ShiXiaoYu\data\FineTuneResNet\expert_models_runs\expert_run_stage6_9_66fold_test_26420_35620_single_task_backbone_finetune\predictions\step6_expert_summary_student_20260607_170655.json,C:\Users\Admin\Desktop\ShiXiaoYu\data\FineTuneResNet\expert_models_runs\expert_run_stage6_9_66fold_test_26420_35620_single_task_backbone_finetune\predictions\evaluation_student_cbsa35620_knn_k5_none.json,C:\Users\Admin\Desktop\ShiXiaoYu\data\FineTuneResNet\expert_models_runs\expert_run_stage6_9_66fold_test_26420_35620_single_task_backbone_finetune\predictions\predictions_student_cbsa35620_knn_k5_none.csv,C:\Users\Admin\Desktop\ShiXiaoYu\data\3.26plan_tripmode_v2_66fold\folds\test_26420_35620\logs\single_task_backbone_finetune\train.log,C:\Users\Admin\Desktop\ShiXiaoYu\data\3.26plan_tripmode_v2_66fold\folds\test_26420_35620\logs\single_task_backbone_finetune\inference.log,0.15427775010748865,0.19737777071048712,0.5920226794621808,0.17564839444347274,0.23333956218728322,0.18499575885099706,0.10316699801805944,0.13356561222481772,-0.4102432442740658,test_26420_35620,40,26420,35620,5,cosine,none
aef_annual_64d,26420,0.04866620762533208,0.07152364802308427,-0.2684955544991319,C:\Users\Admin\Desktop\ShiXiaoYu\data\FineTuneResNet\city_prototypes_per_city\per_city_cluster_20260607_170755,C:\Users\Admin\Desktop\ShiXiaoYu\data\FineTuneResNet\expert_models_runs\expert_run_stage6_9_66fold_test_26420_38060_aef_annual_64d\predictions\step6_expert_summary_student_20260607_170822.json,C:\Users\Admin\Desktop\ShiXiaoYu\data\FineTuneResNet\expert_models_runs\expert_run_stage6_9_66fold_test_26420_38060_aef_annual_64d\predictions\evaluation_student_cbsa26420_knn_k5_none.json,C:\Users\Admin\Desktop\ShiXiaoYu\data\FineTuneResNet\expert_models_runs\expert_run_stage6_9_66fold_test_26420_38060_aef_annual_64d\predictions\predictions_student_cbsa26420_knn_k5_none.csv,C:\Users\Admin\Desktop\ShiXiaoYu\data\3.26plan_tripmode_v2_66fold\folds\test_26420_38060\logs\aef_annual_64d\train.log,C:\Users\Admin\Desktop\ShiXiaoYu\data\3.26plan_tripmode_v2_66fold\folds\test_26420_38060\logs\aef_annual_64d\inference.log,0.06510193664218648,0.09280040896817315,-0.11639346444108267,0.03924932826559048,0.055826064328990364,-0.7789260277907362,0.041647357968219285,0.06594447077208926,0.08983282873442311,test_26420_38060,41,26420,38060,5,cosine,none
aef_annual_64d,38060,0.054191596394447955,0.06667397697134175,-1.9836031895153674,C:\Users\Admin\Desktop\ShiXiaoYu\data\FineTuneResNet\city_prototypes_per_city\per_city_cluster_20260607_170755,C:\Users\Admin\Desktop\ShiXiaoYu\data\FineTuneResNet\expert_models_runs\expert_run_stage6_9_66fold_test_26420_38060_aef_annual_64d\predictions\step6_expert_summary_student_20260607_170822.json,C:\Users\Admin\Desktop\ShiXiaoYu\data\FineTuneResNet\expert_models_runs\expert_run_stage6_9_66fold_test_26420_38060_aef_annual_64d\predictions\evaluation_student_cbsa38060_knn_k5_none.json,C:\Users\Admin\Desktop\ShiXiaoYu\data\FineTuneResNet\expert_models_runs\expert_run_stage6_9_66fold_test_26420_38060_aef_annual_64d\predictions\predictions_student_cbsa38060_knn_k5_none.csv,C:\Users\Admin\Desktop\ShiXiaoYu\data\3.26plan_tripmode_v2_66fold\folds\test_26420_38060\logs\aef_annual_64d\train.log,C:\Users\Admin\Desktop\ShiXiaoYu\data\3.26plan_tripmode_v2_66fold\folds\test_26420_38060\logs\aef_annual_64d\inference.log,0.07728932487730043,0.09355238991461029,-1.570425810727237,0.04970049792546307,0.058519025648696314,-4.366722621598725,0.035584966380580375,0.04795051535071865,-0.013661136220140202,test_26420_38060,41,26420,38060,5,cosine,none
clay_v1_5_768d,26420,0.07991831580022633,0.10419894949576868,-2.2377412603701266,C:\Users\Admin\Desktop\ShiXiaoYu\data\FineTuneResNet\city_prototypes_per_city\per_city_cluster_20260607_170925,C:\Users\Admin\Desktop\ShiXiaoYu\data\FineTuneResNet\expert_models_runs\expert_run_stage6_9_66fold_test_26420_38060_clay_v1_5_768d\predictions\step6_expert_summary_student_20260607_171004.json,C:\Users\Admin\Desktop\ShiXiaoYu\data\FineTuneResNet\expert_models_runs\expert_run_stage6_9_66fold_test_26420_38060_clay_v1_5_768d\predictions\evaluation_student_cbsa26420_knn_k5_none.json,C:\Users\Admin\Desktop\ShiXiaoYu\data\FineTuneResNet\expert_models_runs\expert_run_stage6_9_66fold_test_26420_38060_clay_v1_5_768d\predictions\predictions_student_cbsa26420_knn_k5_none.csv,C:\Users\Admin\Desktop\ShiXiaoYu\data\3.26plan_tripmode_v2_66fold\folds\test_26420_38060\logs\clay_v1_5_768d\train.log,C:\Users\Admin\Desktop\ShiXiaoYu\data\3.26plan_tripmode_v2_66fold\folds\test_26420_38060\logs\clay_v1_5_768d\inference.log,0.11224223597703137,0.14262959791093413,-1.7490315476351435,0.07521887350165407,0.09783680440491269,-4.837845906345498,0.05229383792199358,0.0721304461714592,-0.12634632712973826,test_26420_38060,41,26420,38060,5,cosine,none
clay_v1_5_768d,38060,0.05151342172393177,0.06292209669067807,-1.707311025436329,C:\Users\Admin\Desktop\ShiXiaoYu\data\FineTuneResNet\city_prototypes_per_city\per_city_cluster_20260607_170925,C:\Users\Admin\Desktop\ShiXiaoYu\data\FineTuneResNet\expert_models_runs\expert_run_stage6_9_66fold_test_26420_38060_clay_v1_5_768d\predictions\step6_expert_summary_student_20260607_171004.json,C:\Users\Admin\Desktop\ShiXiaoYu\data\FineTuneResNet\expert_models_runs\expert_run_stage6_9_66fold_test_26420_38060_clay_v1_5_768d\predictions\evaluation_student_cbsa38060_knn_k5_none.json,C:\Users\Admin\Desktop\ShiXiaoYu\data\FineTuneResNet\expert_models_runs\expert_run_stage6_9_66fold_test_26420_38060_clay_v1_5_768d\predictions\predictions_student_cbsa38060_knn_k5_none.csv,C:\Users\Admin\Desktop\ShiXiaoYu\data\3.26plan_tripmode_v2_66fold\folds\test_26420_38060\logs\clay_v1_5_768d\train.log,C:\Users\Admin\Desktop\ShiXiaoYu\data\3.26plan_tripmode_v2_66fold\folds\test_26420_38060\logs\clay_v1_5_768d\inference.log,0.06700764872732208,0.08088652297126986,-0.9215320576847228,0.049135982966360535,0.05675535334620446,-4.048108029198293,0.0383966334781127,0.051124413754559866,-0.15229298942597125,test_26420_38060,41,26420,38060,5,cosine,none
prithvi_eo_v2_1024d,26420,0.08980059319513985,0.10947415383462798,-2.6860859561991792,C:\Users\Admin\Desktop\ShiXiaoYu\data\FineTuneResNet\city_prototypes_per_city\per_city_cluster_20260607_171106,C:\Users\Admin\Desktop\ShiXiaoYu\data\FineTuneResNet\expert_models_runs\expert_run_stage6_9_66fold_test_26420_38060_prithvi_eo_v2_1024d\predictions\step6_expert_summary_student_20260607_171143.json,C:\Users\Admin\Desktop\ShiXiaoYu\data\FineTuneResNet\expert_models_runs\expert_run_stage6_9_66fold_test_26420_38060_prithvi_eo_v2_1024d\predictions\evaluation_student_cbsa26420_knn_k5_none.json,C:\Users\Admin\Desktop\ShiXiaoYu\data\FineTuneResNet\expert_models_runs\expert_run_stage6_9_66fold_test_26420_38060_prithvi_eo_v2_1024d\predictions\predictions_student_cbsa26420_knn_k5_none.csv,C:\Users\Admin\Desktop\ShiXiaoYu\data\3.26plan_tripmode_v2_66fold\folds\test_26420_38060\logs\prithvi_eo_v2_1024d\train.log,C:\Users\Admin\Desktop\ShiXiaoYu\data\3.26plan_tripmode_v2_66fold\folds\test_26420_38060\logs\prithvi_eo_v2_1024d\inference.log,0.1248006258500838,0.14912129016064077,-2.004967040667196,0.08982250409190316,0.10638227515174573,-5.902185982934382,0.05477864964343262,0.07291889619149743,-0.15110484499596022,test_26420_38060,41,26420,38060,5,cosine,none
prithvi_eo_v2_1024d,38060,0.04471037009277149,0.05571376916607329,-1.0386210109570992,C:\Users\Admin\Desktop\ShiXiaoYu\data\FineTuneResNet\city_prototypes_per_city\per_city_cluster_20260607_171106,C:\Users\Admin\Desktop\ShiXiaoYu\data\FineTuneResNet\expert_models_runs\expert_run_stage6_9_66fold_test_26420_38060_prithvi_eo_v2_1024d\predictions\step6_expert_summary_student_20260607_171143.json,C:\Users\Admin\Desktop\ShiXiaoYu\data\FineTuneResNet\expert_models_runs\expert_run_stage6_9_66fold_test_26420_38060_prithvi_eo_v2_1024d\predictions\evaluation_student_cbsa38060_knn_k5_none.json,C:\Users\Admin\Desktop\ShiXiaoYu\data\FineTuneResNet\expert_models_runs\expert_run_stage6_9_66fold_test_26420_38060_prithvi_eo_v2_1024d\predictions\predictions_student_cbsa38060_knn_k5_none.csv,C:\Users\Admin\Desktop\ShiXiaoYu\data\3.26plan_tripmode_v2_66fold\folds\test_26420_38060\logs\prithvi_eo_v2_1024d\train.log,C:\Users\Admin\Desktop\ShiXiaoYu\data\3.26plan_tripmode_v2_66fold\folds\test_26420_38060\logs\prithvi_eo_v2_1024d\inference.log,0.0571099794719436,0.07079442092215991,-0.4719510501484545,0.043497107080327224,0.048024779720031545,-2.6144792805641264,0.03352402372604364,0.04832210685602843,-0.02943270215871685,test_26420_38060,41,26420,38060,5,cosine,none
imagenet_pretrain,26420,0.06782567827340934,0.08595515560017919,-1.0962826899294444,C:\Users\Admin\Desktop\ShiXiaoYu\data\FineTuneResNet\city_prototypes_per_city\per_city_cluster_20260607_171245,C:\Users\Admin\Desktop\ShiXiaoYu\data\FineTuneResNet\expert_models_runs\expert_run_stage6_9_66fold_test_26420_38060_imagenet_pretrain\predictions\step6_expert_summary_student_20260607_171331.json,C:\Users\Admin\Desktop\ShiXiaoYu\data\FineTuneResNet\expert_models_runs\expert_run_stage6_9_66fold_test_26420_38060_imagenet_pretrain\predictions\evaluation_student_cbsa26420_knn_k5_none.json,C:\Users\Admin\Desktop\ShiXiaoYu\data\FineTuneResNet\expert_models_runs\expert_run_stage6_9_66fold_test_26420_38060_imagenet_pretrain\predictions\predictions_student_cbsa26420_knn_k5_none.csv,C:\Users\Admin\Desktop\ShiXiaoYu\data\3.26plan_tripmode_v2_66fold\folds\test_26420_38060\logs\imagenet_pretrain\train.log,C:\Users\Admin\Desktop\ShiXiaoYu\data\3.26plan_tripmode_v2_66fold\folds\test_26420_38060\logs\imagenet_pretrain\inference.log,0.09277794576293209,0.11392080212598461,-0.7537451235608568,0.06284417500078007,0.07620474766953458,-2.5417032325778033,0.04785491405651581,0.06773991700501836,0.006600286350326945,test_26420_38060,41,26420,38060,5,cosine,none
imagenet_pretrain,38060,0.04535343129571794,0.05672898263951773,-1.151993840196383,C:\Users\Admin\Desktop\ShiXiaoYu\data\FineTuneResNet\city_prototypes_per_city\per_city_cluster_20260607_171245,C:\Users\Admin\Desktop\ShiXiaoYu\data\FineTuneResNet\expert_models_runs\expert_run_stage6_9_66fold_test_26420_38060_imagenet_pretrain\predictions\step6_expert_summary_student_20260607_171331.json,C:\Users\Admin\Desktop\ShiXiaoYu\data\FineTuneResNet\expert_models_runs\expert_run_stage6_9_66fold_test_26420_38060_imagenet_pretrain\predictions\evaluation_student_cbsa38060_knn_k5_none.json,C:\Users\Admin\Desktop\ShiXiaoYu\data\FineTuneResNet\expert_models_runs\expert_run_stage6_9_66fold_test_26420_38060_imagenet_pretrain\predictions\predictions_student_cbsa38060_knn_k5_none.csv,C:\Users\Admin\Desktop\ShiXiaoYu\data\3.26plan_tripmode_v2_66fold\folds\test_26420_38060\logs\imagenet_pretrain\train.log,C:\Users\Admin\Desktop\ShiXiaoYu\data\3.26plan_tripmode_v2_66fold\folds\test_26420_38060\logs\imagenet_pretrain\inference.log,0.059420207769161966,0.07309001594203983,-0.5689583453633769,0.044345695838666405,0.049923633687407584,-2.905956050685248,0.032294390279325465,0.047173298289105776,0.018932875459475973,test_26420_38060,41,26420,38060,5,cosine,none
satellite_pretrain,26420,0.07306352833671763,0.0912152828412429,-1.3944540235102043,C:\Users\Admin\Desktop\ShiXiaoYu\data\FineTuneResNet\city_prototypes_per_city\per_city_cluster_20260607_171436,C:\Users\Admin\Desktop\ShiXiaoYu\data\FineTuneResNet\expert_models_runs\expert_run_stage6_9_66fold_test_26420_38060_satellite_pretrain\predictions\step6_expert_summary_student_20260607_171517.json,C:\Users\Admin\Desktop\ShiXiaoYu\data\FineTuneResNet\expert_models_runs\expert_run_stage6_9_66fold_test_26420_38060_satellite_pretrain\predictions\evaluation_student_cbsa26420_knn_k5_none.json,C:\Users\Admin\Desktop\ShiXiaoYu\data\FineTuneResNet\expert_models_runs\expert_run_stage6_9_66fold_test_26420_38060_satellite_pretrain\predictions\predictions_student_cbsa26420_knn_k5_none.csv,C:\Users\Admin\Desktop\ShiXiaoYu\data\3.26plan_tripmode_v2_66fold\folds\test_26420_38060\logs\satellite_pretrain\train.log,C:\Users\Admin\Desktop\ShiXiaoYu\data\3.26plan_tripmode_v2_66fold\folds\test_26420_38060\logs\satellite_pretrain\inference.log,0.10144498575097248,0.12313913369293703,-1.0490501881808867,0.06846516088278111,0.08224696380779983,-3.1256070305283323,0.04928043837639927,0.06825975102299182,-0.008704851821394133,test_26420_38060,41,26420,38060,5,cosine,none
satellite_pretrain,38060,0.04216093079325681,0.055480524001082866,-1.094869451820968,C:\Users\Admin\Desktop\ShiXiaoYu\data\FineTuneResNet\city_prototypes_per_city\per_city_cluster_20260607_171436,C:\Users\Admin\Desktop\ShiXiaoYu\data\FineTuneResNet\expert_models_runs\expert_run_stage6_9_66fold_test_26420_38060_satellite_pretrain\predictions\step6_expert_summary_student_20260607_171517.json,C:\Users\Admin\Desktop\ShiXiaoYu\data\FineTuneResNet\expert_models_runs\expert_run_stage6_9_66fold_test_26420_38060_satellite_pretrain\predictions\evaluation_student_cbsa38060_knn_k5_none.json,C:\Users\Admin\Desktop\ShiXiaoYu\data\FineTuneResNet\expert_models_runs\expert_run_stage6_9_66fold_test_26420_38060_satellite_pretrain\predictions\predictions_student_cbsa38060_knn_k5_none.csv,C:\Users\Admin\Desktop\ShiXiaoYu\data\3.26plan_tripmode_v2_66fold\folds\test_26420_38060\logs\satellite_pretrain\train.log,C:\Users\Admin\Desktop\ShiXiaoYu\data\3.26plan_tripmode_v2_66fold\folds\test_26420_38060\logs\satellite_pretrain\inference.log,0.054298705412772846,0.06939211227164647,-0.41421524730848636,0.041255498374300426,0.04979581722080673,-2.8859812864221146,0.030928588592697145,0.04725364251079539,0.015588178267696207,test_26420_38060,41,26420,38060,5,cosine,none
single_task_backbone_finetune,26420,0.04576958288281305,0.07070365010670933,-0.27927386099292,C:\Users\Admin\Desktop\ShiXiaoYu\data\FineTuneResNet\city_prototypes_per_city\per_city_cluster_20260607_171617,C:\Users\Admin\Desktop\ShiXiaoYu\data\FineTuneResNet\expert_models_runs\expert_run_stage6_9_66fold_test_26420_38060_single_task_backbone_finetune\predictions\step6_expert_summary_student_20260607_171700.json,C:\Users\Admin\Desktop\ShiXiaoYu\data\FineTuneResNet\expert_models_runs\expert_run_stage6_9_66fold_test_26420_38060_single_task_backbone_finetune\predictions\evaluation_student_cbsa26420_knn_k5_none.json,C:\Users\Admin\Desktop\ShiXiaoYu\data\FineTuneResNet\expert_models_runs\expert_run_stage6_9_66fold_test_26420_38060_single_task_backbone_finetune\predictions\predictions_student_cbsa26420_knn_k5_none.csv,C:\Users\Admin\Desktop\ShiXiaoYu\data\3.26plan_tripmode_v2_66fold\folds\test_26420_38060\logs\single_task_backbone_finetune\train.log,C:\Users\Admin\Desktop\ShiXiaoYu\data\3.26plan_tripmode_v2_66fold\folds\test_26420_38060\logs\single_task_backbone_finetune\inference.log,0.0615371720763819,0.09183902670973998,-0.13976404622884808,0.03618241580244318,0.05314503123162649,-0.7225563675485009,0.039589160769614065,0.0671268923787615,0.024498830798589055,test_26420_38060,41,26420,38060,5,cosine,none
single_task_backbone_finetune,38060,0.036526766566869436,0.04785388717525718,-0.37665480593006223,C:\Users\Admin\Desktop\ShiXiaoYu\data\FineTuneResNet\city_prototypes_per_city\per_city_cluster_20260607_171617,C:\Users\Admin\Desktop\ShiXiaoYu\data\FineTuneResNet\expert_models_runs\expert_run_stage6_9_66fold_test_26420_38060_single_task_backbone_finetune\predictions\step6_expert_summary_student_20260607_171700.json,C:\Users\Admin\Desktop\ShiXiaoYu\data\FineTuneResNet\expert_models_runs\expert_run_stage6_9_66fold_test_26420_38060_single_task_backbone_finetune\predictions\evaluation_student_cbsa38060_knn_k5_none.json,C:\Users\Admin\Desktop\ShiXiaoYu\data\FineTuneResNet\expert_models_runs\expert_run_stage6_9_66fold_test_26420_38060_single_task_backbone_finetune\predictions\predictions_student_cbsa38060_knn_k5_none.csv,C:\Users\Admin\Desktop\ShiXiaoYu\data\3.26plan_tripmode_v2_66fold\folds\test_26420_38060\logs\single_task_backbone_finetune\train.log,C:\Users\Admin\Desktop\ShiXiaoYu\data\3.26plan_tripmode_v2_66fold\folds\test_26420_38060\logs\single_task_backbone_finetune\inference.log,0.04753203814706783,0.060750575181425605,-0.08391715196882443,0.03150999613044475,0.036671263363132575,-1.1074958143727511,0.03053826542309574,0.04613982298121337,0.061448548551388926,test_26420_38060,41,26420,38060,5,cosine,none
aef_annual_64d,26420,0.04925958701887608,0.0738757383644824,-0.3676420799370767,C:\Users\Admin\Desktop\ShiXiaoYu\data\FineTuneResNet\city_prototypes_per_city\per_city_cluster_20260607_171755,C:\Users\Admin\Desktop\ShiXiaoYu\data\FineTuneResNet\expert_models_runs\expert_run_stage6_9_66fold_test_26420_41860_aef_annual_64d\predictions\step6_expert_summary_student_20260607_171820.json,C:\Users\Admin\Desktop\ShiXiaoYu\data\FineTuneResNet\expert_models_runs\expert_run_stage6_9_66fold_test_26420_41860_aef_annual_64d\predictions\evaluation_student_cbsa26420_knn_k5_none.json,C:\Users\Admin\Desktop\ShiXiaoYu\data\FineTuneResNet\expert_models_runs\expert_run_stage6_9_66fold_test_26420_41860_aef_annual_64d\predictions\predictions_student_cbsa26420_knn_k5_none.csv,C:\Users\Admin\Desktop\ShiXiaoYu\data\3.26plan_tripmode_v2_66fold\folds\test_26420_41860\logs\aef_annual_64d\train.log,C:\Users\Admin\Desktop\ShiXiaoYu\data\3.26plan_tripmode_v2_66fold\folds\test_26420_41860\logs\aef_annual_64d\inference.log,0.06636926118846662,0.09643788372629489,-0.20562667410218394,0.039458310975435965,0.0588331468804203,-0.9757319515971119,0.04195118889272567,0.06635618448673199,0.07843238588806578,test_26420_41860,42,26420,41860,5,cosine,none
aef_annual_64d,41860,0.09698482458372963,0.13011692347184386,0.2959926816625201,C:\Users\Admin\Desktop\ShiXiaoYu\data\FineTuneResNet\city_prototypes_per_city\per_city_cluster_20260607_171755,C:\Users\Admin\Desktop\ShiXiaoYu\data\FineTuneResNet\expert_models_runs\expert_run_stage6_9_66fold_test_26420_41860_aef_annual_64d\predictions\step6_expert_summary_student_20260607_171820.json,C:\Users\Admin\Desktop\ShiXiaoYu\data\FineTuneResNet\expert_models_runs\expert_run_stage6_9_66fold_test_26420_41860_aef_annual_64d\predictions\evaluation_student_cbsa41860_knn_k5_none.json,C:\Users\Admin\Desktop\ShiXiaoYu\data\FineTuneResNet\expert_models_runs\expert_run_stage6_9_66fold_test_26420_41860_aef_annual_64d\predictions\predictions_student_cbsa41860_knn_k5_none.csv,C:\Users\Admin\Desktop\ShiXiaoYu\data\3.26plan_tripmode_v2_66fold\folds\test_26420_41860\logs\aef_annual_64d\train.log,C:\Users\Admin\Desktop\ShiXiaoYu\data\3.26plan_tripmode_v2_66fold\folds\test_26420_41860\logs\aef_annual_64d\inference.log,0.12914855863216135,0.1685298602206187,0.40933220995729147,0.0883387608377188,0.11049183976433104,0.21278897718284984,0.0734671542813087,0.1113290704305818,0.26585685784741886,test_26420_41860,42,26420,41860,5,cosine,none
clay_v1_5_768d,26420,0.07960059446422346,0.10078766701613717,-1.9876041774998765,C:\Users\Admin\Desktop\ShiXiaoYu\data\FineTuneResNet\city_prototypes_per_city\per_city_cluster_20260607_171920,C:\Users\Admin\Desktop\ShiXiaoYu\data\FineTuneResNet\expert_models_runs\expert_run_stage6_9_66fold_test_26420_41860_clay_v1_5_768d\predictions\step6_expert_summary_student_20260607_171955.json,C:\Users\Admin\Desktop\ShiXiaoYu\data\FineTuneResNet\expert_models_runs\expert_run_stage6_9_66fold_test_26420_41860_clay_v1_5_768d\predictions\evaluation_student_cbsa26420_knn_k5_none.json,C:\Users\Admin\Desktop\ShiXiaoYu\data\FineTuneResNet\expert_models_runs\expert_run_stage6_9_66fold_test_26420_41860_clay_v1_5_768d\predictions\predictions_student_cbsa26420_knn_k5_none.csv,C:\Users\Admin\Desktop\ShiXiaoYu\data\3.26plan_tripmode_v2_66fold\folds\test_26420_41860\logs\clay_v1_5_768d\train.log,C:\Users\Admin\Desktop\ShiXiaoYu\data\3.26plan_tripmode_v2_66fold\folds\test_26420_41860\logs\clay_v1_5_768d\inference.log,0.1109296742758591,0.13751259127942841,-1.5553202698055184,0.07505195488349846,0.09318159077120837,-4.295516795032201,0.05282015423331283,0.0716688189977747,-0.11197546766191002,test_26420_41860,42,26420,41860,5,cosine,none
clay_v1_5_768d,41860,0.09795765654255327,0.13560119015814812,0.21747757104193433,C:\Users\Admin\Desktop\ShiXiaoYu\data\FineTuneResNet\city_prototypes_per_city\per_city_cluster_20260607_171920,C:\Users\Admin\Desktop\ShiXiaoYu\data\FineTuneResNet\expert_models_runs\expert_run_stage6_9_66fold_test_26420_41860_clay_v1_5_768d\predictions\step6_expert_summary_student_20260607_171955.json,C:\Users\Admin\Desktop\ShiXiaoYu\data\FineTuneResNet\expert_models_runs\expert_run_stage6_9_66fold_test_26420_41860_clay_v1_5_768d\predictions\evaluation_student_cbsa41860_knn_k5_none.json,C:\Users\Admin\Desktop\ShiXiaoYu\data\FineTuneResNet\expert_models_runs\expert_run_stage6_9_66fold_test_26420_41860_clay_v1_5_768d\predictions\predictions_student_cbsa41860_knn_k5_none.csv,C:\Users\Admin\Desktop\ShiXiaoYu\data\3.26plan_tripmode_v2_66fold\folds\test_26420_41860\logs\clay_v1_5_768d\train.log,C:\Users\Admin\Desktop\ShiXiaoYu\data\3.26plan_tripmode_v2_66fold\folds\test_26420_41860\logs\clay_v1_5_768d\inference.log,0.13360617355644575,0.17798402658380427,0.31518918650604233,0.08435793052060842,0.11150969380377461,0.1766869246903291,0.07590886555060564,0.11730985008686545,0.16055660192943155,test_26420_41860,42,26420,41860,5,cosine,none
prithvi_eo_v2_1024d,26420,0.0903786321879404,0.1102380511130336,-2.746393766986751,C:\Users\Admin\Desktop\ShiXiaoYu\data\FineTuneResNet\city_prototypes_per_city\per_city_cluster_20260607_172048,C:\Users\Admin\Desktop\ShiXiaoYu\data\FineTuneResNet\expert_models_runs\expert_run_stage6_9_66fold_test_26420_41860_prithvi_eo_v2_1024d\predictions\step6_expert_summary_student_20260607_172124.json,C:\Users\Admin\Desktop\ShiXiaoYu\data\FineTuneResNet\expert_models_runs\expert_run_stage6_9_66fold_test_26420_41860_prithvi_eo_v2_1024d\predictions\evaluation_student_cbsa26420_knn_k5_none.json,C:\Users\Admin\Desktop\ShiXiaoYu\data\FineTuneResNet\expert_models_runs\expert_run_stage6_9_66fold_test_26420_41860_prithvi_eo_v2_1024d\predictions\predictions_student_cbsa26420_knn_k5_none.csv,C:\Users\Admin\Desktop\ShiXiaoYu\data\3.26plan_tripmode_v2_66fold\folds\test_26420_41860\logs\prithvi_eo_v2_1024d\train.log,C:\Users\Admin\Desktop\ShiXiaoYu\data\3.26plan_tripmode_v2_66fold\folds\test_26420_41860\logs\prithvi_eo_v2_1024d\inference.log,0.1255968622651577,0.15035770127906248,-2.055003857281398,0.09073600244340115,0.10736988556734386,-6.0309351073043755,0.05480303185526235,0.07298656649269449,-0.1532423363744797,test_26420_41860,42,26420,41860,5,cosine,none
prithvi_eo_v2_1024d,41860,0.11629331089633398,0.1767849966396271,-0.30463867937028694,C:\Users\Admin\Desktop\ShiXiaoYu\data\FineTuneResNet\city_prototypes_per_city\per_city_cluster_20260607_172048,C:\Users\Admin\Desktop\ShiXiaoYu\data\FineTuneResNet\expert_models_runs\expert_run_stage6_9_66fold_test_26420_41860_prithvi_eo_v2_1024d\predictions\step6_expert_summary_student_20260607_172124.json,C:\Users\Admin\Desktop\ShiXiaoYu\data\FineTuneResNet\expert_models_runs\expert_run_stage6_9_66fold_test_26420_41860_prithvi_eo_v2_1024d\predictions\evaluation_student_cbsa41860_knn_k5_none.json,C:\Users\Admin\Desktop\ShiXiaoYu\data\FineTuneResNet\expert_models_runs\expert_run_stage6_9_66fold_test_26420_41860_prithvi_eo_v2_1024d\predictions\predictions_student_cbsa41860_knn_k5_none.csv,C:\Users\Admin\Desktop\ShiXiaoYu\data\3.26plan_tripmode_v2_66fold\folds\test_26420_41860\logs\prithvi_eo_v2_1024d\train.log,C:\Users\Admin\Desktop\ShiXiaoYu\data\3.26plan_tripmode_v2_66fold\folds\test_26420_41860\logs\prithvi_eo_v2_1024d\inference.log,0.1628147831462779,0.24567945603648841,-0.3048068792070815,0.10750423826384346,0.1533569485792793,-0.5572082045301383,0.07856091127888055,0.13131858530311363,-0.05190095437364106,test_26420_41860,42,26420,41860,5,cosine,none
imagenet_pretrain,26420,0.06481957126741673,0.08325596387173227,-0.9526569897160423,C:\Users\Admin\Desktop\ShiXiaoYu\data\FineTuneResNet\city_prototypes_per_city\per_city_cluster_20260607_172229,C:\Users\Admin\Desktop\ShiXiaoYu\data\FineTuneResNet\expert_models_runs\expert_run_stage6_9_66fold_test_26420_41860_imagenet_pretrain\predictions\step6_expert_summary_student_20260607_172312.json,C:\Users\Admin\Desktop\ShiXiaoYu\data\FineTuneResNet\expert_models_runs\expert_run_stage6_9_66fold_test_26420_41860_imagenet_pretrain\predictions\evaluation_student_cbsa26420_knn_k5_none.json,C:\Users\Admin\Desktop\ShiXiaoYu\data\FineTuneResNet\expert_models_runs\expert_run_stage6_9_66fold_test_26420_41860_imagenet_pretrain\predictions\predictions_student_cbsa26420_knn_k5_none.csv,C:\Users\Admin\Desktop\ShiXiaoYu\data\3.26plan_tripmode_v2_66fold\folds\test_26420_41860\logs\imagenet_pretrain\train.log,C:\Users\Admin\Desktop\ShiXiaoYu\data\3.26plan_tripmode_v2_66fold\folds\test_26420_41860\logs\imagenet_pretrain\inference.log,0.08841145185103937,0.1097406738269685,-0.6274050265192148,0.05932915463221404,0.07313106972084518,-2.261759690149214,0.04671810731899679,0.0668961480673831,0.031193747520301573,test_26420_41860,42,26420,41860,5,cosine,none
imagenet_pretrain,41860,0.09817280588654993,0.146190686174281,0.10633026821900031,C:\Users\Admin\Desktop\ShiXiaoYu\data\FineTuneResNet\city_prototypes_per_city\per_city_cluster_20260607_172229,C:\Users\Admin\Desktop\ShiXiaoYu\data\FineTuneResNet\expert_models_runs\expert_run_stage6_9_66fold_test_26420_41860_imagenet_pretrain\predictions\step6_expert_summary_student_20260607_172312.json,C:\Users\Admin\Desktop\ShiXiaoYu\data\FineTuneResNet\expert_models_runs\expert_run_stage6_9_66fold_test_26420_41860_imagenet_pretrain\predictions\evaluation_student_cbsa41860_knn_k5_none.json,C:\Users\Admin\Desktop\ShiXiaoYu\data\FineTuneResNet\expert_models_runs\expert_run_stage6_9_66fold_test_26420_41860_imagenet_pretrain\predictions\predictions_student_cbsa41860_knn_k5_none.csv,C:\Users\Admin\Desktop\ShiXiaoYu\data\3.26plan_tripmode_v2_66fold\folds\test_26420_41860\logs\imagenet_pretrain\train.log,C:\Users\Admin\Desktop\ShiXiaoYu\data\3.26plan_tripmode_v2_66fold\folds\test_26420_41860\logs\imagenet_pretrain\inference.log,0.13694055197520438,0.19906063343296965,0.14339753968907354,0.08533311627690843,0.11976597155013938,0.050255800496223246,0.07224474940753702,0.11974545353973395,0.12533746447170413,test_26420_41860,42,26420,41860,5,cosine,none
satellite_pretrain,26420,0.07030158587636309,0.08866173651897974,-1.2491330830022802,C:\Users\Admin\Desktop\ShiXiaoYu\data\FineTuneResNet\city_prototypes_per_city\per_city_cluster_20260607_172413,C:\Users\Admin\Desktop\ShiXiaoYu\data\FineTuneResNet\expert_models_runs\expert_run_stage6_9_66fold_test_26420_41860_satellite_pretrain\predictions\step6_expert_summary_student_20260607_172452.json,C:\Users\Admin\Desktop\ShiXiaoYu\data\FineTuneResNet\expert_models_runs\expert_run_stage6_9_66fold_test_26420_41860_satellite_pretrain\predictions\evaluation_student_cbsa26420_knn_k5_none.json,C:\Users\Admin\Desktop\ShiXiaoYu\data\FineTuneResNet\expert_models_runs\expert_run_stage6_9_66fold_test_26420_41860_satellite_pretrain\predictions\predictions_student_cbsa26420_knn_k5_none.csv,C:\Users\Admin\Desktop\ShiXiaoYu\data\3.26plan_tripmode_v2_66fold\folds\test_26420_41860\logs\satellite_pretrain\train.log,C:\Users\Admin\Desktop\ShiXiaoYu\data\3.26plan_tripmode_v2_66fold\folds\test_26420_41860\logs\satellite_pretrain\inference.log,0.09660539215434163,0.11890303539180036,-0.9104966968202433,0.06569070951914652,0.07940384489062577,-2.8453083743036114,0.04860865595560111,0.06767832927451309,0.00840582211701435,test_26420_41860,42,26420,41860,5,cosine,none
satellite_pretrain,41860,0.09715812623567395,0.14486946634050893,0.11653378662898066,C:\Users\Admin\Desktop\ShiXiaoYu\data\FineTuneResNet\city_prototypes_per_city\per_city_cluster_20260607_172413,C:\Users\Admin\Desktop\ShiXiaoYu\data\FineTuneResNet\expert_models_runs\expert_run_stage6_9_66fold_test_26420_41860_satellite_pretrain\predictions\step6_expert_summary_student_20260607_172452.json,C:\Users\Admin\Desktop\ShiXiaoYu\data\FineTuneResNet\expert_models_runs\expert_run_stage6_9_66fold_test_26420_41860_satellite_pretrain\predictions\evaluation_student_cbsa41860_knn_k5_none.json,C:\Users\Admin\Desktop\ShiXiaoYu\data\FineTuneResNet\expert_models_runs\expert_run_stage6_9_66fold_test_26420_41860_satellite_pretrain\predictions\predictions_student_cbsa41860_knn_k5_none.csv,C:\Users\Admin\Desktop\ShiXiaoYu\data\3.26plan_tripmode_v2_66fold\folds\test_26420_41860\logs\satellite_pretrain\train.log,C:\Users\Admin\Desktop\ShiXiaoYu\data\3.26plan_tripmode_v2_66fold\folds\test_26420_41860\logs\satellite_pretrain\inference.log,0.1335301643610323,0.19427954609431974,0.18405156403726053,0.08352459315323482,0.11753008630167039,0.08538593399477812,0.07441962119275476,0.12279876662553663,0.08016386185490332,test_26420_41860,42,26420,41860,5,cosine,none
single_task_backbone_finetune,26420,0.04494809832726557,0.06982072719568307,-0.24725254623003837,C:\Users\Admin\Desktop\ShiXiaoYu\data\FineTuneResNet\city_prototypes_per_city\per_city_cluster_20260607_172554,C:\Users\Admin\Desktop\ShiXiaoYu\data\FineTuneResNet\expert_models_runs\expert_run_stage6_9_66fold_test_26420_41860_single_task_backbone_finetune\predictions\step6_expert_summary_student_20260607_172635.json,C:\Users\Admin\Desktop\ShiXiaoYu\data\FineTuneResNet\expert_models_runs\expert_run_stage6_9_66fold_test_26420_41860_single_task_backbone_finetune\predictions\evaluation_student_cbsa26420_knn_k5_none.json,C:\Users\Admin\Desktop\ShiXiaoYu\data\FineTuneResNet\expert_models_runs\expert_run_stage6_9_66fold_test_26420_41860_single_task_backbone_finetune\predictions\predictions_student_cbsa26420_knn_k5_none.csv,C:\Users\Admin\Desktop\ShiXiaoYu\data\3.26plan_tripmode_v2_66fold\folds\test_26420_41860\logs\single_task_backbone_finetune\train.log,C:\Users\Admin\Desktop\ShiXiaoYu\data\3.26plan_tripmode_v2_66fold\folds\test_26420_41860\logs\single_task_backbone_finetune\inference.log,0.06039424233173912,0.09021112867570898,-0.09971624647988397,0.035179281184010265,0.05239835327278273,-0.6744931924340112,0.03927077146604732,0.06685269963855747,0.032451800223780025,test_26420_41860,42,26420,41860,5,cosine,none
single_task_backbone_finetune,41860,0.0785150287266312,0.11067320749703534,0.4654694699614131,C:\Users\Admin\Desktop\ShiXiaoYu\data\FineTuneResNet\city_prototypes_per_city\per_city_cluster_20260607_172554,C:\Users\Admin\Desktop\ShiXiaoYu\data\FineTuneResNet\expert_models_runs\expert_run_stage6_9_66fold_test_26420_41860_single_task_backbone_finetune\predictions\step6_expert_summary_student_20260607_172635.json,C:\Users\Admin\Desktop\ShiXiaoYu\data\FineTuneResNet\expert_models_runs\expert_run_stage6_9_66fold_test_26420_41860_single_task_backbone_finetune\predictions\evaluation_student_cbsa41860_knn_k5_none.json,C:\Users\Admin\Desktop\ShiXiaoYu\data\FineTuneResNet\expert_models_runs\expert_run_stage6_9_66fold_test_26420_41860_single_task_backbone_finetune\predictions\predictions_student_cbsa41860_knn_k5_none.csv,C:\Users\Admin\Desktop\ShiXiaoYu\data\3.26plan_tripmode_v2_66fold\folds\test_26420_41860\logs\single_task_backbone_finetune\train.log,C:\Users\Admin\Desktop\ShiXiaoYu\data\3.26plan_tripmode_v2_66fold\folds\test_26420_41860\logs\single_task_backbone_finetune\inference.log,0.10086639092639098,0.1392006553914479,0.581118563619343,0.07233782998606146,0.09826740198819028,0.3606204898301574,0.062340865267441176,0.09455156511146783,0.45466935643473894,test_26420_41860,42,26420,41860,5,cosine,none
aef_annual_64d,26420,0.049691679568732605,0.07352324754374218,-0.36017029788786675,C:\Users\Admin\Desktop\ShiXiaoYu\data\FineTuneResNet\city_prototypes_per_city\per_city_cluster_20260607_172731,C:\Users\Admin\Desktop\ShiXiaoYu\data\FineTuneResNet\expert_models_runs\expert_run_stage6_9_66fold_test_26420_42660_aef_annual_64d\predictions\step6_expert_summary_student_20260607_172754.json,C:\Users\Admin\Desktop\ShiXiaoYu\data\FineTuneResNet\expert_models_runs\expert_run_stage6_9_66fold_test_26420_42660_aef_annual_64d\predictions\evaluation_student_cbsa26420_knn_k5_none.json,C:\Users\Admin\Desktop\ShiXiaoYu\data\FineTuneResNet\expert_models_runs\expert_run_stage6_9_66fold_test_26420_42660_aef_annual_64d\predictions\predictions_student_cbsa26420_knn_k5_none.csv,C:\Users\Admin\Desktop\ShiXiaoYu\data\3.26plan_tripmode_v2_66fold\folds\test_26420_42660\logs\aef_annual_64d\train.log,C:\Users\Admin\Desktop\ShiXiaoYu\data\3.26plan_tripmode_v2_66fold\folds\test_26420_42660\logs\aef_annual_64d\inference.log,0.06644537686390217,0.0955459406490311,-0.18342839625890672,0.04077495809713263,0.05894378575286949,-0.983169877482746,0.041854703745162994,0.06608001622932592,0.08608738007805228,test_26420_42660,43,26420,42660,5,cosine,none
aef_annual_64d,42660,0.06201852992215268,0.08627578936545233,0.39588420255217943,C:\Users\Admin\Desktop\ShiXiaoYu\data\FineTuneResNet\city_prototypes_per_city\per_city_cluster_20260607_172731,C:\Users\Admin\Desktop\ShiXiaoYu\data\FineTuneResNet\expert_models_runs\expert_run_stage6_9_66fold_test_26420_42660_aef_annual_64d\predictions\step6_expert_summary_student_20260607_172754.json,C:\Users\Admin\Desktop\ShiXiaoYu\data\FineTuneResNet\expert_models_runs\expert_run_stage6_9_66fold_test_26420_42660_aef_annual_64d\predictions\evaluation_student_cbsa42660_knn_k5_none.json,C:\Users\Admin\Desktop\ShiXiaoYu\data\FineTuneResNet\expert_models_runs\expert_run_stage6_9_66fold_test_26420_42660_aef_annual_64d\predictions\predictions_student_cbsa42660_knn_k5_none.csv,C:\Users\Admin\Desktop\ShiXiaoYu\data\3.26plan_tripmode_v2_66fold\folds\test_26420_42660\logs\aef_annual_64d\train.log,C:\Users\Admin\Desktop\ShiXiaoYu\data\3.26plan_tripmode_v2_66fold\folds\test_26420_42660\logs\aef_annual_64d\inference.log,0.07927133396904172,0.10405619334008717,0.5807151089814284,0.05444116182011309,0.07411368153974772,0.24171663525837894,0.05234309397730324,0.08065749321652213,0.3652208634167311,test_26420_42660,43,26420,42660,5,cosine,none
clay_v1_5_768d,26420,0.07980275636367644,0.101842854049097,-2.0300766543515767,C:\Users\Admin\Desktop\ShiXiaoYu\data\FineTuneResNet\city_prototypes_per_city\per_city_cluster_20260607_172853,C:\Users\Admin\Desktop\ShiXiaoYu\data\FineTuneResNet\expert_models_runs\expert_run_stage6_9_66fold_test_26420_42660_clay_v1_5_768d\predictions\step6_expert_summary_student_20260607_172927.json,C:\Users\Admin\Desktop\ShiXiaoYu\data\FineTuneResNet\expert_models_runs\expert_run_stage6_9_66fold_test_26420_42660_clay_v1_5_768d\predictions\evaluation_student_cbsa26420_knn_k5_none.json,C:\Users\Admin\Desktop\ShiXiaoYu\data\FineTuneResNet\expert_models_runs\expert_run_stage6_9_66fold_test_26420_42660_clay_v1_5_768d\predictions\predictions_student_cbsa26420_knn_k5_none.csv,C:\Users\Admin\Desktop\ShiXiaoYu\data\3.26plan_tripmode_v2_66fold\folds\test_26420_42660\logs\clay_v1_5_768d\train.log,C:\Users\Admin\Desktop\ShiXiaoYu\data\3.26plan_tripmode_v2_66fold\folds\test_26420_42660\logs\clay_v1_5_768d\inference.log,0.11126546548550988,0.13901547618676238,-1.6114800435794923,0.07438824638427452,0.09341380136295024,-4.321942771819375,0.05375455722124491,0.07309928459757838,-0.15680714765586368,test_26420_42660,43,26420,42660,5,cosine,none
clay_v1_5_768d,42660,0.07345026453026628,0.10540928259040623,0.1350013352446561,C:\Users\Admin\Desktop\ShiXiaoYu\data\FineTuneResNet\city_prototypes_per_city\per_city_cluster_20260607_172853,C:\Users\Admin\Desktop\ShiXiaoYu\data\FineTuneResNet\expert_models_runs\expert_run_stage6_9_66fold_test_26420_42660_clay_v1_5_768d\predictions\step6_expert_summary_student_20260607_172927.json,C:\Users\Admin\Desktop\ShiXiaoYu\data\FineTuneResNet\expert_models_runs\expert_run_stage6_9_66fold_test_26420_42660_clay_v1_5_768d\predictions\evaluation_student_cbsa42660_knn_k5_none.json,C:\Users\Admin\Desktop\ShiXiaoYu\data\FineTuneResNet\expert_models_runs\expert_run_stage6_9_66fold_test_26420_42660_clay_v1_5_768d\predictions\predictions_student_cbsa42660_knn_k5_none.csv,C:\Users\Admin\Desktop\ShiXiaoYu\data\3.26plan_tripmode_v2_66fold\folds\test_26420_42660\logs\clay_v1_5_768d\train.log,C:\Users\Admin\Desktop\ShiXiaoYu\data\3.26plan_tripmode_v2_66fold\folds\test_26420_42660\logs\clay_v1_5_768d\inference.log,0.10172876466495485,0.13865085256911922,0.25557931315327065,0.06301665766831233,0.0877907875203858,-0.06397799027087059,0.05560537125753167,0.0897862076817137,0.21340268285156827,test_26420_42660,43,26420,42660,5,cosine,none
prithvi_eo_v2_1024d,26420,0.09588354198980627,0.11643739191917833,-3.3093749690186662,C:\Users\Admin\Desktop\ShiXiaoYu\data\FineTuneResNet\city_prototypes_per_city\per_city_cluster_20260607_173027,C:\Users\Admin\Desktop\ShiXiaoYu\data\FineTuneResNet\expert_models_runs\expert_run_stage6_9_66fold_test_26420_42660_prithvi_eo_v2_1024d\predictions\step6_expert_summary_student_20260607_173100.json,C:\Users\Admin\Desktop\ShiXiaoYu\data\FineTuneResNet\expert_models_runs\expert_run_stage6_9_66fold_test_26420_42660_prithvi_eo_v2_1024d\predictions\evaluation_student_cbsa26420_knn_k5_none.json,C:\Users\Admin\Desktop\ShiXiaoYu\data\FineTuneResNet\expert_models_runs\expert_run_stage6_9_66fold_test_26420_42660_prithvi_eo_v2_1024d\predictions\predictions_student_cbsa26420_knn_k5_none.csv,C:\Users\Admin\Desktop\ShiXiaoYu\data\3.26plan_tripmode_v2_66fold\folds\test_26420_42660\logs\prithvi_eo_v2_1024d\train.log,C:\Users\Admin\Desktop\ShiXiaoYu\data\3.26plan_tripmode_v2_66fold\folds\test_26420_42660\logs\prithvi_eo_v2_1024d\inference.log,0.13368680037130684,0.1585825546436252,-2.398374430871235,0.09821260009054905,0.11703779233052365,-7.354113116264319,0.05575122550756292,0.07369182878338616,-0.1756373599204435,test_26420_42660,43,26420,42660,5,cosine,none
prithvi_eo_v2_1024d,42660,0.10396766113034848,0.12821107675771024,-0.29148898419025404,C:\Users\Admin\Desktop\ShiXiaoYu\data\FineTuneResNet\city_prototypes_per_city\per_city_cluster_20260607_173027,C:\Users\Admin\Desktop\ShiXiaoYu\data\FineTuneResNet\expert_models_runs\expert_run_stage6_9_66fold_test_26420_42660_prithvi_eo_v2_1024d\predictions\step6_expert_summary_student_20260607_173100.json,C:\Users\Admin\Desktop\ShiXiaoYu\data\FineTuneResNet\expert_models_runs\expert_run_stage6_9_66fold_test_26420_42660_prithvi_eo_v2_1024d\predictions\evaluation_student_cbsa42660_knn_k5_none.json,C:\Users\Admin\Desktop\ShiXiaoYu\data\FineTuneResNet\expert_models_runs\expert_run_stage6_9_66fold_test_26420_42660_prithvi_eo_v2_1024d\predictions\predictions_student_cbsa42660_knn_k5_none.csv,C:\Users\Admin\Desktop\ShiXiaoYu\data\3.26plan_tripmode_v2_66fold\folds\test_26420_42660\logs\prithvi_eo_v2_1024d\train.log,C:\Users\Admin\Desktop\ShiXiaoYu\data\3.26plan_tripmode_v2_66fold\folds\test_26420_42660\logs\prithvi_eo_v2_1024d\inference.log,0.14682260452671747,0.1729372685765439,-0.1581119292191131,0.09573019687491485,0.11326210219194664,-0.7709405836290251,0.06935018198941312,0.09843385950464015,0.054585560277376044,test_26420_42660,43,26420,42660,5,cosine,none
imagenet_pretrain,26420,0.06533978165202471,0.0840051270849954,-0.9983544482906543,C:\Users\Admin\Desktop\ShiXiaoYu\data\FineTuneResNet\city_prototypes_per_city\per_city_cluster_20260607_173202,C:\Users\Admin\Desktop\ShiXiaoYu\data\FineTuneResNet\expert_models_runs\expert_run_stage6_9_66fold_test_26420_42660_imagenet_pretrain\predictions\step6_expert_summary_student_20260607_173243.json,C:\Users\Admin\Desktop\ShiXiaoYu\data\FineTuneResNet\expert_models_runs\expert_run_stage6_9_66fold_test_26420_42660_imagenet_pretrain\predictions\evaluation_student_cbsa26420_knn_k5_none.json,C:\Users\Admin\Desktop\ShiXiaoYu\data\FineTuneResNet\expert_models_runs\expert_run_stage6_9_66fold_test_26420_42660_imagenet_pretrain\predictions\predictions_student_cbsa26420_knn_k5_none.csv,C:\Users\Admin\Desktop\ShiXiaoYu\data\3.26plan_tripmode_v2_66fold\folds\test_26420_42660\logs\imagenet_pretrain\train.log,C:\Users\Admin\Desktop\ShiXiaoYu\data\3.26plan_tripmode_v2_66fold\folds\test_26420_42660\logs\imagenet_pretrain\inference.log,0.08906926657743366,0.110895452861394,-0.6618349393570799,0.06055690123959085,0.07429616331186724,-2.3665175547203634,0.046393177139049634,0.06682376508172495,0.03328914920548043,test_26420_42660,43,26420,42660,5,cosine,none
imagenet_pretrain,42660,0.06567955530153412,0.10232377876688487,0.1964234973951887,C:\Users\Admin\Desktop\ShiXiaoYu\data\FineTuneResNet\city_prototypes_per_city\per_city_cluster_20260607_173202,C:\Users\Admin\Desktop\ShiXiaoYu\data\FineTuneResNet\expert_models_runs\expert_run_stage6_9_66fold_test_26420_42660_imagenet_pretrain\predictions\step6_expert_summary_student_20260607_173243.json,C:\Users\Admin\Desktop\ShiXiaoYu\data\FineTuneResNet\expert_models_runs\expert_run_stage6_9_66fold_test_26420_42660_imagenet_pretrain\predictions\evaluation_student_cbsa42660_knn_k5_none.json,C:\Users\Admin\Desktop\ShiXiaoYu\data\FineTuneResNet\expert_models_runs\expert_run_stage6_9_66fold_test_26420_42660_imagenet_pretrain\predictions\predictions_student_cbsa42660_knn_k5_none.csv,C:\Users\Admin\Desktop\ShiXiaoYu\data\3.26plan_tripmode_v2_66fold\folds\test_26420_42660\logs\imagenet_pretrain\train.log,C:\Users\Admin\Desktop\ShiXiaoYu\data\3.26plan_tripmode_v2_66fold\folds\test_26420_42660\logs\imagenet_pretrain\inference.log,0.09083047021954954,0.13633246214548095,0.2802661963065879,0.056250403450903486,0.08125053312131436,0.08864581348199674,0.04995779223414932,0.0893883410338593,0.22035848239698141,test_26420_42660,43,26420,42660,5,cosine,none
satellite_pretrain,26420,0.07084545856428694,0.08874931644986424,-1.2848484634746267,C:\Users\Admin\Desktop\ShiXiaoYu\data\FineTuneResNet\city_prototypes_per_city\per_city_cluster_20260607_173339,C:\Users\Admin\Desktop\ShiXiaoYu\data\FineTuneResNet\expert_models_runs\expert_run_stage6_9_66fold_test_26420_42660_satellite_pretrain\predictions\step6_expert_summary_student_20260607_173416.json,C:\Users\Admin\Desktop\ShiXiaoYu\data\FineTuneResNet\expert_models_runs\expert_run_stage6_9_66fold_test_26420_42660_satellite_pretrain\predictions\evaluation_student_cbsa26420_knn_k5_none.json,C:\Users\Admin\Desktop\ShiXiaoYu\data\FineTuneResNet\expert_models_runs\expert_run_stage6_9_66fold_test_26420_42660_satellite_pretrain\predictions\predictions_student_cbsa26420_knn_k5_none.csv,C:\Users\Admin\Desktop\ShiXiaoYu\data\3.26plan_tripmode_v2_66fold\folds\test_26420_42660\logs\satellite_pretrain\train.log,C:\Users\Admin\Desktop\ShiXiaoYu\data\3.26plan_tripmode_v2_66fold\folds\test_26420_42660\logs\satellite_pretrain\inference.log,0.09721472138964485,0.11745551946199839,-0.8642633763226801,0.06706484681141156,0.08091185106258286,-2.992752431506292,0.04825680749180439,0.06788057882501145,0.002470417405092018,test_26420_42660,43,26420,42660,5,cosine,none
satellite_pretrain,42660,0.09007417969520844,0.11915666443581992,-0.08175492061201735,C:\Users\Admin\Desktop\ShiXiaoYu\data\FineTuneResNet\city_prototypes_per_city\per_city_cluster_20260607_173339,C:\Users\Admin\Desktop\ShiXiaoYu\data\FineTuneResNet\expert_models_runs\expert_run_stage6_9_66fold_test_26420_42660_satellite_pretrain\predictions\step6_expert_summary_student_20260607_173416.json,C:\Users\Admin\Desktop\ShiXiaoYu\data\FineTuneResNet\expert_models_runs\expert_run_stage6_9_66fold_test_26420_42660_satellite_pretrain\predictions\evaluation_student_cbsa42660_knn_k5_none.json,C:\Users\Admin\Desktop\ShiXiaoYu\data\FineTuneResNet\expert_models_runs\expert_run_stage6_9_66fold_test_26420_42660_satellite_pretrain\predictions\predictions_student_cbsa42660_knn_k5_none.csv,C:\Users\Admin\Desktop\ShiXiaoYu\data\3.26plan_tripmode_v2_66fold\folds\test_26420_42660\logs\satellite_pretrain\train.log,C:\Users\Admin\Desktop\ShiXiaoYu\data\3.26plan_tripmode_v2_66fold\folds\test_26420_42660\logs\satellite_pretrain\inference.log,0.1274225227172944,0.16202071242907667,-0.016516469629752173,0.07770939755560423,0.0947451658749627,-0.23922131652075507,0.06509061881272672,0.10070411500342036,0.010473024314455182,test_26420_42660,43,26420,42660,5,cosine,none
single_task_backbone_finetune,26420,0.04605515142418135,0.07067543121577241,-0.27704739305728826,C:\Users\Admin\Desktop\ShiXiaoYu\data\FineTuneResNet\city_prototypes_per_city\per_city_cluster_20260607_173513,C:\Users\Admin\Desktop\ShiXiaoYu\data\FineTuneResNet\expert_models_runs\expert_run_stage6_9_66fold_test_26420_42660_single_task_backbone_finetune\predictions\step6_expert_summary_student_20260607_173553.json,C:\Users\Admin\Desktop\ShiXiaoYu\data\FineTuneResNet\expert_models_runs\expert_run_stage6_9_66fold_test_26420_42660_single_task_backbone_finetune\predictions\evaluation_student_cbsa26420_knn_k5_none.json,C:\Users\Admin\Desktop\ShiXiaoYu\data\FineTuneResNet\expert_models_runs\expert_run_stage6_9_66fold_test_26420_42660_single_task_backbone_finetune\predictions\predictions_student_cbsa26420_knn_k5_none.csv,C:\Users\Admin\Desktop\ShiXiaoYu\data\3.26plan_tripmode_v2_66fold\folds\test_26420_42660\logs\single_task_backbone_finetune\train.log,C:\Users\Admin\Desktop\ShiXiaoYu\data\3.26plan_tripmode_v2_66fold\folds\test_26420_42660\logs\single_task_backbone_finetune\inference.log,0.062093152849329446,0.09181779311279772,-0.1392370699855201,0.036447684638695715,0.05302426390632764,-0.7147365523269966,0.0396246167845189,0.06718423662819187,0.022831443140651997,test_26420_42660,43,26420,42660,5,cosine,none
single_task_backbone_finetune,42660,0.06613143761774569,0.09138776597626451,0.3457128123759437,C:\Users\Admin\Desktop\ShiXiaoYu\data\FineTuneResNet\city_prototypes_per_city\per_city_cluster_20260607_173513,C:\Users\Admin\Desktop\ShiXiaoYu\data\FineTuneResNet\expert_models_runs\expert_run_stage6_9_66fold_test_26420_42660_single_task_backbone_finetune\predictions\step6_expert_summary_student_20260607_173553.json,C:\Users\Admin\Desktop\ShiXiaoYu\data\FineTuneResNet\expert_models_runs\expert_run_stage6_9_66fold_test_26420_42660_single_task_backbone_finetune\predictions\evaluation_student_cbsa42660_knn_k5_none.json,C:\Users\Admin\Desktop\ShiXiaoYu\data\FineTuneResNet\expert_models_runs\expert_run_stage6_9_66fold_test_26420_42660_single_task_backbone_finetune\predictions\predictions_student_cbsa42660_knn_k5_none.csv,C:\Users\Admin\Desktop\ShiXiaoYu\data\3.26plan_tripmode_v2_66fold\folds\test_26420_42660\logs\single_task_backbone_finetune\train.log,C:\Users\Admin\Desktop\ShiXiaoYu\data\3.26plan_tripmode_v2_66fold\folds\test_26420_42660\logs\single_task_backbone_finetune\inference.log,0.08996712189561369,0.11867323704047007,0.4546454737543094,0.05756004096720317,0.07663975442811216,0.18914543997010114,0.050867149990420205,0.07885030646021128,0.3933475234034206,test_26420_42660,43,26420,42660,5,cosine,none
aef_annual_64d,26420,0.04667345582514329,0.06942081586886878,-0.18831169752782562,C:\Users\Admin\Desktop\ShiXiaoYu\data\FineTuneResNet\city_prototypes_per_city\per_city_cluster_20260607_173641,C:\Users\Admin\Desktop\ShiXiaoYu\data\FineTuneResNet\expert_models_runs\expert_run_stage6_9_66fold_test_26420_47900_aef_annual_64d\predictions\step6_expert_summary_student_20260607_173708.json,C:\Users\Admin\Desktop\ShiXiaoYu\data\FineTuneResNet\expert_models_runs\expert_run_stage6_9_66fold_test_26420_47900_aef_annual_64d\predictions\evaluation_student_cbsa26420_knn_k5_none.json,C:\Users\Admin\Desktop\ShiXiaoYu\data\FineTuneResNet\expert_models_runs\expert_run_stage6_9_66fold_test_26420_47900_aef_annual_64d\predictions\predictions_student_cbsa26420_knn_k5_none.csv,C:\Users\Admin\Desktop\ShiXiaoYu\data\3.26plan_tripmode_v2_66fold\folds\test_26420_47900\logs\aef_annual_64d\train.log,C:\Users\Admin\Desktop\ShiXiaoYu\data\3.26plan_tripmode_v2_66fold\folds\test_26420_47900\logs\aef_annual_64d\inference.log,0.06213567536712453,0.08922364184561063,-0.031994533606447106,0.036755436671335774,0.0535049044631274,-0.6340714864809587,0.04112925543696957,0.0655339012978683,0.10113092750392894,test_26420_47900,44,26420,47900,5,cosine,none
aef_annual_64d,47900,0.06311520854595992,0.10013779260713386,0.45795611097222394,C:\Users\Admin\Desktop\ShiXiaoYu\data\FineTuneResNet\city_prototypes_per_city\per_city_cluster_20260607_173641,C:\Users\Admin\Desktop\ShiXiaoYu\data\FineTuneResNet\expert_models_runs\expert_run_stage6_9_66fold_test_26420_47900_aef_annual_64d\predictions\step6_expert_summary_student_20260607_173708.json,C:\Users\Admin\Desktop\ShiXiaoYu\data\FineTuneResNet\expert_models_runs\expert_run_stage6_9_66fold_test_26420_47900_aef_annual_64d\predictions\evaluation_student_cbsa47900_knn_k5_none.json,C:\Users\Admin\Desktop\ShiXiaoYu\data\FineTuneResNet\expert_models_runs\expert_run_stage6_9_66fold_test_26420_47900_aef_annual_64d\predictions\predictions_student_cbsa47900_knn_k5_none.csv,C:\Users\Admin\Desktop\ShiXiaoYu\data\3.26plan_tripmode_v2_66fold\folds\test_26420_47900\logs\aef_annual_64d\train.log,C:\Users\Admin\Desktop\ShiXiaoYu\data\3.26plan_tripmode_v2_66fold\folds\test_26420_47900\logs\aef_annual_64d\inference.log,0.08264419765187708,0.1253256988773924,0.5619350474958809,0.06116142586067045,0.09562945512573977,0.3864492949007753,0.04554000212533225,0.07945822381826943,0.4254839905200156,test_26420_47900,44,26420,47900,5,cosine,none
clay_v1_5_768d,26420,0.07961678547553473,0.10197016627737084,-2.056331589532135,C:\Users\Admin\Desktop\ShiXiaoYu\data\FineTuneResNet\city_prototypes_per_city\per_city_cluster_20260607_173800,C:\Users\Admin\Desktop\ShiXiaoYu\data\FineTuneResNet\expert_models_runs\expert_run_stage6_9_66fold_test_26420_47900_clay_v1_5_768d\predictions\step6_expert_summary_student_20260607_173838.json,C:\Users\Admin\Desktop\ShiXiaoYu\data\FineTuneResNet\expert_models_runs\expert_run_stage6_9_66fold_test_26420_47900_clay_v1_5_768d\predictions\evaluation_student_cbsa26420_knn_k5_none.json,C:\Users\Admin\Desktop\ShiXiaoYu\data\FineTuneResNet\expert_models_runs\expert_run_stage6_9_66fold_test_26420_47900_clay_v1_5_768d\predictions\predictions_student_cbsa26420_knn_k5_none.csv,C:\Users\Admin\Desktop\ShiXiaoYu\data\3.26plan_tripmode_v2_66fold\folds\test_26420_47900\logs\clay_v1_5_768d\train.log,C:\Users\Admin\Desktop\ShiXiaoYu\data\3.26plan_tripmode_v2_66fold\folds\test_26420_47900\logs\clay_v1_5_768d\inference.log,0.11097089129129271,0.13933981496391698,-1.6236800136166543,0.07468301369644412,0.0941946295255677,-4.411284825064896,0.05319645143886735,0.07237605434262784,-0.13402992991485485,test_26420_47900,44,26420,47900,5,cosine,none
clay_v1_5_768d,47900,0.07920126418250507,0.11769506040104018,0.2603873670807543,C:\Users\Admin\Desktop\ShiXiaoYu\data\FineTuneResNet\city_prototypes_per_city\per_city_cluster_20260607_173800,C:\Users\Admin\Desktop\ShiXiaoYu\data\FineTuneResNet\expert_models_runs\expert_run_stage6_9_66fold_test_26420_47900_clay_v1_5_768d\predictions\step6_expert_summary_student_20260607_173838.json,C:\Users\Admin\Desktop\ShiXiaoYu\data\FineTuneResNet\expert_models_runs\expert_run_stage6_9_66fold_test_26420_47900_clay_v1_5_768d\predictions\evaluation_student_cbsa47900_knn_k5_none.json,C:\Users\Admin\Desktop\ShiXiaoYu\data\FineTuneResNet\expert_models_runs\expert_run_stage6_9_66fold_test_26420_47900_clay_v1_5_768d\predictions\predictions_student_cbsa47900_knn_k5_none.csv,C:\Users\Admin\Desktop\ShiXiaoYu\data\3.26plan_tripmode_v2_66fold\folds\test_26420_47900\logs\clay_v1_5_768d\train.log,C:\Users\Admin\Desktop\ShiXiaoYu\data\3.26plan_tripmode_v2_66fold\folds\test_26420_47900\logs\clay_v1_5_768d\inference.log,0.10656527572914581,0.1524163043388814,0.35208043781005893,0.073103852512622,0.10549728869882077,0.2532939095416067,0.0579346643057474,0.09517158816541837,0.1757877538905972,test_26420_47900,44,26420,47900,5,cosine,none
prithvi_eo_v2_1024d,26420,0.09046697123441876,0.11115553131150753,-2.827499060999403,C:\Users\Admin\Desktop\ShiXiaoYu\data\FineTuneResNet\city_prototypes_per_city\per_city_cluster_20260607_173929,C:\Users\Admin\Desktop\ShiXiaoYu\data\FineTuneResNet\expert_models_runs\expert_run_stage6_9_66fold_test_26420_47900_prithvi_eo_v2_1024d\predictions\step6_expert_summary_student_20260607_174007.json,C:\Users\Admin\Desktop\ShiXiaoYu\data\FineTuneResNet\expert_models_runs\expert_run_stage6_9_66fold_test_26420_47900_prithvi_eo_v2_1024d\predictions\evaluation_student_cbsa26420_knn_k5_none.json,C:\Users\Admin\Desktop\ShiXiaoYu\data\FineTuneResNet\expert_models_runs\expert_run_stage6_9_66fold_test_26420_47900_prithvi_eo_v2_1024d\predictions\predictions_student_cbsa26420_knn_k5_none.csv,C:\Users\Admin\Desktop\ShiXiaoYu\data\3.26plan_tripmode_v2_66fold\folds\test_26420_47900\logs\prithvi_eo_v2_1024d\train.log,C:\Users\Admin\Desktop\ShiXiaoYu\data\3.26plan_tripmode_v2_66fold\folds\test_26420_47900\logs\prithvi_eo_v2_1024d\inference.log,0.1256498828984971,0.1518488509638621,-2.1158994027889544,0.09138815104922175,0.10879213890923316,-6.218436488448356,0.054362879755537406,0.07282560406142734,-0.14816129176089832,test_26420_47900,44,26420,47900,5,cosine,none
prithvi_eo_v2_1024d,47900,0.10320614302759616,0.147187259499255,-0.11989637808562074,C:\Users\Admin\Desktop\ShiXiaoYu\data\FineTuneResNet\city_prototypes_per_city\per_city_cluster_20260607_173929,C:\Users\Admin\Desktop\ShiXiaoYu\data\FineTuneResNet\expert_models_runs\expert_run_stage6_9_66fold_test_26420_47900_prithvi_eo_v2_1024d\predictions\step6_expert_summary_student_20260607_174007.json,C:\Users\Admin\Desktop\ShiXiaoYu\data\FineTuneResNet\expert_models_runs\expert_run_stage6_9_66fold_test_26420_47900_prithvi_eo_v2_1024d\predictions\evaluation_student_cbsa47900_knn_k5_none.json,C:\Users\Admin\Desktop\ShiXiaoYu\data\FineTuneResNet\expert_models_runs\expert_run_stage6_9_66fold_test_26420_47900_prithvi_eo_v2_1024d\predictions\predictions_student_cbsa47900_knn_k5_none.csv,C:\Users\Admin\Desktop\ShiXiaoYu\data\3.26plan_tripmode_v2_66fold\folds\test_26420_47900\logs\prithvi_eo_v2_1024d\train.log,C:\Users\Admin\Desktop\ShiXiaoYu\data\3.26plan_tripmode_v2_66fold\folds\test_26420_47900\logs\prithvi_eo_v2_1024d\inference.log,0.14539750209554034,0.2017927177700385,-0.13571462263629264,0.09786899935620201,0.13308395906130996,-0.1882792708792571,0.06635192763104612,0.10668510166641658,-0.03569524074131247,test_26420_47900,44,26420,47900,5,cosine,none
imagenet_pretrain,26420,0.06551727611376038,0.08410704738617958,-0.9770487651017498,C:\Users\Admin\Desktop\ShiXiaoYu\data\FineTuneResNet\city_prototypes_per_city\per_city_cluster_20260607_174101,C:\Users\Admin\Desktop\ShiXiaoYu\data\FineTuneResNet\expert_models_runs\expert_run_stage6_9_66fold_test_26420_47900_imagenet_pretrain\predictions\step6_expert_summary_student_20260607_174145.json,C:\Users\Admin\Desktop\ShiXiaoYu\data\FineTuneResNet\expert_models_runs\expert_run_stage6_9_66fold_test_26420_47900_imagenet_pretrain\predictions\evaluation_student_cbsa26420_knn_k5_none.json,C:\Users\Admin\Desktop\ShiXiaoYu\data\FineTuneResNet\expert_models_runs\expert_run_stage6_9_66fold_test_26420_47900_imagenet_pretrain\predictions\predictions_student_cbsa26420_knn_k5_none.csv,C:\Users\Admin\Desktop\ShiXiaoYu\data\3.26plan_tripmode_v2_66fold\folds\test_26420_47900\logs\imagenet_pretrain\train.log,C:\Users\Admin\Desktop\ShiXiaoYu\data\3.26plan_tripmode_v2_66fold\folds\test_26420_47900\logs\imagenet_pretrain\inference.log,0.08984841709395444,0.11204144797833251,-0.696359259458138,0.05942507455136798,0.07307938506513163,-2.2571508869388643,0.04727833669595872,0.06720030911507455,0.022363851091753317,test_26420_47900,44,26420,47900,5,cosine,none
imagenet_pretrain,47900,0.078978879223498,0.12863586851974815,0.13243410268500103,C:\Users\Admin\Desktop\ShiXiaoYu\data\FineTuneResNet\city_prototypes_per_city\per_city_cluster_20260607_174101,C:\Users\Admin\Desktop\ShiXiaoYu\data\FineTuneResNet\expert_models_runs\expert_run_stage6_9_66fold_test_26420_47900_imagenet_pretrain\predictions\step6_expert_summary_student_20260607_174145.json,C:\Users\Admin\Desktop\ShiXiaoYu\data\FineTuneResNet\expert_models_runs\expert_run_stage6_9_66fold_test_26420_47900_imagenet_pretrain\predictions\evaluation_student_cbsa47900_knn_k5_none.json,C:\Users\Admin\Desktop\ShiXiaoYu\data\FineTuneResNet\expert_models_runs\expert_run_stage6_9_66fold_test_26420_47900_imagenet_pretrain\predictions\predictions_student_cbsa47900_knn_k5_none.csv,C:\Users\Admin\Desktop\ShiXiaoYu\data\3.26plan_tripmode_v2_66fold\folds\test_26420_47900\logs\imagenet_pretrain\train.log,C:\Users\Admin\Desktop\ShiXiaoYu\data\3.26plan_tripmode_v2_66fold\folds\test_26420_47900\logs\imagenet_pretrain\inference.log,0.10862989212810023,0.17204200917584428,0.17448066419065278,0.07454828599309767,0.1148231971538131,0.11544189231760471,0.053758459549296096,0.09904239922958702,0.10737975154674562,test_26420_47900,44,26420,47900,5,cosine,none
satellite_pretrain,26420,0.07037973467416501,0.08793452607028225,-1.1990728394379249,C:\Users\Admin\Desktop\ShiXiaoYu\data\FineTuneResNet\city_prototypes_per_city\per_city_cluster_20260607_174238,C:\Users\Admin\Desktop\ShiXiaoYu\data\FineTuneResNet\expert_models_runs\expert_run_stage6_9_66fold_test_26420_47900_satellite_pretrain\predictions\step6_expert_summary_student_20260607_174320.json,C:\Users\Admin\Desktop\ShiXiaoYu\data\FineTuneResNet\expert_models_runs\expert_run_stage6_9_66fold_test_26420_47900_satellite_pretrain\predictions\evaluation_student_cbsa26420_knn_k5_none.json,C:\Users\Admin\Desktop\ShiXiaoYu\data\FineTuneResNet\expert_models_runs\expert_run_stage6_9_66fold_test_26420_47900_satellite_pretrain\predictions\predictions_student_cbsa26420_knn_k5_none.csv,C:\Users\Admin\Desktop\ShiXiaoYu\data\3.26plan_tripmode_v2_66fold\folds\test_26420_47900\logs\satellite_pretrain\train.log,C:\Users\Admin\Desktop\ShiXiaoYu\data\3.26plan_tripmode_v2_66fold\folds\test_26420_47900\logs\satellite_pretrain\inference.log,0.09710097899777094,0.11785587089236271,-0.876993855252006,0.0653134264957312,0.07815458558055914,-2.7252638514636347,0.048724798528992884,0.06779312173792489,0.005039188401866124,test_26420_47900,44,26420,47900,5,cosine,none
satellite_pretrain,47900,0.08116256216268757,0.12126961619136763,0.21787330490382217,C:\Users\Admin\Desktop\ShiXiaoYu\data\FineTuneResNet\city_prototypes_per_city\per_city_cluster_20260607_174238,C:\Users\Admin\Desktop\ShiXiaoYu\data\FineTuneResNet\expert_models_runs\expert_run_stage6_9_66fold_test_26420_47900_satellite_pretrain\predictions\step6_expert_summary_student_20260607_174320.json,C:\Users\Admin\Desktop\ShiXiaoYu\data\FineTuneResNet\expert_models_runs\expert_run_stage6_9_66fold_test_26420_47900_satellite_pretrain\predictions\evaluation_student_cbsa47900_knn_k5_none.json,C:\Users\Admin\Desktop\ShiXiaoYu\data\FineTuneResNet\expert_models_runs\expert_run_stage6_9_66fold_test_26420_47900_satellite_pretrain\predictions\predictions_student_cbsa47900_knn_k5_none.csv,C:\Users\Admin\Desktop\ShiXiaoYu\data\3.26plan_tripmode_v2_66fold\folds\test_26420_47900\logs\satellite_pretrain\train.log,C:\Users\Admin\Desktop\ShiXiaoYu\data\3.26plan_tripmode_v2_66fold\folds\test_26420_47900\logs\satellite_pretrain\inference.log,0.11098671057292944,0.15849964797610555,0.29932787134833705,0.07461850414952516,0.10754383529414159,0.2240421376052797,0.057882471765608075,0.0977653653038558,0.13024990575784978,test_26420_47900,44,26420,47900,5,cosine,none
single_task_backbone_finetune,26420,0.04643308282084722,0.07188462577619915,-0.33074429014738876,C:\Users\Admin\Desktop\ShiXiaoYu\data\FineTuneResNet\city_prototypes_per_city\per_city_cluster_20260607_174416,C:\Users\Admin\Desktop\ShiXiaoYu\data\FineTuneResNet\expert_models_runs\expert_run_stage6_9_66fold_test_26420_47900_single_task_backbone_finetune\predictions\step6_expert_summary_student_20260607_174500.json,C:\Users\Admin\Desktop\ShiXiaoYu\data\FineTuneResNet\expert_models_runs\expert_run_stage6_9_66fold_test_26420_47900_single_task_backbone_finetune\predictions\evaluation_student_cbsa26420_knn_k5_none.json,C:\Users\Admin\Desktop\ShiXiaoYu\data\FineTuneResNet\expert_models_runs\expert_run_stage6_9_66fold_test_26420_47900_single_task_backbone_finetune\predictions\predictions_student_cbsa26420_knn_k5_none.csv,C:\Users\Admin\Desktop\ShiXiaoYu\data\3.26plan_tripmode_v2_66fold\folds\test_26420_47900\logs\single_task_backbone_finetune\train.log,C:\Users\Admin\Desktop\ShiXiaoYu\data\3.26plan_tripmode_v2_66fold\folds\test_26420_47900\logs\single_task_backbone_finetune\inference.log,0.06261256815349255,0.09354145888880108,-0.18241161155623353,0.036753764840277425,0.05473121283460323,-0.826914628850826,0.039932915468771694,0.06738120560519319,0.0170933699648933,test_26420_47900,44,26420,47900,5,cosine,none
single_task_backbone_finetune,47900,0.07702882112672513,0.11116714824443585,0.32452304605946564,C:\Users\Admin\Desktop\ShiXiaoYu\data\FineTuneResNet\city_prototypes_per_city\per_city_cluster_20260607_174416,C:\Users\Admin\Desktop\ShiXiaoYu\data\FineTuneResNet\expert_models_runs\expert_run_stage6_9_66fold_test_26420_47900_single_task_backbone_finetune\predictions\step6_expert_summary_student_20260607_174500.json,C:\Users\Admin\Desktop\ShiXiaoYu\data\FineTuneResNet\expert_models_runs\expert_run_stage6_9_66fold_test_26420_47900_single_task_backbone_finetune\predictions\evaluation_student_cbsa47900_knn_k5_none.json,C:\Users\Admin\Desktop\ShiXiaoYu\data\FineTuneResNet\expert_models_runs\expert_run_stage6_9_66fold_test_26420_47900_single_task_backbone_finetune\predictions\predictions_student_cbsa47900_knn_k5_none.csv,C:\Users\Admin\Desktop\ShiXiaoYu\data\3.26plan_tripmode_v2_66fold\folds\test_26420_47900\logs\single_task_backbone_finetune\train.log,C:\Users\Admin\Desktop\ShiXiaoYu\data\3.26plan_tripmode_v2_66fold\folds\test_26420_47900\logs\single_task_backbone_finetune\inference.log,0.09948534898316568,0.13880614156892662,0.4626272956273938,0.0690591875129185,0.09944648610029014,0.3364922785870813,0.06254192688409121,0.09524881706409083,0.17444956396392186,test_26420_47900,44,26420,47900,5,cosine,none
aef_annual_64d,31080,0.1742562321449694,0.1999831920213456,-5.870842689329611,C:\Users\Admin\Desktop\ShiXiaoYu\data\FineTuneResNet\city_prototypes_per_city\per_city_cluster_20260607_174550,C:\Users\Admin\Desktop\ShiXiaoYu\data\FineTuneResNet\expert_models_runs\expert_run_stage6_9_66fold_test_31080_33100_aef_annual_64d\predictions\step6_expert_summary_student_20260607_174620.json,C:\Users\Admin\Desktop\ShiXiaoYu\data\FineTuneResNet\expert_models_runs\expert_run_stage6_9_66fold_test_31080_33100_aef_annual_64d\predictions\evaluation_student_cbsa31080_knn_k5_none.json,C:\Users\Admin\Desktop\ShiXiaoYu\data\FineTuneResNet\expert_models_runs\expert_run_stage6_9_66fold_test_31080_33100_aef_annual_64d\predictions\predictions_student_cbsa31080_knn_k5_none.csv,C:\Users\Admin\Desktop\ShiXiaoYu\data\3.26plan_tripmode_v2_66fold\folds\test_31080_33100\logs\aef_annual_64d\train.log,C:\Users\Admin\Desktop\ShiXiaoYu\data\3.26plan_tripmode_v2_66fold\folds\test_31080_33100\logs\aef_annual_64d\inference.log,0.2476536825534458,0.27902043309221275,-6.5164303954359815,0.19533378948604158,0.22294539067308733,-9.919709808378558,0.07978122439542079,0.09798375229873671,-1.1763878641742949,test_31080_33100,45,31080,33100,5,cosine,none
aef_annual_64d,33100,0.07444005202039934,0.10466538132670829,-1.6925481686821173,C:\Users\Admin\Desktop\ShiXiaoYu\data\FineTuneResNet\city_prototypes_per_city\per_city_cluster_20260607_174550,C:\Users\Admin\Desktop\ShiXiaoYu\data\FineTuneResNet\expert_models_runs\expert_run_stage6_9_66fold_test_31080_33100_aef_annual_64d\predictions\step6_expert_summary_student_20260607_174620.json,C:\Users\Admin\Desktop\ShiXiaoYu\data\FineTuneResNet\expert_models_runs\expert_run_stage6_9_66fold_test_31080_33100_aef_annual_64d\predictions\evaluation_student_cbsa33100_knn_k5_none.json,C:\Users\Admin\Desktop\ShiXiaoYu\data\FineTuneResNet\expert_models_runs\expert_run_stage6_9_66fold_test_31080_33100_aef_annual_64d\predictions\predictions_student_cbsa33100_knn_k5_none.csv,C:\Users\Admin\Desktop\ShiXiaoYu\data\3.26plan_tripmode_v2_66fold\folds\test_31080_33100\logs\aef_annual_64d\train.log,C:\Users\Admin\Desktop\ShiXiaoYu\data\3.26plan_tripmode_v2_66fold\folds\test_31080_33100\logs\aef_annual_64d\inference.log,0.1036509251352297,0.14539118569669382,-1.5476697026231099,0.067145901483738,0.09554503125478074,-3.494338813996161,0.05252332944223034,0.0730599270286503,-0.035635989427081016,test_31080_33100,45,31080,33100,5,cosine,none
clay_v1_5_768d,31080,0.08391026668449286,0.10462057780454254,-0.7500828285896999,C:\Users\Admin\Desktop\ShiXiaoYu\data\FineTuneResNet\city_prototypes_per_city\per_city_cluster_20260607_174713,C:\Users\Admin\Desktop\ShiXiaoYu\data\FineTuneResNet\expert_models_runs\expert_run_stage6_9_66fold_test_31080_33100_clay_v1_5_768d\predictions\step6_expert_summary_student_20260607_174752.json,C:\Users\Admin\Desktop\ShiXiaoYu\data\FineTuneResNet\expert_models_runs\expert_run_stage6_9_66fold_test_31080_33100_clay_v1_5_768d\predictions\evaluation_student_cbsa31080_knn_k5_none.json,C:\Users\Admin\Desktop\ShiXiaoYu\data\FineTuneResNet\expert_models_runs\expert_run_stage6_9_66fold_test_31080_33100_clay_v1_5_768d\predictions\predictions_student_cbsa31080_knn_k5_none.csv,C:\Users\Admin\Desktop\ShiXiaoYu\data\3.26plan_tripmode_v2_66fold\folds\test_31080_33100\logs\clay_v1_5_768d\train.log,C:\Users\Admin\Desktop\ShiXiaoYu\data\3.26plan_tripmode_v2_66fold\folds\test_31080_33100\logs\clay_v1_5_768d\inference.log,0.11876111488497643,0.1430788620071313,-0.9764715971615836,0.07551339492977074,0.09337474898547952,-0.9154595981319529,0.057456290238731396,0.07740812242101679,-0.3583172904755634,test_31080_33100,45,31080,33100,5,cosine,none
clay_v1_5_768d,33100,0.07521603124290725,0.09446287187547747,-1.0562980953765402,C:\Users\Admin\Desktop\ShiXiaoYu\data\FineTuneResNet\city_prototypes_per_city\per_city_cluster_20260607_174713,C:\Users\Admin\Desktop\ShiXiaoYu\data\FineTuneResNet\expert_models_runs\expert_run_stage6_9_66fold_test_31080_33100_clay_v1_5_768d\predictions\step6_expert_summary_student_20260607_174752.json,C:\Users\Admin\Desktop\ShiXiaoYu\data\FineTuneResNet\expert_models_runs\expert_run_stage6_9_66fold_test_31080_33100_clay_v1_5_768d\predictions\evaluation_student_cbsa33100_knn_k5_none.json,C:\Users\Admin\Desktop\ShiXiaoYu\data\FineTuneResNet\expert_models_runs\expert_run_stage6_9_66fold_test_31080_33100_clay_v1_5_768d\predictions\predictions_student_cbsa33100_knn_k5_none.csv,C:\Users\Admin\Desktop\ShiXiaoYu\data\3.26plan_tripmode_v2_66fold\folds\test_31080_33100\logs\clay_v1_5_768d\train.log,C:\Users\Admin\Desktop\ShiXiaoYu\data\3.26plan_tripmode_v2_66fold\folds\test_31080_33100\logs\clay_v1_5_768d\inference.log,0.1043528901215671,0.12777939801926944,-0.9678348217086423,0.06319169759728675,0.07878652271794351,-2.056000788408488,0.05810350600986794,0.07682269488921947,-0.14505867601249034,test_31080_33100,45,31080,33100,5,cosine,none
prithvi_eo_v2_1024d,31080,0.06116388395637864,0.08285741362004352,-0.11918929681286956,C:\Users\Admin\Desktop\ShiXiaoYu\data\FineTuneResNet\city_prototypes_per_city\per_city_cluster_20260607_174845,C:\Users\Admin\Desktop\ShiXiaoYu\data\FineTuneResNet\expert_models_runs\expert_run_stage6_9_66fold_test_31080_33100_prithvi_eo_v2_1024d\predictions\step6_expert_summary_student_20260607_174924.json,C:\Users\Admin\Desktop\ShiXiaoYu\data\FineTuneResNet\expert_models_runs\expert_run_stage6_9_66fold_test_31080_33100_prithvi_eo_v2_1024d\predictions\evaluation_student_cbsa31080_knn_k5_none.json,C:\Users\Admin\Desktop\ShiXiaoYu\data\FineTuneResNet\expert_models_runs\expert_run_stage6_9_66fold_test_31080_33100_prithvi_eo_v2_1024d\predictions\predictions_student_cbsa31080_knn_k5_none.csv,C:\Users\Admin\Desktop\ShiXiaoYu\data\3.26plan_tripmode_v2_66fold\folds\test_31080_33100\logs\prithvi_eo_v2_1024d\train.log,C:\Users\Admin\Desktop\ShiXiaoYu\data\3.26plan_tripmode_v2_66fold\folds\test_31080_33100\logs\prithvi_eo_v2_1024d\inference.log,0.08232904126787256,0.10641330483569572,-0.09328020638333645,0.05957156011561925,0.07683129445660117,-0.29685195749631554,0.041591050485644085,0.0653276415678337,0.03256427344104329,test_31080_33100,45,31080,33100,5,cosine,none
prithvi_eo_v2_1024d,33100,0.10051195792191618,0.11680895101891953,-2.260598623892792,C:\Users\Admin\Desktop\ShiXiaoYu\data\FineTuneResNet\city_prototypes_per_city\per_city_cluster_20260607_174845,C:\Users\Admin\Desktop\ShiXiaoYu\data\FineTuneResNet\expert_models_runs\expert_run_stage6_9_66fold_test_31080_33100_prithvi_eo_v2_1024d\predictions\step6_expert_summary_student_20260607_174924.json,C:\Users\Admin\Desktop\ShiXiaoYu\data\FineTuneResNet\expert_models_runs\expert_run_stage6_9_66fold_test_31080_33100_prithvi_eo_v2_1024d\predictions\evaluation_student_cbsa33100_knn_k5_none.json,C:\Users\Admin\Desktop\ShiXiaoYu\data\FineTuneResNet\expert_models_runs\expert_run_stage6_9_66fold_test_31080_33100_prithvi_eo_v2_1024d\predictions\predictions_student_cbsa33100_knn_k5_none.csv,C:\Users\Admin\Desktop\ShiXiaoYu\data\3.26plan_tripmode_v2_66fold\folds\test_31080_33100\logs\prithvi_eo_v2_1024d\train.log,C:\Users\Admin\Desktop\ShiXiaoYu\data\3.26plan_tripmode_v2_66fold\folds\test_31080_33100\logs\prithvi_eo_v2_1024d\inference.log,0.14205475714124563,0.16228961851592597,-2.174303474767999,0.0896466972773487,0.10267888520955812,-4.190532150965006,0.0698344193471542,0.08545834933127452,-0.41696024594537096,test_31080_33100,45,31080,33100,5,cosine,none
imagenet_pretrain,31080,0.07131099946864985,0.0934962008488525,-0.4162257113349645,C:\Users\Admin\Desktop\ShiXiaoYu\data\FineTuneResNet\city_prototypes_per_city\per_city_cluster_20260607_175020,C:\Users\Admin\Desktop\ShiXiaoYu\data\FineTuneResNet\expert_models_runs\expert_run_stage6_9_66fold_test_31080_33100_imagenet_pretrain\predictions\step6_expert_summary_student_20260607_175105.json,C:\Users\Admin\Desktop\ShiXiaoYu\data\FineTuneResNet\expert_models_runs\expert_run_stage6_9_66fold_test_31080_33100_imagenet_pretrain\predictions\evaluation_student_cbsa31080_knn_k5_none.json,C:\Users\Admin\Desktop\ShiXiaoYu\data\FineTuneResNet\expert_models_runs\expert_run_stage6_9_66fold_test_31080_33100_imagenet_pretrain\predictions\predictions_student_cbsa31080_knn_k5_none.csv,C:\Users\Admin\Desktop\ShiXiaoYu\data\3.26plan_tripmode_v2_66fold\folds\test_31080_33100\logs\imagenet_pretrain\train.log,C:\Users\Admin\Desktop\ShiXiaoYu\data\3.26plan_tripmode_v2_66fold\folds\test_31080_33100\logs\imagenet_pretrain\inference.log,0.09778752033936006,0.12372789511209116,-0.47800149203480324,0.07037666170544093,0.08767236461804695,-0.6886496004383253,0.04576881636114858,0.06908834281641937,-0.08202604153176485,test_31080_33100,45,31080,33100,5,cosine,none
imagenet_pretrain,33100,0.06498676836679766,0.08644306277969256,-0.8083994241993354,C:\Users\Admin\Desktop\ShiXiaoYu\data\FineTuneResNet\city_prototypes_per_city\per_city_cluster_20260607_175020,C:\Users\Admin\Desktop\ShiXiaoYu\data\FineTuneResNet\expert_models_runs\expert_run_stage6_9_66fold_test_31080_33100_imagenet_pretrain\predictions\step6_expert_summary_student_20260607_175105.json,C:\Users\Admin\Desktop\ShiXiaoYu\data\FineTuneResNet\expert_models_runs\expert_run_stage6_9_66fold_test_31080_33100_imagenet_pretrain\predictions\evaluation_student_cbsa33100_knn_k5_none.json,C:\Users\Admin\Desktop\ShiXiaoYu\data\FineTuneResNet\expert_models_runs\expert_run_stage6_9_66fold_test_31080_33100_imagenet_pretrain\predictions\predictions_student_cbsa33100_knn_k5_none.csv,C:\Users\Admin\Desktop\ShiXiaoYu\data\3.26plan_tripmode_v2_66fold\folds\test_31080_33100\logs\imagenet_pretrain\train.log,C:\Users\Admin\Desktop\ShiXiaoYu\data\3.26plan_tripmode_v2_66fold\folds\test_31080_33100\logs\imagenet_pretrain\inference.log,0.08802393562991633,0.11275943577603596,-0.5324021545078674,0.060742914694463794,0.07770508699006065,-1.9726823029170815,0.046193454776012874,0.06886466557298108,0.07988618482694243,test_31080_33100,45,31080,33100,5,cosine,none
satellite_pretrain,31080,0.046623859652840965,0.07086013586987146,0.17191662083637946,C:\Users\Admin\Desktop\ShiXiaoYu\data\FineTuneResNet\city_prototypes_per_city\per_city_cluster_20260607_175202,C:\Users\Admin\Desktop\ShiXiaoYu\data\FineTuneResNet\expert_models_runs\expert_run_stage6_9_66fold_test_31080_33100_satellite_pretrain\predictions\step6_expert_summary_student_20260607_175244.json,C:\Users\Admin\Desktop\ShiXiaoYu\data\FineTuneResNet\expert_models_runs\expert_run_stage6_9_66fold_test_31080_33100_satellite_pretrain\predictions\evaluation_student_cbsa31080_knn_k5_none.json,C:\Users\Admin\Desktop\ShiXiaoYu\data\FineTuneResNet\expert_models_runs\expert_run_stage6_9_66fold_test_31080_33100_satellite_pretrain\predictions\predictions_student_cbsa31080_knn_k5_none.csv,C:\Users\Admin\Desktop\ShiXiaoYu\data\3.26plan_tripmode_v2_66fold\folds\test_31080_33100\logs\satellite_pretrain\train.log,C:\Users\Admin\Desktop\ShiXiaoYu\data\3.26plan_tripmode_v2_66fold\folds\test_31080_33100\logs\satellite_pretrain\inference.log,0.06001454623272532,0.08783329476651723,0.25516860958452803,0.044236825246312984,0.06066422545006353,0.19150113356437315,0.0356202074794846,0.06408288739303361,0.06908011936023717,test_31080_33100,45,31080,33100,5,cosine,none
satellite_pretrain,33100,0.07345558255203359,0.09597395404905,-1.3734430299472489,C:\Users\Admin\Desktop\ShiXiaoYu\data\FineTuneResNet\city_prototypes_per_city\per_city_cluster_20260607_175202,C:\Users\Admin\Desktop\ShiXiaoYu\data\FineTuneResNet\expert_models_runs\expert_run_stage6_9_66fold_test_31080_33100_satellite_pretrain\predictions\step6_expert_summary_student_20260607_175244.json,C:\Users\Admin\Desktop\ShiXiaoYu\data\FineTuneResNet\expert_models_runs\expert_run_stage6_9_66fold_test_31080_33100_satellite_pretrain\predictions\evaluation_student_cbsa33100_knn_k5_none.json,C:\Users\Admin\Desktop\ShiXiaoYu\data\FineTuneResNet\expert_models_runs\expert_run_stage6_9_66fold_test_31080_33100_satellite_pretrain\predictions\predictions_student_cbsa33100_knn_k5_none.csv,C:\Users\Admin\Desktop\ShiXiaoYu\data\3.26plan_tripmode_v2_66fold\folds\test_31080_33100\logs\satellite_pretrain\train.log,C:\Users\Admin\Desktop\ShiXiaoYu\data\3.26plan_tripmode_v2_66fold\folds\test_31080_33100\logs\satellite_pretrain\inference.log,0.09906943099995703,0.12478816404940112,-0.8767816827634782,0.07448286510765142,0.09348097766647542,-3.302254399097161,0.0468144515484923,0.06965272043127348,0.058706992018892956,test_31080_33100,45,31080,33100,5,cosine,none
single_task_backbone_finetune,31080,0.04408927306735308,0.07267752283459736,0.13427836259609496,C:\Users\Admin\Desktop\ShiXiaoYu\data\FineTuneResNet\city_prototypes_per_city\per_city_cluster_20260607_175342,C:\Users\Admin\Desktop\ShiXiaoYu\data\FineTuneResNet\expert_models_runs\expert_run_stage6_9_66fold_test_31080_33100_single_task_backbone_finetune\predictions\step6_expert_summary_student_20260607_175428.json,C:\Users\Admin\Desktop\ShiXiaoYu\data\FineTuneResNet\expert_models_runs\expert_run_stage6_9_66fold_test_31080_33100_single_task_backbone_finetune\predictions\evaluation_student_cbsa31080_knn_k5_none.json,C:\Users\Admin\Desktop\ShiXiaoYu\data\FineTuneResNet\expert_models_runs\expert_run_stage6_9_66fold_test_31080_33100_single_task_backbone_finetune\predictions\predictions_student_cbsa31080_knn_k5_none.csv,C:\Users\Admin\Desktop\ShiXiaoYu\data\3.26plan_tripmode_v2_66fold\folds\test_31080_33100\logs\single_task_backbone_finetune\train.log,C:\Users\Admin\Desktop\ShiXiaoYu\data\3.26plan_tripmode_v2_66fold\folds\test_31080_33100\logs\single_task_backbone_finetune\inference.log,0.05776639684113544,0.0912871177338951,0.1954396737704528,0.03980800140788072,0.0634954660536592,0.11427371747965998,0.0346934209530431,0.06324998471623777,0.09312169653817215,test_31080_33100,45,31080,33100,5,cosine,none
single_task_backbone_finetune,33100,0.053411562913879725,0.08048121854832634,-0.5301826963415693,C:\Users\Admin\Desktop\ShiXiaoYu\data\FineTuneResNet\city_prototypes_per_city\per_city_cluster_20260607_175342,C:\Users\Admin\Desktop\ShiXiaoYu\data\FineTuneResNet\expert_models_runs\expert_run_stage6_9_66fold_test_31080_33100_single_task_backbone_finetune\predictions\step6_expert_summary_student_20260607_175428.json,C:\Users\Admin\Desktop\ShiXiaoYu\data\FineTuneResNet\expert_models_runs\expert_run_stage6_9_66fold_test_31080_33100_single_task_backbone_finetune\predictions\evaluation_student_cbsa33100_knn_k5_none.json,C:\Users\Admin\Desktop\ShiXiaoYu\data\FineTuneResNet\expert_models_runs\expert_run_stage6_9_66fold_test_31080_33100_single_task_backbone_finetune\predictions\predictions_student_cbsa33100_knn_k5_none.csv,C:\Users\Admin\Desktop\ShiXiaoYu\data\3.26plan_tripmode_v2_66fold\folds\test_31080_33100\logs\single_task_backbone_finetune\train.log,C:\Users\Admin\Desktop\ShiXiaoYu\data\3.26plan_tripmode_v2_66fold\folds\test_31080_33100\logs\single_task_backbone_finetune\inference.log,0.07031183686643212,0.10394887976854138,-0.30228666203092347,0.04734880562124945,0.06981247698974266,-1.3994720218876222,0.042574046253957616,0.06768229888669498,0.11121059489383756,test_31080_33100,45,31080,33100,5,cosine,none
aef_annual_64d,31080,0.13080214499592285,0.15098104215936856,-2.7177471940291995,C:\Users\Admin\Desktop\ShiXiaoYu\data\FineTuneResNet\city_prototypes_per_city\per_city_cluster_20260607_175517,C:\Users\Admin\Desktop\ShiXiaoYu\data\FineTuneResNet\expert_models_runs\expert_run_stage6_9_66fold_test_31080_35620_aef_annual_64d\predictions\step6_expert_summary_student_20260607_175543.json,C:\Users\Admin\Desktop\ShiXiaoYu\data\FineTuneResNet\expert_models_runs\expert_run_stage6_9_66fold_test_31080_35620_aef_annual_64d\predictions\evaluation_student_cbsa31080_knn_k5_none.json,C:\Users\Admin\Desktop\ShiXiaoYu\data\FineTuneResNet\expert_models_runs\expert_run_stage6_9_66fold_test_31080_35620_aef_annual_64d\predictions\predictions_student_cbsa31080_knn_k5_none.csv,C:\Users\Admin\Desktop\ShiXiaoYu\data\3.26plan_tripmode_v2_66fold\folds\test_31080_35620\logs\aef_annual_64d\train.log,C:\Users\Admin\Desktop\ShiXiaoYu\data\3.26plan_tripmode_v2_66fold\folds\test_31080_35620\logs\aef_annual_64d\inference.log,0.18254800795350568,0.20691026368529108,-3.1333643698994953,0.13171731856733424,0.14937634971366284,-3.9020505600259465,0.07814110846692864,0.09665651307915174,-1.1178266521621572,test_31080_35620,46,31080,35620,5,cosine,none
aef_annual_64d,35620,0.1516656445525787,0.1953314254927767,0.27025586885186553,C:\Users\Admin\Desktop\ShiXiaoYu\data\FineTuneResNet\city_prototypes_per_city\per_city_cluster_20260607_175517,C:\Users\Admin\Desktop\ShiXiaoYu\data\FineTuneResNet\expert_models_runs\expert_run_stage6_9_66fold_test_31080_35620_aef_annual_64d\predictions\step6_expert_summary_student_20260607_175543.json,C:\Users\Admin\Desktop\ShiXiaoYu\data\FineTuneResNet\expert_models_runs\expert_run_stage6_9_66fold_test_31080_35620_aef_annual_64d\predictions\evaluation_student_cbsa35620_knn_k5_none.json,C:\Users\Admin\Desktop\ShiXiaoYu\data\FineTuneResNet\expert_models_runs\expert_run_stage6_9_66fold_test_31080_35620_aef_annual_64d\predictions\predictions_student_cbsa35620_knn_k5_none.csv,C:\Users\Admin\Desktop\ShiXiaoYu\data\3.26plan_tripmode_v2_66fold\folds\test_31080_35620\logs\aef_annual_64d\train.log,C:\Users\Admin\Desktop\ShiXiaoYu\data\3.26plan_tripmode_v2_66fold\folds\test_31080_35620\logs\aef_annual_64d\inference.log,0.19603314109783934,0.24290705961413905,0.4019916431185616,0.17880045850373896,0.2349703726136904,0.14985164326475564,0.08016333405615778,0.10811684425050067,0.2589243201722794,test_31080_35620,46,31080,35620,5,cosine,none
clay_v1_5_768d,31080,0.07341361994166509,0.09638435098998939,-0.4884527875603288,C:\Users\Admin\Desktop\ShiXiaoYu\data\FineTuneResNet\city_prototypes_per_city\per_city_cluster_20260607_175636,C:\Users\Admin\Desktop\ShiXiaoYu\data\FineTuneResNet\expert_models_runs\expert_run_stage6_9_66fold_test_31080_35620_clay_v1_5_768d\predictions\step6_expert_summary_student_20260607_175718.json,C:\Users\Admin\Desktop\ShiXiaoYu\data\FineTuneResNet\expert_models_runs\expert_run_stage6_9_66fold_test_31080_35620_clay_v1_5_768d\predictions\evaluation_student_cbsa31080_knn_k5_none.json,C:\Users\Admin\Desktop\ShiXiaoYu\data\FineTuneResNet\expert_models_runs\expert_run_stage6_9_66fold_test_31080_35620_clay_v1_5_768d\predictions\predictions_student_cbsa31080_knn_k5_none.csv,C:\Users\Admin\Desktop\ShiXiaoYu\data\3.26plan_tripmode_v2_66fold\folds\test_31080_35620\logs\clay_v1_5_768d\train.log,C:\Users\Admin\Desktop\ShiXiaoYu\data\3.26plan_tripmode_v2_66fold\folds\test_31080_35620\logs\clay_v1_5_768d\inference.log,0.10181571481117413,0.12985907243221076,-0.628111770300809,0.06661459627669172,0.08464262625128144,-0.5739551804922691,0.05181054873712943,0.07465135428647596,-0.26329141188790817,test_31080_35620,46,31080,35620,5,cosine,none
clay_v1_5_768d,35620,0.16725248324387484,0.21867849045251306,0.042879125335508826,C:\Users\Admin\Desktop\ShiXiaoYu\data\FineTuneResNet\city_prototypes_per_city\per_city_cluster_20260607_175636,C:\Users\Admin\Desktop\ShiXiaoYu\data\FineTuneResNet\expert_models_runs\expert_run_stage6_9_66fold_test_31080_35620_clay_v1_5_768d\predictions\step6_expert_summary_student_20260607_175718.json,C:\Users\Admin\Desktop\ShiXiaoYu\data\FineTuneResNet\expert_models_runs\expert_run_stage6_9_66fold_test_31080_35620_clay_v1_5_768d\predictions\evaluation_student_cbsa35620_knn_k5_none.json,C:\Users\Admin\Desktop\ShiXiaoYu\data\FineTuneResNet\expert_models_runs\expert_run_stage6_9_66fold_test_31080_35620_clay_v1_5_768d\predictions\predictions_student_cbsa35620_knn_k5_none.csv,C:\Users\Admin\Desktop\ShiXiaoYu\data\3.26plan_tripmode_v2_66fold\folds\test_31080_35620\logs\clay_v1_5_768d\train.log,C:\Users\Admin\Desktop\ShiXiaoYu\data\3.26plan_tripmode_v2_66fold\folds\test_31080_35620\logs\clay_v1_5_768d\inference.log,0.2056564627742577,0.26374426412634416,0.27154020182890226,0.21194825891629923,0.28301669074692104,-0.198966940987227,0.08415272804106758,0.10927451648427391,0.056064115164851214,test_31080_35620,46,31080,35620,5,cosine,none
prithvi_eo_v2_1024d,31080,0.05774144896417834,0.08223382379793326,-0.10084780043307218,C:\Users\Admin\Desktop\ShiXiaoYu\data\FineTuneResNet\city_prototypes_per_city\per_city_cluster_20260607_175818,C:\Users\Admin\Desktop\ShiXiaoYu\data\FineTuneResNet\expert_models_runs\expert_run_stage6_9_66fold_test_31080_35620_prithvi_eo_v2_1024d\predictions\step6_expert_summary_student_20260607_175858.json,C:\Users\Admin\Desktop\ShiXiaoYu\data\FineTuneResNet\expert_models_runs\expert_run_stage6_9_66fold_test_31080_35620_prithvi_eo_v2_1024d\predictions\evaluation_student_cbsa31080_knn_k5_none.json,C:\Users\Admin\Desktop\ShiXiaoYu\data\FineTuneResNet\expert_models_runs\expert_run_stage6_9_66fold_test_31080_35620_prithvi_eo_v2_1024d\predictions\predictions_student_cbsa31080_knn_k5_none.csv,C:\Users\Admin\Desktop\ShiXiaoYu\data\3.26plan_tripmode_v2_66fold\folds\test_31080_35620\logs\prithvi_eo_v2_1024d\train.log,C:\Users\Admin\Desktop\ShiXiaoYu\data\3.26plan_tripmode_v2_66fold\folds\test_31080_35620\logs\prithvi_eo_v2_1024d\inference.log,0.07846123499884147,0.10596609801047707,-0.08411039417779187,0.05553526658846474,0.0758794356281392,-0.2649177460061891,0.0392278453052288,0.0648559377551835,0.046484738884764454,test_31080_35620,46,31080,35620,5,cosine,none
prithvi_eo_v2_1024d,35620,0.20576093712847207,0.2761729290839876,-0.41117518504364403,C:\Users\Admin\Desktop\ShiXiaoYu\data\FineTuneResNet\city_prototypes_per_city\per_city_cluster_20260607_175818,C:\Users\Admin\Desktop\ShiXiaoYu\data\FineTuneResNet\expert_models_runs\expert_run_stage6_9_66fold_test_31080_35620_prithvi_eo_v2_1024d\predictions\step6_expert_summary_student_20260607_175858.json,C:\Users\Admin\Desktop\ShiXiaoYu\data\FineTuneResNet\expert_models_runs\expert_run_stage6_9_66fold_test_31080_35620_prithvi_eo_v2_1024d\predictions\evaluation_student_cbsa35620_knn_k5_none.json,C:\Users\Admin\Desktop\ShiXiaoYu\data\FineTuneResNet\expert_models_runs\expert_run_stage6_9_66fold_test_31080_35620_prithvi_eo_v2_1024d\predictions\predictions_student_cbsa35620_knn_k5_none.csv,C:\Users\Admin\Desktop\ShiXiaoYu\data\3.26plan_tripmode_v2_66fold\folds\test_31080_35620\logs\prithvi_eo_v2_1024d\train.log,C:\Users\Admin\Desktop\ShiXiaoYu\data\3.26plan_tripmode_v2_66fold\folds\test_31080_35620\logs\prithvi_eo_v2_1024d\inference.log,0.2831369427787327,0.3704119095498691,-0.4368433615217935,0.25955761112399345,0.3445091749521762,-0.77657970435063,0.07458825748269002,0.11359770274991755,-0.02010248925850866,test_31080_35620,46,31080,35620,5,cosine,none
imagenet_pretrain,31080,0.05803281476882275,0.07869619996511734,-0.007701249895761116,C:\Users\Admin\Desktop\ShiXiaoYu\data\FineTuneResNet\city_prototypes_per_city\per_city_cluster_20260607_175955,C:\Users\Admin\Desktop\ShiXiaoYu\data\FineTuneResNet\expert_models_runs\expert_run_stage6_9_66fold_test_31080_35620_imagenet_pretrain\predictions\step6_expert_summary_student_20260607_180043.json,C:\Users\Admin\Desktop\ShiXiaoYu\data\FineTuneResNet\expert_models_runs\expert_run_stage6_9_66fold_test_31080_35620_imagenet_pretrain\predictions\evaluation_student_cbsa31080_knn_k5_none.json,C:\Users\Admin\Desktop\ShiXiaoYu\data\FineTuneResNet\expert_models_runs\expert_run_stage6_9_66fold_test_31080_35620_imagenet_pretrain\predictions\predictions_student_cbsa31080_knn_k5_none.csv,C:\Users\Admin\Desktop\ShiXiaoYu\data\3.26plan_tripmode_v2_66fold\folds\test_31080_35620\logs\imagenet_pretrain\train.log,C:\Users\Admin\Desktop\ShiXiaoYu\data\3.26plan_tripmode_v2_66fold\folds\test_31080_35620\logs\imagenet_pretrain\inference.log,0.07767231171544962,0.10083827799865153,0.018273612296333064,0.052913634863313706,0.06761428880986788,-0.004363843681060908,0.04351249772770492,0.06763603308683264,-0.037013518302555504,test_31080_35620,46,31080,35620,5,cosine,none
imagenet_pretrain,35620,0.18744817851352524,0.2491692532546517,-0.14712998213721398,C:\Users\Admin\Desktop\ShiXiaoYu\data\FineTuneResNet\city_prototypes_per_city\per_city_cluster_20260607_175955,C:\Users\Admin\Desktop\ShiXiaoYu\data\FineTuneResNet\expert_models_runs\expert_run_stage6_9_66fold_test_31080_35620_imagenet_pretrain\predictions\step6_expert_summary_student_20260607_180043.json,C:\Users\Admin\Desktop\ShiXiaoYu\data\FineTuneResNet\expert_models_runs\expert_run_stage6_9_66fold_test_31080_35620_imagenet_pretrain\predictions\evaluation_student_cbsa35620_knn_k5_none.json,C:\Users\Admin\Desktop\ShiXiaoYu\data\FineTuneResNet\expert_models_runs\expert_run_stage6_9_66fold_test_31080_35620_imagenet_pretrain\predictions\predictions_student_cbsa35620_knn_k5_none.csv,C:\Users\Admin\Desktop\ShiXiaoYu\data\3.26plan_tripmode_v2_66fold\folds\test_31080_35620\logs\imagenet_pretrain\train.log,C:\Users\Admin\Desktop\ShiXiaoYu\data\3.26plan_tripmode_v2_66fold\folds\test_31080_35620\logs\imagenet_pretrain\inference.log,0.2572998656631709,0.3324429767449771,-0.15737438702683337,0.23652707591079977,0.3138883217605324,-0.47480101383777784,0.06851759396660502,0.10117646125844572,0.19078545445296924,test_31080_35620,46,31080,35620,5,cosine,none
satellite_pretrain,31080,0.04497633541799486,0.0702881255671602,0.1845366309103277,C:\Users\Admin\Desktop\ShiXiaoYu\data\FineTuneResNet\city_prototypes_per_city\per_city_cluster_20260607_180138,C:\Users\Admin\Desktop\ShiXiaoYu\data\FineTuneResNet\expert_models_runs\expert_run_stage6_9_66fold_test_31080_35620_satellite_pretrain\predictions\step6_expert_summary_student_20260607_180222.json,C:\Users\Admin\Desktop\ShiXiaoYu\data\FineTuneResNet\expert_models_runs\expert_run_stage6_9_66fold_test_31080_35620_satellite_pretrain\predictions\evaluation_student_cbsa31080_knn_k5_none.json,C:\Users\Admin\Desktop\ShiXiaoYu\data\FineTuneResNet\expert_models_runs\expert_run_stage6_9_66fold_test_31080_35620_satellite_pretrain\predictions\predictions_student_cbsa31080_knn_k5_none.csv,C:\Users\Admin\Desktop\ShiXiaoYu\data\3.26plan_tripmode_v2_66fold\folds\test_31080_35620\logs\satellite_pretrain\train.log,C:\Users\Admin\Desktop\ShiXiaoYu\data\3.26plan_tripmode_v2_66fold\folds\test_31080_35620\logs\satellite_pretrain\inference.log,0.05800144970385907,0.08721374751687996,0.265639143635943,0.041241824896599916,0.05906138597757038,0.23366022026349864,0.03568573165352561,0.06458924320703024,0.05431052883154153,test_31080_35620,46,31080,35620,5,cosine,none
satellite_pretrain,35620,0.20507624073535502,0.27572170375574817,-0.39077169177787163,C:\Users\Admin\Desktop\ShiXiaoYu\data\FineTuneResNet\city_prototypes_per_city\per_city_cluster_20260607_180138,C:\Users\Admin\Desktop\ShiXiaoYu\data\FineTuneResNet\expert_models_runs\expert_run_stage6_9_66fold_test_31080_35620_satellite_pretrain\predictions\step6_expert_summary_student_20260607_180222.json,C:\Users\Admin\Desktop\ShiXiaoYu\data\FineTuneResNet\expert_models_runs\expert_run_stage6_9_66fold_test_31080_35620_satellite_pretrain\predictions\evaluation_student_cbsa35620_knn_k5_none.json,C:\Users\Admin\Desktop\ShiXiaoYu\data\FineTuneResNet\expert_models_runs\expert_run_stage6_9_66fold_test_31080_35620_satellite_pretrain\predictions\predictions_student_cbsa35620_knn_k5_none.csv,C:\Users\Admin\Desktop\ShiXiaoYu\data\3.26plan_tripmode_v2_66fold\folds\test_31080_35620\logs\satellite_pretrain\train.log,C:\Users\Admin\Desktop\ShiXiaoYu\data\3.26plan_tripmode_v2_66fold\folds\test_31080_35620\logs\satellite_pretrain\inference.log,0.2860071248879021,0.37288833623945167,-0.45611991088010106,0.26128052071903424,0.3463823228169026,-0.7959512833139639,0.06794107659912872,0.10789445221089035,0.07975611886045009,test_31080_35620,46,31080,35620,5,cosine,none
single_task_backbone_finetune,31080,0.04374265771476644,0.07216414986566776,0.1434576601653855,C:\Users\Admin\Desktop\ShiXiaoYu\data\FineTuneResNet\city_prototypes_per_city\per_city_cluster_20260607_180318,C:\Users\Admin\Desktop\ShiXiaoYu\data\FineTuneResNet\expert_models_runs\expert_run_stage6_9_66fold_test_31080_35620_single_task_backbone_finetune\predictions\step6_expert_summary_student_20260607_180405.json,C:\Users\Admin\Desktop\ShiXiaoYu\data\FineTuneResNet\expert_models_runs\expert_run_stage6_9_66fold_test_31080_35620_single_task_backbone_finetune\predictions\evaluation_student_cbsa31080_knn_k5_none.json,C:\Users\Admin\Desktop\ShiXiaoYu\data\FineTuneResNet\expert_models_runs\expert_run_stage6_9_66fold_test_31080_35620_single_task_backbone_finetune\predictions\predictions_student_cbsa31080_knn_k5_none.csv,C:\Users\Admin\Desktop\ShiXiaoYu\data\3.26plan_tripmode_v2_66fold\folds\test_31080_35620\logs\single_task_backbone_finetune\train.log,C:\Users\Admin\Desktop\ShiXiaoYu\data\3.26plan_tripmode_v2_66fold\folds\test_31080_35620\logs\single_task_backbone_finetune\inference.log,0.05684022632513519,0.08980148764108414,0.22141382920376962,0.03970177511477656,0.06349798045546645,0.11420356708941626,0.03468597170438758,0.06319298150045265,0.09475558420297059,test_31080_35620,46,31080,35620,5,cosine,none
single_task_backbone_finetune,35620,0.14462000135326872,0.1881846447026315,0.08058102266326621,C:\Users\Admin\Desktop\ShiXiaoYu\data\FineTuneResNet\city_prototypes_per_city\per_city_cluster_20260607_180318,C:\Users\Admin\Desktop\ShiXiaoYu\data\FineTuneResNet\expert_models_runs\expert_run_stage6_9_66fold_test_31080_35620_single_task_backbone_finetune\predictions\step6_expert_summary_student_20260607_180405.json,C:\Users\Admin\Desktop\ShiXiaoYu\data\FineTuneResNet\expert_models_runs\expert_run_stage6_9_66fold_test_31080_35620_single_task_backbone_finetune\predictions\evaluation_student_cbsa35620_knn_k5_none.json,C:\Users\Admin\Desktop\ShiXiaoYu\data\FineTuneResNet\expert_models_runs\expert_run_stage6_9_66fold_test_31080_35620_single_task_backbone_finetune\predictions\predictions_student_cbsa35620_knn_k5_none.csv,C:\Users\Admin\Desktop\ShiXiaoYu\data\3.26plan_tripmode_v2_66fold\folds\test_31080_35620\logs\single_task_backbone_finetune\train.log,C:\Users\Admin\Desktop\ShiXiaoYu\data\3.26plan_tripmode_v2_66fold\folds\test_31080_35620\logs\single_task_backbone_finetune\inference.log,0.14732334223129004,0.18940193209947645,0.624328410664171,0.17679168077902127,0.23478970946552882,0.17483418398523565,0.10974498104949486,0.14036229254288912,-0.557419526659608,test_31080_35620,46,31080,35620,5,cosine,none
aef_annual_64d,31080,0.18458670625085613,0.20684944063419397,-6.3281433842601835,C:\Users\Admin\Desktop\ShiXiaoYu\data\FineTuneResNet\city_prototypes_per_city\per_city_cluster_20260607_180456,C:\Users\Admin\Desktop\ShiXiaoYu\data\FineTuneResNet\expert_models_runs\expert_run_stage6_9_66fold_test_31080_38060_aef_annual_64d\predictions\step6_expert_summary_student_20260607_180525.json,C:\Users\Admin\Desktop\ShiXiaoYu\data\FineTuneResNet\expert_models_runs\expert_run_stage6_9_66fold_test_31080_38060_aef_annual_64d\predictions\evaluation_student_cbsa31080_knn_k5_none.json,C:\Users\Admin\Desktop\ShiXiaoYu\data\FineTuneResNet\expert_models_runs\expert_run_stage6_9_66fold_test_31080_38060_aef_annual_64d\predictions\predictions_student_cbsa31080_knn_k5_none.csv,C:\Users\Admin\Desktop\ShiXiaoYu\data\3.26plan_tripmode_v2_66fold\folds\test_31080_38060\logs\aef_annual_64d\train.log,C:\Users\Admin\Desktop\ShiXiaoYu\data\3.26plan_tripmode_v2_66fold\folds\test_31080_38060\logs\aef_annual_64d\inference.log,0.2629520185486212,0.2898761025515085,-7.112681948682054,0.2056984931582929,0.22913845311311923,-10.534799639141694,0.08510960704565425,0.10153376623795415,-1.3369485649568023,test_31080_38060,47,31080,38060,5,cosine,none
aef_annual_64d,38060,0.09268326530367066,0.11153664555934432,-8.530405817912756,C:\Users\Admin\Desktop\ShiXiaoYu\data\FineTuneResNet\city_prototypes_per_city\per_city_cluster_20260607_180456,C:\Users\Admin\Desktop\ShiXiaoYu\data\FineTuneResNet\expert_models_runs\expert_run_stage6_9_66fold_test_31080_38060_aef_annual_64d\predictions\step6_expert_summary_student_20260607_180525.json,C:\Users\Admin\Desktop\ShiXiaoYu\data\FineTuneResNet\expert_models_runs\expert_run_stage6_9_66fold_test_31080_38060_aef_annual_64d\predictions\evaluation_student_cbsa38060_knn_k5_none.json,C:\Users\Admin\Desktop\ShiXiaoYu\data\FineTuneResNet\expert_models_runs\expert_run_stage6_9_66fold_test_31080_38060_aef_annual_64d\predictions\predictions_student_cbsa38060_knn_k5_none.csv,C:\Users\Admin\Desktop\ShiXiaoYu\data\3.26plan_tripmode_v2_66fold\folds\test_31080_38060\logs\aef_annual_64d\train.log,C:\Users\Admin\Desktop\ShiXiaoYu\data\3.26plan_tripmode_v2_66fold\folds\test_31080_38060\logs\aef_annual_64d\inference.log,0.13337801645028852,0.1587816007941934,-6.404498551163621,0.09063218653329806,0.11108537005887612,-18.338763788896422,0.054039592927425356,0.06474296582496342,-0.8479551136782255,test_31080_38060,47,31080,38060,5,cosine,none
clay_v1_5_768d,31080,0.08378165568765861,0.10404777596369626,-0.7366864537981765,C:\Users\Admin\Desktop\ShiXiaoYu\data\FineTuneResNet\city_prototypes_per_city\per_city_cluster_20260607_180622,C:\Users\Admin\Desktop\ShiXiaoYu\data\FineTuneResNet\expert_models_runs\expert_run_stage6_9_66fold_test_31080_38060_clay_v1_5_768d\predictions\step6_expert_summary_student_20260607_180700.json,C:\Users\Admin\Desktop\ShiXiaoYu\data\FineTuneResNet\expert_models_runs\expert_run_stage6_9_66fold_test_31080_38060_clay_v1_5_768d\predictions\evaluation_student_cbsa31080_knn_k5_none.json,C:\Users\Admin\Desktop\ShiXiaoYu\data\FineTuneResNet\expert_models_runs\expert_run_stage6_9_66fold_test_31080_38060_clay_v1_5_768d\predictions\predictions_student_cbsa31080_knn_k5_none.csv,C:\Users\Admin\Desktop\ShiXiaoYu\data\3.26plan_tripmode_v2_66fold\folds\test_31080_38060\logs\clay_v1_5_768d\train.log,C:\Users\Admin\Desktop\ShiXiaoYu\data\3.26plan_tripmode_v2_66fold\folds\test_31080_38060\logs\clay_v1_5_768d\inference.log,0.11754189450337421,0.14127752486771253,-0.9270180311029506,0.07820828183916706,0.09437640159346049,-0.9567751763012933,0.05559479072043452,0.07648940142991575,-0.326266153990286,test_31080_38060,47,31080,38060,5,cosine,none
clay_v1_5_768d,38060,0.05848343224992416,0.07069808505915844,-2.78276974390101,C:\Users\Admin\Desktop\ShiXiaoYu\data\FineTuneResNet\city_prototypes_per_city\per_city_cluster_20260607_180622,C:\Users\Admin\Desktop\ShiXiaoYu\data\FineTuneResNet\expert_models_runs\expert_run_stage6_9_66fold_test_31080_38060_clay_v1_5_768d\predictions\step6_expert_summary_student_20260607_180700.json,C:\Users\Admin\Desktop\ShiXiaoYu\data\FineTuneResNet\expert_models_runs\expert_run_stage6_9_66fold_test_31080_38060_clay_v1_5_768d\predictions\evaluation_student_cbsa38060_knn_k5_none.json,C:\Users\Admin\Desktop\ShiXiaoYu\data\FineTuneResNet\expert_models_runs\expert_run_stage6_9_66fold_test_31080_38060_clay_v1_5_768d\predictions\predictions_student_cbsa38060_knn_k5_none.csv,C:\Users\Admin\Desktop\ShiXiaoYu\data\3.26plan_tripmode_v2_66fold\folds\test_31080_38060\logs\clay_v1_5_768d\train.log,C:\Users\Admin\Desktop\ShiXiaoYu\data\3.26plan_tripmode_v2_66fold\folds\test_31080_38060\logs\clay_v1_5_768d\inference.log,0.07639131380827041,0.09052477126579901,-1.4067455229090124,0.06164286854287592,0.0705144294252741,-6.792395175115027,0.03741611439862613,0.05105505448640218,-0.14916853367899097,test_31080_38060,47,31080,38060,5,cosine,none
prithvi_eo_v2_1024d,31080,0.06501052848447725,0.08773889821439024,-0.25121067153621884,C:\Users\Admin\Desktop\ShiXiaoYu\data\FineTuneResNet\city_prototypes_per_city\per_city_cluster_20260607_180754,C:\Users\Admin\Desktop\ShiXiaoYu\data\FineTuneResNet\expert_models_runs\expert_run_stage6_9_66fold_test_31080_38060_prithvi_eo_v2_1024d\predictions\step6_expert_summary_student_20260607_180831.json,C:\Users\Admin\Desktop\ShiXiaoYu\data\FineTuneResNet\expert_models_runs\expert_run_stage6_9_66fold_test_31080_38060_prithvi_eo_v2_1024d\predictions\evaluation_student_cbsa31080_knn_k5_none.json,C:\Users\Admin\Desktop\ShiXiaoYu\data\FineTuneResNet\expert_models_runs\expert_run_stage6_9_66fold_test_31080_38060_prithvi_eo_v2_1024d\predictions\predictions_student_cbsa31080_knn_k5_none.csv,C:\Users\Admin\Desktop\ShiXiaoYu\data\3.26plan_tripmode_v2_66fold\folds\test_31080_38060\logs\prithvi_eo_v2_1024d\train.log,C:\Users\Admin\Desktop\ShiXiaoYu\data\3.26plan_tripmode_v2_66fold\folds\test_31080_38060\logs\prithvi_eo_v2_1024d\inference.log,0.08844662821182396,0.11426987994549705,-0.2606750718788906,0.06488635908564327,0.08195789997575484,-0.47569207542676617,0.04169859815596448,0.0669889147219188,-0.01726486730299981,test_31080_38060,47,31080,38060,5,cosine,none
prithvi_eo_v2_1024d,38060,0.050804288060042176,0.06323256611248605,-1.704234332411513,C:\Users\Admin\Desktop\ShiXiaoYu\data\FineTuneResNet\city_prototypes_per_city\per_city_cluster_20260607_180754,C:\Users\Admin\Desktop\ShiXiaoYu\data\FineTuneResNet\expert_models_runs\expert_run_stage6_9_66fold_test_31080_38060_prithvi_eo_v2_1024d\predictions\step6_expert_summary_student_20260607_180831.json,C:\Users\Admin\Desktop\ShiXiaoYu\data\FineTuneResNet\expert_models_runs\expert_run_stage6_9_66fold_test_31080_38060_prithvi_eo_v2_1024d\predictions\evaluation_student_cbsa38060_knn_k5_none.json,C:\Users\Admin\Desktop\ShiXiaoYu\data\FineTuneResNet\expert_models_runs\expert_run_stage6_9_66fold_test_31080_38060_prithvi_eo_v2_1024d\predictions\predictions_student_cbsa38060_knn_k5_none.csv,C:\Users\Admin\Desktop\ShiXiaoYu\data\3.26plan_tripmode_v2_66fold\folds\test_31080_38060\logs\prithvi_eo_v2_1024d\train.log,C:\Users\Admin\Desktop\ShiXiaoYu\data\3.26plan_tripmode_v2_66fold\folds\test_31080_38060\logs\prithvi_eo_v2_1024d\inference.log,0.0677255347892206,0.08353660674448606,-1.0495048993734417,0.05009981132554796,0.05629788220276545,-3.9670564133435393,0.03458751806535798,0.04986320939020665,-0.09614168451755822,test_31080_38060,47,31080,38060,5,cosine,none
imagenet_pretrain,31080,0.0696843382872712,0.09263613498343194,-0.38929970799979063,C:\Users\Admin\Desktop\ShiXiaoYu\data\FineTuneResNet\city_prototypes_per_city\per_city_cluster_20260607_180929,C:\Users\Admin\Desktop\ShiXiaoYu\data\FineTuneResNet\expert_models_runs\expert_run_stage6_9_66fold_test_31080_38060_imagenet_pretrain\predictions\step6_expert_summary_student_20260607_181014.json,C:\Users\Admin\Desktop\ShiXiaoYu\data\FineTuneResNet\expert_models_runs\expert_run_stage6_9_66fold_test_31080_38060_imagenet_pretrain\predictions\evaluation_student_cbsa31080_knn_k5_none.json,C:\Users\Admin\Desktop\ShiXiaoYu\data\FineTuneResNet\expert_models_runs\expert_run_stage6_9_66fold_test_31080_38060_imagenet_pretrain\predictions\predictions_student_cbsa31080_knn_k5_none.csv,C:\Users\Admin\Desktop\ShiXiaoYu\data\3.26plan_tripmode_v2_66fold\folds\test_31080_38060\logs\imagenet_pretrain\train.log,C:\Users\Admin\Desktop\ShiXiaoYu\data\3.26plan_tripmode_v2_66fold\folds\test_31080_38060\logs\imagenet_pretrain\inference.log,0.09462919585539471,0.12208469400019903,-0.43900419876829244,0.06827784994539754,0.08581328533898788,-0.6177937737792791,0.04614596906102138,0.07001042561110894,-0.11110115145180033,test_31080_38060,47,31080,38060,5,cosine,none
imagenet_pretrain,38060,0.04755174419780101,0.05964157485377077,-1.394902783991044,C:\Users\Admin\Desktop\ShiXiaoYu\data\FineTuneResNet\city_prototypes_per_city\per_city_cluster_20260607_180929,C:\Users\Admin\Desktop\ShiXiaoYu\data\FineTuneResNet\expert_models_runs\expert_run_stage6_9_66fold_test_31080_38060_imagenet_pretrain\predictions\step6_expert_summary_student_20260607_181014.json,C:\Users\Admin\Desktop\ShiXiaoYu\data\FineTuneResNet\expert_models_runs\expert_run_stage6_9_66fold_test_31080_38060_imagenet_pretrain\predictions\evaluation_student_cbsa38060_knn_k5_none.json,C:\Users\Admin\Desktop\ShiXiaoYu\data\FineTuneResNet\expert_models_runs\expert_run_stage6_9_66fold_test_31080_38060_imagenet_pretrain\predictions\predictions_student_cbsa38060_knn_k5_none.csv,C:\Users\Admin\Desktop\ShiXiaoYu\data\3.26plan_tripmode_v2_66fold\folds\test_31080_38060\logs\imagenet_pretrain\train.log,C:\Users\Admin\Desktop\ShiXiaoYu\data\3.26plan_tripmode_v2_66fold\folds\test_31080_38060\logs\imagenet_pretrain\inference.log,0.06344209649612091,0.07811441467683074,-0.7920811267254171,0.04625954038901551,0.05286025733368801,-3.378985655867705,0.032953595708266614,0.04795005255079356,-0.013641569380010043,test_31080_38060,47,31080,38060,5,cosine,none
satellite_pretrain,31080,0.04779533051961102,0.07103302865125459,0.16772921923428982,C:\Users\Admin\Desktop\ShiXiaoYu\data\FineTuneResNet\city_prototypes_per_city\per_city_cluster_20260607_181113,C:\Users\Admin\Desktop\ShiXiaoYu\data\FineTuneResNet\expert_models_runs\expert_run_stage6_9_66fold_test_31080_38060_satellite_pretrain\predictions\step6_expert_summary_student_20260607_181155.json,C:\Users\Admin\Desktop\ShiXiaoYu\data\FineTuneResNet\expert_models_runs\expert_run_stage6_9_66fold_test_31080_38060_satellite_pretrain\predictions\evaluation_student_cbsa31080_knn_k5_none.json,C:\Users\Admin\Desktop\ShiXiaoYu\data\FineTuneResNet\expert_models_runs\expert_run_stage6_9_66fold_test_31080_38060_satellite_pretrain\predictions\predictions_student_cbsa31080_knn_k5_none.csv,C:\Users\Admin\Desktop\ShiXiaoYu\data\3.26plan_tripmode_v2_66fold\folds\test_31080_38060\logs\satellite_pretrain\train.log,C:\Users\Admin\Desktop\ShiXiaoYu\data\3.26plan_tripmode_v2_66fold\folds\test_31080_38060\logs\satellite_pretrain\inference.log,0.061460656420855735,0.08796047440698396,0.25301006663744097,0.04612980221796285,0.06108525249096623,0.1802397643155581,0.03579553292001448,0.06405335905581355,0.06993782674987037,test_31080_38060,47,31080,38060,5,cosine,none
satellite_pretrain,38060,0.03827500090843637,0.05283769605667717,-0.8550569185713256,C:\Users\Admin\Desktop\ShiXiaoYu\data\FineTuneResNet\city_prototypes_per_city\per_city_cluster_20260607_181113,C:\Users\Admin\Desktop\ShiXiaoYu\data\FineTuneResNet\expert_models_runs\expert_run_stage6_9_66fold_test_31080_38060_satellite_pretrain\predictions\step6_expert_summary_student_20260607_181155.json,C:\Users\Admin\Desktop\ShiXiaoYu\data\FineTuneResNet\expert_models_runs\expert_run_stage6_9_66fold_test_31080_38060_satellite_pretrain\predictions\evaluation_student_cbsa38060_knn_k5_none.json,C:\Users\Admin\Desktop\ShiXiaoYu\data\FineTuneResNet\expert_models_runs\expert_run_stage6_9_66fold_test_31080_38060_satellite_pretrain\predictions\predictions_student_cbsa38060_knn_k5_none.csv,C:\Users\Admin\Desktop\ShiXiaoYu\data\3.26plan_tripmode_v2_66fold\folds\test_31080_38060\logs\satellite_pretrain\train.log,C:\Users\Admin\Desktop\ShiXiaoYu\data\3.26plan_tripmode_v2_66fold\folds\test_31080_38060\logs\satellite_pretrain\inference.log,0.047863781029151696,0.06502471822363588,-0.24180172318661608,0.03650729981871322,0.046127043929921084,-2.3344654639372315,0.030453921877444196,0.04736132601647455,0.011096431409870822,test_31080_38060,47,31080,38060,5,cosine,none
single_task_backbone_finetune,31080,0.04381410518102572,0.07250268531469488,0.1407571677555707,C:\Users\Admin\Desktop\ShiXiaoYu\data\FineTuneResNet\city_prototypes_per_city\per_city_cluster_20260607_181255,C:\Users\Admin\Desktop\ShiXiaoYu\data\FineTuneResNet\expert_models_runs\expert_run_stage6_9_66fold_test_31080_38060_single_task_backbone_finetune\predictions\step6_expert_summary_student_20260607_181340.json,C:\Users\Admin\Desktop\ShiXiaoYu\data\FineTuneResNet\expert_models_runs\expert_run_stage6_9_66fold_test_31080_38060_single_task_backbone_finetune\predictions\evaluation_student_cbsa31080_knn_k5_none.json,C:\Users\Admin\Desktop\ShiXiaoYu\data\FineTuneResNet\expert_models_runs\expert_run_stage6_9_66fold_test_31080_38060_single_task_backbone_finetune\predictions\predictions_student_cbsa31080_knn_k5_none.csv,C:\Users\Admin\Desktop\ShiXiaoYu\data\3.26plan_tripmode_v2_66fold\folds\test_31080_38060\logs\single_task_backbone_finetune\train.log,C:\Users\Admin\Desktop\ShiXiaoYu\data\3.26plan_tripmode_v2_66fold\folds\test_31080_38060\logs\single_task_backbone_finetune\inference.log,0.05756333985283105,0.09179459208991382,0.18646954486826728,0.03978930762943731,0.06234596926906688,0.1460531051781505,0.034089668060808806,0.06336749458510395,0.08974885322029436,test_31080_38060,47,31080,38060,5,cosine,none
single_task_backbone_finetune,38060,0.03474603099923792,0.046694956647483264,-0.3044187482483814,C:\Users\Admin\Desktop\ShiXiaoYu\data\FineTuneResNet\city_prototypes_per_city\per_city_cluster_20260607_181255,C:\Users\Admin\Desktop\ShiXiaoYu\data\FineTuneResNet\expert_models_runs\expert_run_stage6_9_66fold_test_31080_38060_single_task_backbone_finetune\predictions\step6_expert_summary_student_20260607_181340.json,C:\Users\Admin\Desktop\ShiXiaoYu\data\FineTuneResNet\expert_models_runs\expert_run_stage6_9_66fold_test_31080_38060_single_task_backbone_finetune\predictions\evaluation_student_cbsa38060_knn_k5_none.json,C:\Users\Admin\Desktop\ShiXiaoYu\data\FineTuneResNet\expert_models_runs\expert_run_stage6_9_66fold_test_31080_38060_single_task_backbone_finetune\predictions\predictions_student_cbsa38060_knn_k5_none.csv,C:\Users\Admin\Desktop\ShiXiaoYu\data\3.26plan_tripmode_v2_66fold\folds\test_31080_38060\logs\single_task_backbone_finetune\train.log,C:\Users\Admin\Desktop\ShiXiaoYu\data\3.26plan_tripmode_v2_66fold\folds\test_31080_38060\logs\single_task_backbone_finetune\inference.log,0.04456055144736087,0.058767295353425564,-0.014300658937936639,0.030594661683588056,0.035478080352659355,-0.9725826208895736,0.029082879866764843,0.04583949423636486,0.07362703508236601,test_31080_38060,47,31080,38060,5,cosine,none
aef_annual_64d,31080,0.1935159963677238,0.22173957146377707,-7.554437910172253,C:\Users\Admin\Desktop\ShiXiaoYu\data\FineTuneResNet\city_prototypes_per_city\per_city_cluster_20260607_181432,C:\Users\Admin\Desktop\ShiXiaoYu\data\FineTuneResNet\expert_models_runs\expert_run_stage6_9_66fold_test_31080_41860_aef_annual_64d\predictions\step6_expert_summary_student_20260607_181500.json,C:\Users\Admin\Desktop\ShiXiaoYu\data\FineTuneResNet\expert_models_runs\expert_run_stage6_9_66fold_test_31080_41860_aef_annual_64d\predictions\evaluation_student_cbsa31080_knn_k5_none.json,C:\Users\Admin\Desktop\ShiXiaoYu\data\FineTuneResNet\expert_models_runs\expert_run_stage6_9_66fold_test_31080_41860_aef_annual_64d\predictions\predictions_student_cbsa31080_knn_k5_none.csv,C:\Users\Admin\Desktop\ShiXiaoYu\data\3.26plan_tripmode_v2_66fold\folds\test_31080_41860\logs\aef_annual_64d\train.log,C:\Users\Admin\Desktop\ShiXiaoYu\data\3.26plan_tripmode_v2_66fold\folds\test_31080_41860\logs\aef_annual_64d\inference.log,0.27244652849095496,0.30788422218142586,-8.151967947038159,0.21983838372258602,0.2527086641889447,-13.029893216224005,0.08826307688963039,0.10462582802096052,-1.4814525672545953,test_31080_41860,48,31080,41860,5,cosine,none
aef_annual_64d,41860,0.11692271374714236,0.1470348042352471,0.07180029827177088,C:\Users\Admin\Desktop\ShiXiaoYu\data\FineTuneResNet\city_prototypes_per_city\per_city_cluster_20260607_181432,C:\Users\Admin\Desktop\ShiXiaoYu\data\FineTuneResNet\expert_models_runs\expert_run_stage6_9_66fold_test_31080_41860_aef_annual_64d\predictions\step6_expert_summary_student_20260607_181500.json,C:\Users\Admin\Desktop\ShiXiaoYu\data\FineTuneResNet\expert_models_runs\expert_run_stage6_9_66fold_test_31080_41860_aef_annual_64d\predictions\evaluation_student_cbsa41860_knn_k5_none.json,C:\Users\Admin\Desktop\ShiXiaoYu\data\FineTuneResNet\expert_models_runs\expert_run_stage6_9_66fold_test_31080_41860_aef_annual_64d\predictions\predictions_student_cbsa41860_knn_k5_none.csv,C:\Users\Admin\Desktop\ShiXiaoYu\data\3.26plan_tripmode_v2_66fold\folds\test_31080_41860\logs\aef_annual_64d\train.log,C:\Users\Admin\Desktop\ShiXiaoYu\data\3.26plan_tripmode_v2_66fold\folds\test_31080_41860\logs\aef_annual_64d\inference.log,0.15473119944812125,0.1893209992227132,0.254603852872311,0.11866228218874533,0.14630066491099888,-0.3801406786933672,0.07737465960456047,0.1054827485720292,0.34093772063636885,test_31080_41860,48,31080,41860,5,cosine,none
clay_v1_5_768d,31080,0.08185661826941162,0.10810899080472364,-0.8916969884742102,C:\Users\Admin\Desktop\ShiXiaoYu\data\FineTuneResNet\city_prototypes_per_city\per_city_cluster_20260607_181557,C:\Users\Admin\Desktop\ShiXiaoYu\data\FineTuneResNet\expert_models_runs\expert_run_stage6_9_66fold_test_31080_41860_clay_v1_5_768d\predictions\step6_expert_summary_student_20260607_181635.json,C:\Users\Admin\Desktop\ShiXiaoYu\data\FineTuneResNet\expert_models_runs\expert_run_stage6_9_66fold_test_31080_41860_clay_v1_5_768d\predictions\evaluation_student_cbsa31080_knn_k5_none.json,C:\Users\Admin\Desktop\ShiXiaoYu\data\FineTuneResNet\expert_models_runs\expert_run_stage6_9_66fold_test_31080_41860_clay_v1_5_768d\predictions\predictions_student_cbsa31080_knn_k5_none.csv,C:\Users\Admin\Desktop\ShiXiaoYu\data\3.26plan_tripmode_v2_66fold\folds\test_31080_41860\logs\clay_v1_5_768d\train.log,C:\Users\Admin\Desktop\ShiXiaoYu\data\3.26plan_tripmode_v2_66fold\folds\test_31080_41860\logs\clay_v1_5_768d\inference.log,0.11303954343029361,0.1449448240860751,-1.0283600403600515,0.07703374232460514,0.10236876152299879,-1.302231541670949,0.05549656905333613,0.07701338680509703,-0.3444993833916301,test_31080_41860,48,31080,41860,5,cosine,none
clay_v1_5_768d,41860,0.10020615923187697,0.13730398297371968,0.20123060836106507,C:\Users\Admin\Desktop\ShiXiaoYu\data\FineTuneResNet\city_prototypes_per_city\per_city_cluster_20260607_181557,C:\Users\Admin\Desktop\ShiXiaoYu\data\FineTuneResNet\expert_models_runs\expert_run_stage6_9_66fold_test_31080_41860_clay_v1_5_768d\predictions\step6_expert_summary_student_20260607_181635.json,C:\Users\Admin\Desktop\ShiXiaoYu\data\FineTuneResNet\expert_models_runs\expert_run_stage6_9_66fold_test_31080_41860_clay_v1_5_768d\predictions\evaluation_student_cbsa41860_knn_k5_none.json,C:\Users\Admin\Desktop\ShiXiaoYu\data\FineTuneResNet\expert_models_runs\expert_run_stage6_9_66fold_test_31080_41860_clay_v1_5_768d\predictions\predictions_student_cbsa41860_knn_k5_none.csv,C:\Users\Admin\Desktop\ShiXiaoYu\data\3.26plan_tripmode_v2_66fold\folds\test_31080_41860\logs\clay_v1_5_768d\train.log,C:\Users\Admin\Desktop\ShiXiaoYu\data\3.26plan_tripmode_v2_66fold\folds\test_31080_41860\logs\clay_v1_5_768d\inference.log,0.13656540766555472,0.18201277241047567,0.28383633382719,0.08764276990085969,0.11427369033760623,0.13536607548805024,0.07641030012921647,0.11562548617307711,0.18448941576795497,test_31080_41860,48,31080,41860,5,cosine,none
prithvi_eo_v2_1024d,31080,0.05580086036937457,0.08329116449133432,-0.1304054837556665,C:\Users\Admin\Desktop\ShiXiaoYu\data\FineTuneResNet\city_prototypes_per_city\per_city_cluster_20260607_181731,C:\Users\Admin\Desktop\ShiXiaoYu\data\FineTuneResNet\expert_models_runs\expert_run_stage6_9_66fold_test_31080_41860_prithvi_eo_v2_1024d\predictions\step6_expert_summary_student_20260607_181809.json,C:\Users\Admin\Desktop\ShiXiaoYu\data\FineTuneResNet\expert_models_runs\expert_run_stage6_9_66fold_test_31080_41860_prithvi_eo_v2_1024d\predictions\evaluation_student_cbsa31080_knn_k5_none.json,C:\Users\Admin\Desktop\ShiXiaoYu\data\FineTuneResNet\expert_models_runs\expert_run_stage6_9_66fold_test_31080_41860_prithvi_eo_v2_1024d\predictions\predictions_student_cbsa31080_knn_k5_none.csv,C:\Users\Admin\Desktop\ShiXiaoYu\data\3.26plan_tripmode_v2_66fold\folds\test_31080_41860\logs\prithvi_eo_v2_1024d\train.log,C:\Users\Admin\Desktop\ShiXiaoYu\data\3.26plan_tripmode_v2_66fold\folds\test_31080_41860\logs\prithvi_eo_v2_1024d\inference.log,0.07502668833303437,0.10698885269330771,-0.10513843641368914,0.053053286703756176,0.07687749708024454,-0.29841215452851166,0.03932260607133316,0.0660071437004507,0.012334139675201361,test_31080_41860,48,31080,41860,5,cosine,none
prithvi_eo_v2_1024d,41860,0.11942825634947428,0.18017122297740773,-0.3519226103608728,C:\Users\Admin\Desktop\ShiXiaoYu\data\FineTuneResNet\city_prototypes_per_city\per_city_cluster_20260607_181731,C:\Users\Admin\Desktop\ShiXiaoYu\data\FineTuneResNet\expert_models_runs\expert_run_stage6_9_66fold_test_31080_41860_prithvi_eo_v2_1024d\predictions\step6_expert_summary_student_20260607_181809.json,C:\Users\Admin\Desktop\ShiXiaoYu\data\FineTuneResNet\expert_models_runs\expert_run_stage6_9_66fold_test_31080_41860_prithvi_eo_v2_1024d\predictions\evaluation_student_cbsa41860_knn_k5_none.json,C:\Users\Admin\Desktop\ShiXiaoYu\data\FineTuneResNet\expert_models_runs\expert_run_stage6_9_66fold_test_31080_41860_prithvi_eo_v2_1024d\predictions\predictions_student_cbsa41860_knn_k5_none.csv,C:\Users\Admin\Desktop\ShiXiaoYu\data\3.26plan_tripmode_v2_66fold\folds\test_31080_41860\logs\prithvi_eo_v2_1024d\train.log,C:\Users\Admin\Desktop\ShiXiaoYu\data\3.26plan_tripmode_v2_66fold\folds\test_31080_41860\logs\prithvi_eo_v2_1024d\inference.log,0.16885160159194054,0.25262729363052944,-0.37965053315608777,0.11114875808865698,0.15680368889292565,-0.6279921897798189,0.07828440936782527,0.1310826864087681,-0.04812510814671178,test_31080_41860,48,31080,41860,5,cosine,none
imagenet_pretrain,31080,0.06302728902986114,0.08684589490164778,-0.22782047864690957,C:\Users\Admin\Desktop\ShiXiaoYu\data\FineTuneResNet\city_prototypes_per_city\per_city_cluster_20260607_181909,C:\Users\Admin\Desktop\ShiXiaoYu\data\FineTuneResNet\expert_models_runs\expert_run_stage6_9_66fold_test_31080_41860_imagenet_pretrain\predictions\step6_expert_summary_student_20260607_181954.json,C:\Users\Admin\Desktop\ShiXiaoYu\data\FineTuneResNet\expert_models_runs\expert_run_stage6_9_66fold_test_31080_41860_imagenet_pretrain\predictions\evaluation_student_cbsa31080_knn_k5_none.json,C:\Users\Admin\Desktop\ShiXiaoYu\data\FineTuneResNet\expert_models_runs\expert_run_stage6_9_66fold_test_31080_41860_imagenet_pretrain\predictions\predictions_student_cbsa31080_knn_k5_none.csv,C:\Users\Admin\Desktop\ShiXiaoYu\data\3.26plan_tripmode_v2_66fold\folds\test_31080_41860\logs\imagenet_pretrain\train.log,C:\Users\Admin\Desktop\ShiXiaoYu\data\3.26plan_tripmode_v2_66fold\folds\test_31080_41860\logs\imagenet_pretrain\inference.log,0.08488491286686024,0.11237496135601578,-0.21921061149122156,0.06119435563801707,0.08105837921246623,-0.4434772138136025,0.04300259858470609,0.06710434413646131,-0.02077361063590466,test_31080_41860,48,31080,41860,5,cosine,none
imagenet_pretrain,41860,0.09781314690758146,0.14458043102138668,0.12479082273906443,C:\Users\Admin\Desktop\ShiXiaoYu\data\FineTuneResNet\city_prototypes_per_city\per_city_cluster_20260607_181909,C:\Users\Admin\Desktop\ShiXiaoYu\data\FineTuneResNet\expert_models_runs\expert_run_stage6_9_66fold_test_31080_41860_imagenet_pretrain\predictions\step6_expert_summary_student_20260607_181954.json,C:\Users\Admin\Desktop\ShiXiaoYu\data\FineTuneResNet\expert_models_runs\expert_run_stage6_9_66fold_test_31080_41860_imagenet_pretrain\predictions\evaluation_student_cbsa41860_knn_k5_none.json,C:\Users\Admin\Desktop\ShiXiaoYu\data\FineTuneResNet\expert_models_runs\expert_run_stage6_9_66fold_test_31080_41860_imagenet_pretrain\predictions\predictions_student_cbsa41860_knn_k5_none.csv,C:\Users\Admin\Desktop\ShiXiaoYu\data\3.26plan_tripmode_v2_66fold\folds\test_31080_41860\logs\imagenet_pretrain\train.log,C:\Users\Admin\Desktop\ShiXiaoYu\data\3.26plan_tripmode_v2_66fold\folds\test_31080_41860\logs\imagenet_pretrain\inference.log,0.13630565299996267,0.19619559846783252,0.1678778662330631,0.08463241592082245,0.11781966678313516,0.08087337597411559,0.07250137180195924,0.11972602781319236,0.12562122601001458,test_31080_41860,48,31080,41860,5,cosine,none
satellite_pretrain,31080,0.045568082492293494,0.06989837600233101,0.19283405045748972,C:\Users\Admin\Desktop\ShiXiaoYu\data\FineTuneResNet\city_prototypes_per_city\per_city_cluster_20260607_182054,C:\Users\Admin\Desktop\ShiXiaoYu\data\FineTuneResNet\expert_models_runs\expert_run_stage6_9_66fold_test_31080_41860_satellite_pretrain\predictions\step6_expert_summary_student_20260607_182136.json,C:\Users\Admin\Desktop\ShiXiaoYu\data\FineTuneResNet\expert_models_runs\expert_run_stage6_9_66fold_test_31080_41860_satellite_pretrain\predictions\evaluation_student_cbsa31080_knn_k5_none.json,C:\Users\Admin\Desktop\ShiXiaoYu\data\FineTuneResNet\expert_models_runs\expert_run_stage6_9_66fold_test_31080_41860_satellite_pretrain\predictions\predictions_student_cbsa31080_knn_k5_none.csv,C:\Users\Admin\Desktop\ShiXiaoYu\data\3.26plan_tripmode_v2_66fold\folds\test_31080_41860\logs\satellite_pretrain\train.log,C:\Users\Admin\Desktop\ShiXiaoYu\data\3.26plan_tripmode_v2_66fold\folds\test_31080_41860\logs\satellite_pretrain\inference.log,0.05860227214391268,0.08652398116857661,0.27720920774340796,0.04264289485569317,0.05885363118267821,0.2390421035569622,0.03545908047727464,0.06431751565573819,0.06225084007209902,test_31080_41860,48,31080,41860,5,cosine,none
satellite_pretrain,41860,0.09941375168399968,0.1504425855079272,0.05352660477942458,C:\Users\Admin\Desktop\ShiXiaoYu\data\FineTuneResNet\city_prototypes_per_city\per_city_cluster_20260607_182054,C:\Users\Admin\Desktop\ShiXiaoYu\data\FineTuneResNet\expert_models_runs\expert_run_stage6_9_66fold_test_31080_41860_satellite_pretrain\predictions\step6_expert_summary_student_20260607_182136.json,C:\Users\Admin\Desktop\ShiXiaoYu\data\FineTuneResNet\expert_models_runs\expert_run_stage6_9_66fold_test_31080_41860_satellite_pretrain\predictions\evaluation_student_cbsa41860_knn_k5_none.json,C:\Users\Admin\Desktop\ShiXiaoYu\data\FineTuneResNet\expert_models_runs\expert_run_stage6_9_66fold_test_31080_41860_satellite_pretrain\predictions\predictions_student_cbsa41860_knn_k5_none.csv,C:\Users\Admin\Desktop\ShiXiaoYu\data\3.26plan_tripmode_v2_66fold\folds\test_31080_41860\logs\satellite_pretrain\train.log,C:\Users\Admin\Desktop\ShiXiaoYu\data\3.26plan_tripmode_v2_66fold\folds\test_31080_41860\logs\satellite_pretrain\inference.log,0.13813416070903978,0.20499667611288913,0.09154756644984452,0.08686713926235792,0.12402792167823899,-0.018541429480731564,0.07323995508060134,0.1223031587326534,0.08757367736916077,test_31080_41860,48,31080,41860,5,cosine,none
single_task_backbone_finetune,31080,0.04356103229267378,0.07275238300733422,0.1283446691395644,C:\Users\Admin\Desktop\ShiXiaoYu\data\FineTuneResNet\city_prototypes_per_city\per_city_cluster_20260607_182235,C:\Users\Admin\Desktop\ShiXiaoYu\data\FineTuneResNet\expert_models_runs\expert_run_stage6_9_66fold_test_31080_41860_single_task_backbone_finetune\predictions\step6_expert_summary_student_20260607_182319.json,C:\Users\Admin\Desktop\ShiXiaoYu\data\FineTuneResNet\expert_models_runs\expert_run_stage6_9_66fold_test_31080_41860_single_task_backbone_finetune\predictions\evaluation_student_cbsa31080_knn_k5_none.json,C:\Users\Admin\Desktop\ShiXiaoYu\data\FineTuneResNet\expert_models_runs\expert_run_stage6_9_66fold_test_31080_41860_single_task_backbone_finetune\predictions\predictions_student_cbsa31080_knn_k5_none.csv,C:\Users\Admin\Desktop\ShiXiaoYu\data\3.26plan_tripmode_v2_66fold\folds\test_31080_41860\logs\single_task_backbone_finetune\train.log,C:\Users\Admin\Desktop\ShiXiaoYu\data\3.26plan_tripmode_v2_66fold\folds\test_31080_41860\logs\single_task_backbone_finetune\inference.log,0.05663522080165669,0.09023651207308332,0.2138521638947236,0.03925550963790271,0.06418503446960182,0.09493106454584577,0.034792366438461945,0.06383560247931752,0.07625077897812382,test_31080_41860,48,31080,41860,5,cosine,none
single_task_backbone_finetune,41860,0.07791202205427548,0.11017931212966658,0.4724058410288345,C:\Users\Admin\Desktop\ShiXiaoYu\data\FineTuneResNet\city_prototypes_per_city\per_city_cluster_20260607_182235,C:\Users\Admin\Desktop\ShiXiaoYu\data\FineTuneResNet\expert_models_runs\expert_run_stage6_9_66fold_test_31080_41860_single_task_backbone_finetune\predictions\step6_expert_summary_student_20260607_182319.json,C:\Users\Admin\Desktop\ShiXiaoYu\data\FineTuneResNet\expert_models_runs\expert_run_stage6_9_66fold_test_31080_41860_single_task_backbone_finetune\predictions\evaluation_student_cbsa41860_knn_k5_none.json,C:\Users\Admin\Desktop\ShiXiaoYu\data\FineTuneResNet\expert_models_runs\expert_run_stage6_9_66fold_test_31080_41860_single_task_backbone_finetune\predictions\predictions_student_cbsa41860_knn_k5_none.csv,C:\Users\Admin\Desktop\ShiXiaoYu\data\3.26plan_tripmode_v2_66fold\folds\test_31080_41860\logs\single_task_backbone_finetune\train.log,C:\Users\Admin\Desktop\ShiXiaoYu\data\3.26plan_tripmode_v2_66fold\folds\test_31080_41860\logs\single_task_backbone_finetune\inference.log,0.1011612063334139,0.13913093314746,0.5815380737071268,0.06936674443292866,0.09475862186484257,0.40546525817764,0.06320811539648388,0.09664838137669718,0.43021419120173654,test_31080_41860,48,31080,41860,5,cosine,none
aef_annual_64d,31080,0.1786426503884704,0.20462301851962675,-6.205202508923538,C:\Users\Admin\Desktop\ShiXiaoYu\data\FineTuneResNet\city_prototypes_per_city\per_city_cluster_20260607_182416,C:\Users\Admin\Desktop\ShiXiaoYu\data\FineTuneResNet\expert_models_runs\expert_run_stage6_9_66fold_test_31080_42660_aef_annual_64d\predictions\step6_expert_summary_student_20260607_182444.json,C:\Users\Admin\Desktop\ShiXiaoYu\data\FineTuneResNet\expert_models_runs\expert_run_stage6_9_66fold_test_31080_42660_aef_annual_64d\predictions\evaluation_student_cbsa31080_knn_k5_none.json,C:\Users\Admin\Desktop\ShiXiaoYu\data\FineTuneResNet\expert_models_runs\expert_run_stage6_9_66fold_test_31080_42660_aef_annual_64d\predictions\predictions_student_cbsa31080_knn_k5_none.csv,C:\Users\Admin\Desktop\ShiXiaoYu\data\3.26plan_tripmode_v2_66fold\folds\test_31080_42660\logs\aef_annual_64d\train.log,C:\Users\Admin\Desktop\ShiXiaoYu\data\3.26plan_tripmode_v2_66fold\folds\test_31080_42660\logs\aef_annual_64d\inference.log,0.2519989177496801,0.2842055977705582,-6.798388703364902,0.20070018650193938,0.22898721197714914,-10.519577746501419,0.08322884691379183,0.10067624581117297,-1.2976410769042905,test_31080_42660,49,31080,42660,5,cosine,none
aef_annual_64d,42660,0.06348451237291743,0.08766658929045551,0.35736670696522727,C:\Users\Admin\Desktop\ShiXiaoYu\data\FineTuneResNet\city_prototypes_per_city\per_city_cluster_20260607_182416,C:\Users\Admin\Desktop\ShiXiaoYu\data\FineTuneResNet\expert_models_runs\expert_run_stage6_9_66fold_test_31080_42660_aef_annual_64d\predictions\step6_expert_summary_student_20260607_182444.json,C:\Users\Admin\Desktop\ShiXiaoYu\data\FineTuneResNet\expert_models_runs\expert_run_stage6_9_66fold_test_31080_42660_aef_annual_64d\predictions\evaluation_student_cbsa42660_knn_k5_none.json,C:\Users\Admin\Desktop\ShiXiaoYu\data\FineTuneResNet\expert_models_runs\expert_run_stage6_9_66fold_test_31080_42660_aef_annual_64d\predictions\predictions_student_cbsa42660_knn_k5_none.csv,C:\Users\Admin\Desktop\ShiXiaoYu\data\3.26plan_tripmode_v2_66fold\folds\test_31080_42660\logs\aef_annual_64d\train.log,C:\Users\Admin\Desktop\ShiXiaoYu\data\3.26plan_tripmode_v2_66fold\folds\test_31080_42660\logs\aef_annual_64d\inference.log,0.078870765915331,0.10240025811139143,0.5939538031184004,0.05812148056535146,0.08068555365643192,0.10127603761818427,0.05346129063806978,0.07991395610354318,0.3768702801590972,test_31080_42660,49,31080,42660,5,cosine,none
clay_v1_5_768d,31080,0.07625573923804128,0.10187763608123068,-0.6809468930510105,C:\Users\Admin\Desktop\ShiXiaoYu\data\FineTuneResNet\city_prototypes_per_city\per_city_cluster_20260607_182542,C:\Users\Admin\Desktop\ShiXiaoYu\data\FineTuneResNet\expert_models_runs\expert_run_stage6_9_66fold_test_31080_42660_clay_v1_5_768d\predictions\step6_expert_summary_student_20260607_182618.json,C:\Users\Admin\Desktop\ShiXiaoYu\data\FineTuneResNet\expert_models_runs\expert_run_stage6_9_66fold_test_31080_42660_clay_v1_5_768d\predictions\evaluation_student_cbsa31080_knn_k5_none.json,C:\Users\Admin\Desktop\ShiXiaoYu\data\FineTuneResNet\expert_models_runs\expert_run_stage6_9_66fold_test_31080_42660_clay_v1_5_768d\predictions\predictions_student_cbsa31080_knn_k5_none.csv,C:\Users\Admin\Desktop\ShiXiaoYu\data\3.26plan_tripmode_v2_66fold\folds\test_31080_42660\logs\clay_v1_5_768d\train.log,C:\Users\Admin\Desktop\ShiXiaoYu\data\3.26plan_tripmode_v2_66fold\folds\test_31080_42660\logs\clay_v1_5_768d\inference.log,0.10285890530360904,0.13524078886345295,-0.7658548961044374,0.07281090017436335,0.09573267845396088,-1.0134206631743976,0.053097412236151456,0.07465944092627821,-0.2635651198741964,test_31080_42660,49,31080,42660,5,cosine,none
clay_v1_5_768d,42660,0.07291138764426687,0.1038704839566525,0.16137829756193559,C:\Users\Admin\Desktop\ShiXiaoYu\data\FineTuneResNet\city_prototypes_per_city\per_city_cluster_20260607_182542,C:\Users\Admin\Desktop\ShiXiaoYu\data\FineTuneResNet\expert_models_runs\expert_run_stage6_9_66fold_test_31080_42660_clay_v1_5_768d\predictions\step6_expert_summary_student_20260607_182618.json,C:\Users\Admin\Desktop\ShiXiaoYu\data\FineTuneResNet\expert_models_runs\expert_run_stage6_9_66fold_test_31080_42660_clay_v1_5_768d\predictions\evaluation_student_cbsa42660_knn_k5_none.json,C:\Users\Admin\Desktop\ShiXiaoYu\data\FineTuneResNet\expert_models_runs\expert_run_stage6_9_66fold_test_31080_42660_clay_v1_5_768d\predictions\predictions_student_cbsa42660_knn_k5_none.csv,C:\Users\Admin\Desktop\ShiXiaoYu\data\3.26plan_tripmode_v2_66fold\folds\test_31080_42660\logs\clay_v1_5_768d\train.log,C:\Users\Admin\Desktop\ShiXiaoYu\data\3.26plan_tripmode_v2_66fold\folds\test_31080_42660\logs\clay_v1_5_768d\inference.log,0.10102288743188013,0.13741882854745524,0.26875008521506083,0.062403393634534815,0.08669840612363663,-0.0376645528303341,0.055307881866385696,0.08749421719886565,0.25304936030108005,test_31080_42660,49,31080,42660,5,cosine,none
prithvi_eo_v2_1024d,31080,0.057932317637811676,0.08204506269644257,-0.09751506332320732,C:\Users\Admin\Desktop\ShiXiaoYu\data\FineTuneResNet\city_prototypes_per_city\per_city_cluster_20260607_182716,C:\Users\Admin\Desktop\ShiXiaoYu\data\FineTuneResNet\expert_models_runs\expert_run_stage6_9_66fold_test_31080_42660_prithvi_eo_v2_1024d\predictions\step6_expert_summary_student_20260607_182752.json,C:\Users\Admin\Desktop\ShiXiaoYu\data\FineTuneResNet\expert_models_runs\expert_run_stage6_9_66fold_test_31080_42660_prithvi_eo_v2_1024d\predictions\evaluation_student_cbsa31080_knn_k5_none.json,C:\Users\Admin\Desktop\ShiXiaoYu\data\FineTuneResNet\expert_models_runs\expert_run_stage6_9_66fold_test_31080_42660_prithvi_eo_v2_1024d\predictions\predictions_student_cbsa31080_knn_k5_none.csv,C:\Users\Admin\Desktop\ShiXiaoYu\data\3.26plan_tripmode_v2_66fold\folds\test_31080_42660\logs\prithvi_eo_v2_1024d\train.log,C:\Users\Admin\Desktop\ShiXiaoYu\data\3.26plan_tripmode_v2_66fold\folds\test_31080_42660\logs\prithvi_eo_v2_1024d\inference.log,0.07767407954927918,0.10524883577885549,-0.06948383382048728,0.05622329808628078,0.07592669566383534,-0.2664938956904628,0.03989957527787504,0.06495965664663689,0.043432539541328086,test_31080_42660,49,31080,42660,5,cosine,none
prithvi_eo_v2_1024d,42660,0.09325514963863973,0.12115674065430215,-0.12858988026258278,C:\Users\Admin\Desktop\ShiXiaoYu\data\FineTuneResNet\city_prototypes_per_city\per_city_cluster_20260607_182716,C:\Users\Admin\Desktop\ShiXiaoYu\data\FineTuneResNet\expert_models_runs\expert_run_stage6_9_66fold_test_31080_42660_prithvi_eo_v2_1024d\predictions\step6_expert_summary_student_20260607_182752.json,C:\Users\Admin\Desktop\ShiXiaoYu\data\FineTuneResNet\expert_models_runs\expert_run_stage6_9_66fold_test_31080_42660_prithvi_eo_v2_1024d\predictions\evaluation_student_cbsa42660_knn_k5_none.json,C:\Users\Admin\Desktop\ShiXiaoYu\data\FineTuneResNet\expert_models_runs\expert_run_stage6_9_66fold_test_31080_42660_prithvi_eo_v2_1024d\predictions\predictions_student_cbsa42660_knn_k5_none.csv,C:\Users\Admin\Desktop\ShiXiaoYu\data\3.26plan_tripmode_v2_66fold\folds\test_31080_42660\logs\prithvi_eo_v2_1024d\train.log,C:\Users\Admin\Desktop\ShiXiaoYu\data\3.26plan_tripmode_v2_66fold\folds\test_31080_42660\logs\prithvi_eo_v2_1024d\inference.log,0.13257170168495175,0.16533966541216685,-0.05858918651927336,0.0818557900523689,0.10081919693258887,-0.4032053180863415,0.06533795717859855,0.09731135961815073,0.07602486381786655,test_31080_42660,49,31080,42660,5,cosine,none
imagenet_pretrain,31080,0.06354516671149328,0.08815209828054162,-0.2588547975982837,C:\Users\Admin\Desktop\ShiXiaoYu\data\FineTuneResNet\city_prototypes_per_city\per_city_cluster_20260607_182855,C:\Users\Admin\Desktop\ShiXiaoYu\data\FineTuneResNet\expert_models_runs\expert_run_stage6_9_66fold_test_31080_42660_imagenet_pretrain\predictions\step6_expert_summary_student_20260607_182938.json,C:\Users\Admin\Desktop\ShiXiaoYu\data\FineTuneResNet\expert_models_runs\expert_run_stage6_9_66fold_test_31080_42660_imagenet_pretrain\predictions\evaluation_student_cbsa31080_knn_k5_none.json,C:\Users\Admin\Desktop\ShiXiaoYu\data\FineTuneResNet\expert_models_runs\expert_run_stage6_9_66fold_test_31080_42660_imagenet_pretrain\predictions\predictions_student_cbsa31080_knn_k5_none.csv,C:\Users\Admin\Desktop\ShiXiaoYu\data\3.26plan_tripmode_v2_66fold\folds\test_31080_42660\logs\imagenet_pretrain\train.log,C:\Users\Admin\Desktop\ShiXiaoYu\data\3.26plan_tripmode_v2_66fold\folds\test_31080_42660\logs\imagenet_pretrain\inference.log,0.08641192742445247,0.11556192870782195,-0.28934513586791843,0.06172938855616961,0.08117803222299924,-0.44774189001854525,0.042494184153857785,0.06771633391080367,-0.039477366908387435,test_31080_42660,49,31080,42660,5,cosine,none
imagenet_pretrain,42660,0.06673549488123548,0.10457114620971276,0.15963598863630266,C:\Users\Admin\Desktop\ShiXiaoYu\data\FineTuneResNet\city_prototypes_per_city\per_city_cluster_20260607_182855,C:\Users\Admin\Desktop\ShiXiaoYu\data\FineTuneResNet\expert_models_runs\expert_run_stage6_9_66fold_test_31080_42660_imagenet_pretrain\predictions\step6_expert_summary_student_20260607_182938.json,C:\Users\Admin\Desktop\ShiXiaoYu\data\FineTuneResNet\expert_models_runs\expert_run_stage6_9_66fold_test_31080_42660_imagenet_pretrain\predictions\evaluation_student_cbsa42660_knn_k5_none.json,C:\Users\Admin\Desktop\ShiXiaoYu\data\FineTuneResNet\expert_models_runs\expert_run_stage6_9_66fold_test_31080_42660_imagenet_pretrain\predictions\predictions_student_cbsa42660_knn_k5_none.csv,C:\Users\Admin\Desktop\ShiXiaoYu\data\3.26plan_tripmode_v2_66fold\folds\test_31080_42660\logs\imagenet_pretrain\train.log,C:\Users\Admin\Desktop\ShiXiaoYu\data\3.26plan_tripmode_v2_66fold\folds\test_31080_42660\logs\imagenet_pretrain\inference.log,0.09193630312389826,0.1390824105826602,0.25093800475510997,0.057839826872386056,0.08334282363667617,0.04110473350971611,0.05043035464742213,0.09128820440980197,0.18686522764408187,test_31080_42660,49,31080,42660,5,cosine,none
satellite_pretrain,31080,0.0464289743885665,0.07069590481692192,0.17734118815629418,C:\Users\Admin\Desktop\ShiXiaoYu\data\FineTuneResNet\city_prototypes_per_city\per_city_cluster_20260607_183037,C:\Users\Admin\Desktop\ShiXiaoYu\data\FineTuneResNet\expert_models_runs\expert_run_stage6_9_66fold_test_31080_42660_satellite_pretrain\predictions\step6_expert_summary_student_20260607_183117.json,C:\Users\Admin\Desktop\ShiXiaoYu\data\FineTuneResNet\expert_models_runs\expert_run_stage6_9_66fold_test_31080_42660_satellite_pretrain\predictions\evaluation_student_cbsa31080_knn_k5_none.json,C:\Users\Admin\Desktop\ShiXiaoYu\data\FineTuneResNet\expert_models_runs\expert_run_stage6_9_66fold_test_31080_42660_satellite_pretrain\predictions\predictions_student_cbsa31080_knn_k5_none.csv,C:\Users\Admin\Desktop\ShiXiaoYu\data\3.26plan_tripmode_v2_66fold\folds\test_31080_42660\logs\satellite_pretrain\train.log,C:\Users\Admin\Desktop\ShiXiaoYu\data\3.26plan_tripmode_v2_66fold\folds\test_31080_42660\logs\satellite_pretrain\inference.log,0.05988378397282879,0.08823647662134068,0.24831490467067874,0.043452281486914705,0.059568558078097994,0.22044228008476074,0.035950857705956005,0.0642826797513271,0.06326637971344307,test_31080_42660,49,31080,42660,5,cosine,none
satellite_pretrain,42660,0.08786328051940266,0.1192094740571677,-0.08451712683774804,C:\Users\Admin\Desktop\ShiXiaoYu\data\FineTuneResNet\city_prototypes_per_city\per_city_cluster_20260607_183037,C:\Users\Admin\Desktop\ShiXiaoYu\data\FineTuneResNet\expert_models_runs\expert_run_stage6_9_66fold_test_31080_42660_satellite_pretrain\predictions\step6_expert_summary_student_20260607_183117.json,C:\Users\Admin\Desktop\ShiXiaoYu\data\FineTuneResNet\expert_models_runs\expert_run_stage6_9_66fold_test_31080_42660_satellite_pretrain\predictions\evaluation_student_cbsa42660_knn_k5_none.json,C:\Users\Admin\Desktop\ShiXiaoYu\data\FineTuneResNet\expert_models_runs\expert_run_stage6_9_66fold_test_31080_42660_satellite_pretrain\predictions\predictions_student_cbsa42660_knn_k5_none.csv,C:\Users\Admin\Desktop\ShiXiaoYu\data\3.26plan_tripmode_v2_66fold\folds\test_31080_42660\logs\satellite_pretrain\train.log,C:\Users\Admin\Desktop\ShiXiaoYu\data\3.26plan_tripmode_v2_66fold\folds\test_31080_42660\logs\satellite_pretrain\inference.log,0.12389613073132437,0.16142569696503659,-0.009063936218518087,0.07627316958867791,0.09488235702479254,-0.24281270365387342,0.06342054123820566,0.10132036818167396,-0.001674740640852601,test_31080_42660,49,31080,42660,5,cosine,none
single_task_backbone_finetune,31080,0.043931853658243085,0.07292108367123183,0.1252101295200472,C:\Users\Admin\Desktop\ShiXiaoYu\data\FineTuneResNet\city_prototypes_per_city\per_city_cluster_20260607_183219,C:\Users\Admin\Desktop\ShiXiaoYu\data\FineTuneResNet\expert_models_runs\expert_run_stage6_9_66fold_test_31080_42660_single_task_backbone_finetune\predictions\step6_expert_summary_student_20260607_183302.json,C:\Users\Admin\Desktop\ShiXiaoYu\data\FineTuneResNet\expert_models_runs\expert_run_stage6_9_66fold_test_31080_42660_single_task_backbone_finetune\predictions\evaluation_student_cbsa31080_knn_k5_none.json,C:\Users\Admin\Desktop\ShiXiaoYu\data\FineTuneResNet\expert_models_runs\expert_run_stage6_9_66fold_test_31080_42660_single_task_backbone_finetune\predictions\predictions_student_cbsa31080_knn_k5_none.csv,C:\Users\Admin\Desktop\ShiXiaoYu\data\3.26plan_tripmode_v2_66fold\folds\test_31080_42660\logs\single_task_backbone_finetune\train.log,C:\Users\Admin\Desktop\ShiXiaoYu\data\3.26plan_tripmode_v2_66fold\folds\test_31080_42660\logs\single_task_backbone_finetune\inference.log,0.05695000803648822,0.09068533653761927,0.20601232458564311,0.03983225138881116,0.0643191676794615,0.09114430482919156,0.03501330154942986,0.06375874679661468,0.07847375914530696,test_31080_42660,49,31080,42660,5,cosine,none
single_task_backbone_finetune,42660,0.06654010476209167,0.09153025695908651,0.3371244779864684,C:\Users\Admin\Desktop\ShiXiaoYu\data\FineTuneResNet\city_prototypes_per_city\per_city_cluster_20260607_183219,C:\Users\Admin\Desktop\ShiXiaoYu\data\FineTuneResNet\expert_models_runs\expert_run_stage6_9_66fold_test_31080_42660_single_task_backbone_finetune\predictions\step6_expert_summary_student_20260607_183302.json,C:\Users\Admin\Desktop\ShiXiaoYu\data\FineTuneResNet\expert_models_runs\expert_run_stage6_9_66fold_test_31080_42660_single_task_backbone_finetune\predictions\evaluation_student_cbsa42660_knn_k5_none.json,C:\Users\Admin\Desktop\ShiXiaoYu\data\FineTuneResNet\expert_models_runs\expert_run_stage6_9_66fold_test_31080_42660_single_task_backbone_finetune\predictions\predictions_student_cbsa42660_knn_k5_none.csv,C:\Users\Admin\Desktop\ShiXiaoYu\data\3.26plan_tripmode_v2_66fold\folds\test_31080_42660\logs\single_task_backbone_finetune\train.log,C:\Users\Admin\Desktop\ShiXiaoYu\data\3.26plan_tripmode_v2_66fold\folds\test_31080_42660\logs\single_task_backbone_finetune\inference.log,0.08878065607852656,0.11716262774215587,0.4684409071661947,0.05816737848116059,0.07826208319335867,0.1544533716515495,0.0526722797265879,0.07916605994174498,0.38847915514166087,test_31080_42660,49,31080,42660,5,cosine,none
aef_annual_64d,31080,0.17512936415078725,0.2011803373600101,-5.981513218803522,C:\Users\Admin\Desktop\ShiXiaoYu\data\FineTuneResNet\city_prototypes_per_city\per_city_cluster_20260607_183354,C:\Users\Admin\Desktop\ShiXiaoYu\data\FineTuneResNet\expert_models_runs\expert_run_stage6_9_66fold_test_31080_47900_aef_annual_64d\predictions\step6_expert_summary_student_20260607_183426.json,C:\Users\Admin\Desktop\ShiXiaoYu\data\FineTuneResNet\expert_models_runs\expert_run_stage6_9_66fold_test_31080_47900_aef_annual_64d\predictions\evaluation_student_cbsa31080_knn_k5_none.json,C:\Users\Admin\Desktop\ShiXiaoYu\data\FineTuneResNet\expert_models_runs\expert_run_stage6_9_66fold_test_31080_47900_aef_annual_64d\predictions\predictions_student_cbsa31080_knn_k5_none.csv,C:\Users\Admin\Desktop\ShiXiaoYu\data\3.26plan_tripmode_v2_66fold\folds\test_31080_47900\logs\aef_annual_64d\train.log,C:\Users\Admin\Desktop\ShiXiaoYu\data\3.26plan_tripmode_v2_66fold\folds\test_31080_47900\logs\aef_annual_64d\inference.log,0.2483766321415683,0.28054405570019386,-6.598743157836035,0.19730112644377507,0.22585595148263848,-10.206685377421199,0.07971033386701831,0.09714100489719799,-1.139111121153332,test_31080_47900,50,31080,47900,5,cosine,none
aef_annual_64d,47900,0.06220356988352405,0.09817721448264723,0.4757921350085755,C:\Users\Admin\Desktop\ShiXiaoYu\data\FineTuneResNet\city_prototypes_per_city\per_city_cluster_20260607_183354,C:\Users\Admin\Desktop\ShiXiaoYu\data\FineTuneResNet\expert_models_runs\expert_run_stage6_9_66fold_test_31080_47900_aef_annual_64d\predictions\step6_expert_summary_student_20260607_183426.json,C:\Users\Admin\Desktop\ShiXiaoYu\data\FineTuneResNet\expert_models_runs\expert_run_stage6_9_66fold_test_31080_47900_aef_annual_64d\predictions\evaluation_student_cbsa47900_knn_k5_none.json,C:\Users\Admin\Desktop\ShiXiaoYu\data\FineTuneResNet\expert_models_runs\expert_run_stage6_9_66fold_test_31080_47900_aef_annual_64d\predictions\predictions_student_cbsa47900_knn_k5_none.csv,C:\Users\Admin\Desktop\ShiXiaoYu\data\3.26plan_tripmode_v2_66fold\folds\test_31080_47900\logs\aef_annual_64d\train.log,C:\Users\Admin\Desktop\ShiXiaoYu\data\3.26plan_tripmode_v2_66fold\folds\test_31080_47900\logs\aef_annual_64d\inference.log,0.08072100331036251,0.12156856878924878,0.5878067779372158,0.0599886388648207,0.09386931590364123,0.4088272560432106,0.04590106747538895,0.0790937587550517,0.4307423710453002,test_31080_47900,50,31080,47900,5,cosine,none
clay_v1_5_768d,31080,0.07725300466561057,0.10061309505516008,-0.6246910203109975,C:\Users\Admin\Desktop\ShiXiaoYu\data\FineTuneResNet\city_prototypes_per_city\per_city_cluster_20260607_183523,C:\Users\Admin\Desktop\ShiXiaoYu\data\FineTuneResNet\expert_models_runs\expert_run_stage6_9_66fold_test_31080_47900_clay_v1_5_768d\predictions\step6_expert_summary_student_20260607_183604.json,C:\Users\Admin\Desktop\ShiXiaoYu\data\FineTuneResNet\expert_models_runs\expert_run_stage6_9_66fold_test_31080_47900_clay_v1_5_768d\predictions\evaluation_student_cbsa31080_knn_k5_none.json,C:\Users\Admin\Desktop\ShiXiaoYu\data\FineTuneResNet\expert_models_runs\expert_run_stage6_9_66fold_test_31080_47900_clay_v1_5_768d\predictions\predictions_student_cbsa31080_knn_k5_none.csv,C:\Users\Admin\Desktop\ShiXiaoYu\data\3.26plan_tripmode_v2_66fold\folds\test_31080_47900\logs\clay_v1_5_768d\train.log,C:\Users\Admin\Desktop\ShiXiaoYu\data\3.26plan_tripmode_v2_66fold\folds\test_31080_47900\logs\clay_v1_5_768d\inference.log,0.10758660316777481,0.13649219435908722,-0.7986855881741239,0.07231328368521821,0.09147826182469515,-0.838441899584718,0.05185912714383866,0.0738688289816979,-0.23694557317415077,test_31080_47900,50,31080,47900,5,cosine,none
clay_v1_5_768d,47900,0.07885237321080925,0.11706239496334814,0.270744326900567,C:\Users\Admin\Desktop\ShiXiaoYu\data\FineTuneResNet\city_prototypes_per_city\per_city_cluster_20260607_183523,C:\Users\Admin\Desktop\ShiXiaoYu\data\FineTuneResNet\expert_models_runs\expert_run_stage6_9_66fold_test_31080_47900_clay_v1_5_768d\predictions\step6_expert_summary_student_20260607_183604.json,C:\Users\Admin\Desktop\ShiXiaoYu\data\FineTuneResNet\expert_models_runs\expert_run_stage6_9_66fold_test_31080_47900_clay_v1_5_768d\predictions\evaluation_student_cbsa47900_knn_k5_none.json,C:\Users\Admin\Desktop\ShiXiaoYu\data\FineTuneResNet\expert_models_runs\expert_run_stage6_9_66fold_test_31080_47900_clay_v1_5_768d\predictions\predictions_student_cbsa47900_knn_k5_none.csv,C:\Users\Admin\Desktop\ShiXiaoYu\data\3.26plan_tripmode_v2_66fold\folds\test_31080_47900\logs\clay_v1_5_768d\train.log,C:\Users\Admin\Desktop\ShiXiaoYu\data\3.26plan_tripmode_v2_66fold\folds\test_31080_47900\logs\clay_v1_5_768d\inference.log,0.10644951328236457,0.15216635061110179,0.3542037948411062,0.07319578387394489,0.10572698374407721,0.25003882294345825,0.056911822476118305,0.09329385053486537,0.20799036291713657,test_31080_47900,50,31080,47900,5,cosine,none
prithvi_eo_v2_1024d,31080,0.05094110001736174,0.07760452555777965,0.018844794283046862,C:\Users\Admin\Desktop\ShiXiaoYu\data\FineTuneResNet\city_prototypes_per_city\per_city_cluster_20260607_183701,C:\Users\Admin\Desktop\ShiXiaoYu\data\FineTuneResNet\expert_models_runs\expert_run_stage6_9_66fold_test_31080_47900_prithvi_eo_v2_1024d\predictions\step6_expert_summary_student_20260607_183742.json,C:\Users\Admin\Desktop\ShiXiaoYu\data\FineTuneResNet\expert_models_runs\expert_run_stage6_9_66fold_test_31080_47900_prithvi_eo_v2_1024d\predictions\evaluation_student_cbsa31080_knn_k5_none.json,C:\Users\Admin\Desktop\ShiXiaoYu\data\FineTuneResNet\expert_models_runs\expert_run_stage6_9_66fold_test_31080_47900_prithvi_eo_v2_1024d\predictions\predictions_student_cbsa31080_knn_k5_none.csv,C:\Users\Admin\Desktop\ShiXiaoYu\data\3.26plan_tripmode_v2_66fold\folds\test_31080_47900\logs\prithvi_eo_v2_1024d\train.log,C:\Users\Admin\Desktop\ShiXiaoYu\data\3.26plan_tripmode_v2_66fold\folds\test_31080_47900\logs\prithvi_eo_v2_1024d\inference.log,0.06846460734618784,0.09905807055187857,0.05263060143457121,0.045875079195266004,0.06838354323278817,-0.027347339632598056,0.038483613510631384,0.06537196288867222,0.03125112104716743,test_31080_47900,50,31080,47900,5,cosine,none
prithvi_eo_v2_1024d,47900,0.10099567007070277,0.14765188486555933,-0.12798244491012012,C:\Users\Admin\Desktop\ShiXiaoYu\data\FineTuneResNet\city_prototypes_per_city\per_city_cluster_20260607_183701,C:\Users\Admin\Desktop\ShiXiaoYu\data\FineTuneResNet\expert_models_runs\expert_run_stage6_9_66fold_test_31080_47900_prithvi_eo_v2_1024d\predictions\step6_expert_summary_student_20260607_183742.json,C:\Users\Admin\Desktop\ShiXiaoYu\data\FineTuneResNet\expert_models_runs\expert_run_stage6_9_66fold_test_31080_47900_prithvi_eo_v2_1024d\predictions\evaluation_student_cbsa47900_knn_k5_none.json,C:\Users\Admin\Desktop\ShiXiaoYu\data\FineTuneResNet\expert_models_runs\expert_run_stage6_9_66fold_test_31080_47900_prithvi_eo_v2_1024d\predictions\predictions_student_cbsa47900_knn_k5_none.csv,C:\Users\Admin\Desktop\ShiXiaoYu\data\3.26plan_tripmode_v2_66fold\folds\test_31080_47900\logs\prithvi_eo_v2_1024d\train.log,C:\Users\Admin\Desktop\ShiXiaoYu\data\3.26plan_tripmode_v2_66fold\folds\test_31080_47900\logs\prithvi_eo_v2_1024d\inference.log,0.14171187749654715,0.20180061734921312,-0.13580354401350947,0.09753842214244023,0.13502228623924556,-0.22314518955135831,0.06373671057312097,0.1061327510082193,-0.024998601165492573,test_31080_47900,50,31080,47900,5,cosine,none
imagenet_pretrain,31080,0.06375645283137128,0.0869011583513682,-0.22520711434024335,C:\Users\Admin\Desktop\ShiXiaoYu\data\FineTuneResNet\city_prototypes_per_city\per_city_cluster_20260607_183840,C:\Users\Admin\Desktop\ShiXiaoYu\data\FineTuneResNet\expert_models_runs\expert_run_stage6_9_66fold_test_31080_47900_imagenet_pretrain\predictions\step6_expert_summary_student_20260607_183929.json,C:\Users\Admin\Desktop\ShiXiaoYu\data\FineTuneResNet\expert_models_runs\expert_run_stage6_9_66fold_test_31080_47900_imagenet_pretrain\predictions\evaluation_student_cbsa31080_knn_k5_none.json,C:\Users\Admin\Desktop\ShiXiaoYu\data\FineTuneResNet\expert_models_runs\expert_run_stage6_9_66fold_test_31080_47900_imagenet_pretrain\predictions\predictions_student_cbsa31080_knn_k5_none.csv,C:\Users\Admin\Desktop\ShiXiaoYu\data\3.26plan_tripmode_v2_66fold\folds\test_31080_47900\logs\imagenet_pretrain\train.log,C:\Users\Admin\Desktop\ShiXiaoYu\data\3.26plan_tripmode_v2_66fold\folds\test_31080_47900\logs\imagenet_pretrain\inference.log,0.08576919515563887,0.11318119789152671,-0.23676787344279315,0.061975444918601866,0.07984262961044766,-0.4005021030686162,0.04352471841987311,0.06767964755213025,-0.038351366509320695,test_31080_47900,50,31080,47900,5,cosine,none
imagenet_pretrain,47900,0.07874486701506353,0.12802840474169977,0.14018864348592974,C:\Users\Admin\Desktop\ShiXiaoYu\data\FineTuneResNet\city_prototypes_per_city\per_city_cluster_20260607_183840,C:\Users\Admin\Desktop\ShiXiaoYu\data\FineTuneResNet\expert_models_runs\expert_run_stage6_9_66fold_test_31080_47900_imagenet_pretrain\predictions\step6_expert_summary_student_20260607_183929.json,C:\Users\Admin\Desktop\ShiXiaoYu\data\FineTuneResNet\expert_models_runs\expert_run_stage6_9_66fold_test_31080_47900_imagenet_pretrain\predictions\evaluation_student_cbsa47900_knn_k5_none.json,C:\Users\Admin\Desktop\ShiXiaoYu\data\FineTuneResNet\expert_models_runs\expert_run_stage6_9_66fold_test_31080_47900_imagenet_pretrain\predictions\predictions_student_cbsa47900_knn_k5_none.csv,C:\Users\Admin\Desktop\ShiXiaoYu\data\3.26plan_tripmode_v2_66fold\folds\test_31080_47900\logs\imagenet_pretrain\train.log,C:\Users\Admin\Desktop\ShiXiaoYu\data\3.26plan_tripmode_v2_66fold\folds\test_31080_47900\logs\imagenet_pretrain\inference.log,0.10835839153666212,0.17081119648541876,0.18625017516957887,0.07463357512799655,0.11517469572038802,0.1100179568656694,0.05324263438053192,0.09809932201929249,0.12429779842254096,test_31080_47900,50,31080,47900,5,cosine,none
satellite_pretrain,31080,0.046426802388447964,0.07074329345847695,0.1737782345991228,C:\Users\Admin\Desktop\ShiXiaoYu\data\FineTuneResNet\city_prototypes_per_city\per_city_cluster_20260607_184029,C:\Users\Admin\Desktop\ShiXiaoYu\data\FineTuneResNet\expert_models_runs\expert_run_stage6_9_66fold_test_31080_47900_satellite_pretrain\predictions\step6_expert_summary_student_20260607_184114.json,C:\Users\Admin\Desktop\ShiXiaoYu\data\FineTuneResNet\expert_models_runs\expert_run_stage6_9_66fold_test_31080_47900_satellite_pretrain\predictions\evaluation_student_cbsa31080_knn_k5_none.json,C:\Users\Admin\Desktop\ShiXiaoYu\data\FineTuneResNet\expert_models_runs\expert_run_stage6_9_66fold_test_31080_47900_satellite_pretrain\predictions\predictions_student_cbsa31080_knn_k5_none.csv,C:\Users\Admin\Desktop\ShiXiaoYu\data\3.26plan_tripmode_v2_66fold\folds\test_31080_47900\logs\satellite_pretrain\train.log,C:\Users\Admin\Desktop\ShiXiaoYu\data\3.26plan_tripmode_v2_66fold\folds\test_31080_47900\logs\satellite_pretrain\inference.log,0.05933424913644835,0.08752495079856733,0.26038897942262296,0.04381047182769903,0.060324213509360326,0.20053871333793905,0.03613568620119653,0.0643807160675032,0.06040701103680646,test_31080_47900,50,31080,47900,5,cosine,none
satellite_pretrain,47900,0.07885099348424927,0.12114529456448302,0.2192972111518968,C:\Users\Admin\Desktop\ShiXiaoYu\data\FineTuneResNet\city_prototypes_per_city\per_city_cluster_20260607_184029,C:\Users\Admin\Desktop\ShiXiaoYu\data\FineTuneResNet\expert_models_runs\expert_run_stage6_9_66fold_test_31080_47900_satellite_pretrain\predictions\step6_expert_summary_student_20260607_184114.json,C:\Users\Admin\Desktop\ShiXiaoYu\data\FineTuneResNet\expert_models_runs\expert_run_stage6_9_66fold_test_31080_47900_satellite_pretrain\predictions\evaluation_student_cbsa47900_knn_k5_none.json,C:\Users\Admin\Desktop\ShiXiaoYu\data\FineTuneResNet\expert_models_runs\expert_run_stage6_9_66fold_test_31080_47900_satellite_pretrain\predictions\predictions_student_cbsa47900_knn_k5_none.csv,C:\Users\Admin\Desktop\ShiXiaoYu\data\3.26plan_tripmode_v2_66fold\folds\test_31080_47900\logs\satellite_pretrain\train.log,C:\Users\Admin\Desktop\ShiXiaoYu\data\3.26plan_tripmode_v2_66fold\folds\test_31080_47900\logs\satellite_pretrain\inference.log,0.10740154341916386,0.15811805172526547,0.30269762014525115,0.07305193408517349,0.10786241848777495,0.21943800030450866,0.05609950294841046,0.09745541348040865,0.13575601300593054,test_31080_47900,50,31080,47900,5,cosine,none
single_task_backbone_finetune,31080,0.043920479884417295,0.07295704764693378,0.12694630405064422,C:\Users\Admin\Desktop\ShiXiaoYu\data\FineTuneResNet\city_prototypes_per_city\per_city_cluster_20260607_184218,C:\Users\Admin\Desktop\ShiXiaoYu\data\FineTuneResNet\expert_models_runs\expert_run_stage6_9_66fold_test_31080_47900_single_task_backbone_finetune\predictions\step6_expert_summary_student_20260607_184306.json,C:\Users\Admin\Desktop\ShiXiaoYu\data\FineTuneResNet\expert_models_runs\expert_run_stage6_9_66fold_test_31080_47900_single_task_backbone_finetune\predictions\evaluation_student_cbsa31080_knn_k5_none.json,C:\Users\Admin\Desktop\ShiXiaoYu\data\FineTuneResNet\expert_models_runs\expert_run_stage6_9_66fold_test_31080_47900_single_task_backbone_finetune\predictions\predictions_student_cbsa31080_knn_k5_none.csv,C:\Users\Admin\Desktop\ShiXiaoYu\data\3.26plan_tripmode_v2_66fold\folds\test_31080_47900\logs\single_task_backbone_finetune\train.log,C:\Users\Admin\Desktop\ShiXiaoYu\data\3.26plan_tripmode_v2_66fold\folds\test_31080_47900\logs\single_task_backbone_finetune\inference.log,0.05732954747723254,0.09142335342008635,0.19303645147627924,0.039647407747932614,0.06455157273401523,0.08456448511258052,0.03478448442808674,0.06289621678669977,0.1032379755630729,test_31080_47900,50,31080,47900,5,cosine,none
single_task_backbone_finetune,47900,0.07635325311875125,0.11129759682916013,0.3147086968290076,C:\Users\Admin\Desktop\ShiXiaoYu\data\FineTuneResNet\city_prototypes_per_city\per_city_cluster_20260607_184218,C:\Users\Admin\Desktop\ShiXiaoYu\data\FineTuneResNet\expert_models_runs\expert_run_stage6_9_66fold_test_31080_47900_single_task_backbone_finetune\predictions\step6_expert_summary_student_20260607_184306.json,C:\Users\Admin\Desktop\ShiXiaoYu\data\FineTuneResNet\expert_models_runs\expert_run_stage6_9_66fold_test_31080_47900_single_task_backbone_finetune\predictions\evaluation_student_cbsa47900_knn_k5_none.json,C:\Users\Admin\Desktop\ShiXiaoYu\data\FineTuneResNet\expert_models_runs\expert_run_stage6_9_66fold_test_31080_47900_single_task_backbone_finetune\predictions\predictions_student_cbsa47900_knn_k5_none.csv,C:\Users\Admin\Desktop\ShiXiaoYu\data\3.26plan_tripmode_v2_66fold\folds\test_31080_47900\logs\single_task_backbone_finetune\train.log,C:\Users\Admin\Desktop\ShiXiaoYu\data\3.26plan_tripmode_v2_66fold\folds\test_31080_47900\logs\single_task_backbone_finetune\inference.log,0.09675489452499005,0.1367242191627502,0.47862627352639564,0.06804833790247104,0.09900042945947675,0.34243111632478684,0.06425652692879268,0.0981681418652534,0.1230687006358403,test_31080_47900,50,31080,47900,5,cosine,none
aef_annual_64d,33100,0.0682258096790974,0.09450569528060056,-1.0513425660622986,C:\Users\Admin\Desktop\ShiXiaoYu\data\FineTuneResNet\city_prototypes_per_city\per_city_cluster_20260607_184403,C:\Users\Admin\Desktop\ShiXiaoYu\data\FineTuneResNet\expert_models_runs\expert_run_stage6_9_66fold_test_33100_35620_aef_annual_64d\predictions\step6_expert_summary_student_20260607_184430.json,C:\Users\Admin\Desktop\ShiXiaoYu\data\FineTuneResNet\expert_models_runs\expert_run_stage6_9_66fold_test_33100_35620_aef_annual_64d\predictions\evaluation_student_cbsa33100_knn_k5_none.json,C:\Users\Admin\Desktop\ShiXiaoYu\data\FineTuneResNet\expert_models_runs\expert_run_stage6_9_66fold_test_33100_35620_aef_annual_64d\predictions\predictions_student_cbsa33100_knn_k5_none.csv,C:\Users\Admin\Desktop\ShiXiaoYu\data\3.26plan_tripmode_v2_66fold\folds\test_33100_35620\logs\aef_annual_64d\train.log,C:\Users\Admin\Desktop\ShiXiaoYu\data\3.26plan_tripmode_v2_66fold\folds\test_33100_35620\logs\aef_annual_64d\inference.log,0.0958015481088847,0.1318498240113056,-1.0952028426069016,0.05690913704215143,0.07821935860571855,-2.012160413492436,0.05196674388625609,0.07344790322477751,-0.046664442087558156,test_33100_35620,51,33100,35620,5,cosine,none
aef_annual_64d,35620,0.1797357269700296,0.23738786219436184,-0.018065273322413773,C:\Users\Admin\Desktop\ShiXiaoYu\data\FineTuneResNet\city_prototypes_per_city\per_city_cluster_20260607_184403,C:\Users\Admin\Desktop\ShiXiaoYu\data\FineTuneResNet\expert_models_runs\expert_run_stage6_9_66fold_test_33100_35620_aef_annual_64d\predictions\step6_expert_summary_student_20260607_184430.json,C:\Users\Admin\Desktop\ShiXiaoYu\data\FineTuneResNet\expert_models_runs\expert_run_stage6_9_66fold_test_33100_35620_aef_annual_64d\predictions\evaluation_student_cbsa35620_knn_k5_none.json,C:\Users\Admin\Desktop\ShiXiaoYu\data\FineTuneResNet\expert_models_runs\expert_run_stage6_9_66fold_test_33100_35620_aef_annual_64d\predictions\predictions_student_cbsa35620_knn_k5_none.csv,C:\Users\Admin\Desktop\ShiXiaoYu\data\3.26plan_tripmode_v2_66fold\folds\test_33100_35620\logs\aef_annual_64d\train.log,C:\Users\Admin\Desktop\ShiXiaoYu\data\3.26plan_tripmode_v2_66fold\folds\test_33100_35620\logs\aef_annual_64d\inference.log,0.2454888580256247,0.31525683595081,-0.007293436830006161,0.21353099909790163,0.28458742560465944,-0.24709610432327977,0.08018732378656249,0.1123193250276161,0.20019372118604462,test_33100_35620,51,33100,35620,5,cosine,none
clay_v1_5_768d,33100,0.06980621987898182,0.0874500144196188,-0.7019945625158547,C:\Users\Admin\Desktop\ShiXiaoYu\data\FineTuneResNet\city_prototypes_per_city\per_city_cluster_20260607_184532,C:\Users\Admin\Desktop\ShiXiaoYu\data\FineTuneResNet\expert_models_runs\expert_run_stage6_9_66fold_test_33100_35620_clay_v1_5_768d\predictions\step6_expert_summary_student_20260607_184611.json,C:\Users\Admin\Desktop\ShiXiaoYu\data\FineTuneResNet\expert_models_runs\expert_run_stage6_9_66fold_test_33100_35620_clay_v1_5_768d\predictions\evaluation_student_cbsa33100_knn_k5_none.json,C:\Users\Admin\Desktop\ShiXiaoYu\data\FineTuneResNet\expert_models_runs\expert_run_stage6_9_66fold_test_33100_35620_clay_v1_5_768d\predictions\predictions_student_cbsa33100_knn_k5_none.csv,C:\Users\Admin\Desktop\ShiXiaoYu\data\3.26plan_tripmode_v2_66fold\folds\test_33100_35620\logs\clay_v1_5_768d\train.log,C:\Users\Admin\Desktop\ShiXiaoYu\data\3.26plan_tripmode_v2_66fold\folds\test_33100_35620\logs\clay_v1_5_768d\inference.log,0.09791085670515749,0.11945033858018957,-0.7196566200476993,0.05705990663985983,0.06855851942750656,-1.3140484940654766,0.05444789629192815,0.0743411852511603,-0.07227857343438782,test_33100_35620,51,33100,35620,5,cosine,none
clay_v1_5_768d,35620,0.16737690813705416,0.2181148888652719,0.04213765369500463,C:\Users\Admin\Desktop\ShiXiaoYu\data\FineTuneResNet\city_prototypes_per_city\per_city_cluster_20260607_184532,C:\Users\Admin\Desktop\ShiXiaoYu\data\FineTuneResNet\expert_models_runs\expert_run_stage6_9_66fold_test_33100_35620_clay_v1_5_768d\predictions\step6_expert_summary_student_20260607_184611.json,C:\Users\Admin\Desktop\ShiXiaoYu\data\FineTuneResNet\expert_models_runs\expert_run_stage6_9_66fold_test_33100_35620_clay_v1_5_768d\predictions\evaluation_student_cbsa35620_knn_k5_none.json,C:\Users\Admin\Desktop\ShiXiaoYu\data\FineTuneResNet\expert_models_runs\expert_run_stage6_9_66fold_test_33100_35620_clay_v1_5_768d\predictions\predictions_student_cbsa35620_knn_k5_none.csv,C:\Users\Admin\Desktop\ShiXiaoYu\data\3.26plan_tripmode_v2_66fold\folds\test_33100_35620\logs\clay_v1_5_768d\train.log,C:\Users\Admin\Desktop\ShiXiaoYu\data\3.26plan_tripmode_v2_66fold\folds\test_33100_35620\logs\clay_v1_5_768d\inference.log,0.20418211602155914,0.2607882868035258,0.28777747453245794,0.21362830247529996,0.2834095303316385,-0.20229768843847595,0.08432030591430342,0.11014684946065142,0.040933174991031884,test_33100_35620,51,33100,35620,5,cosine,none
prithvi_eo_v2_1024d,33100,0.09989354306408227,0.11512437678379912,-2.161562459870121,C:\Users\Admin\Desktop\ShiXiaoYu\data\FineTuneResNet\city_prototypes_per_city\per_city_cluster_20260607_184709,C:\Users\Admin\Desktop\ShiXiaoYu\data\FineTuneResNet\expert_models_runs\expert_run_stage6_9_66fold_test_33100_35620_prithvi_eo_v2_1024d\predictions\step6_expert_summary_student_20260607_184747.json,C:\Users\Admin\Desktop\ShiXiaoYu\data\FineTuneResNet\expert_models_runs\expert_run_stage6_9_66fold_test_33100_35620_prithvi_eo_v2_1024d\predictions\evaluation_student_cbsa33100_knn_k5_none.json,C:\Users\Admin\Desktop\ShiXiaoYu\data\FineTuneResNet\expert_models_runs\expert_run_stage6_9_66fold_test_33100_35620_prithvi_eo_v2_1024d\predictions\predictions_student_cbsa33100_knn_k5_none.csv,C:\Users\Admin\Desktop\ShiXiaoYu\data\3.26plan_tripmode_v2_66fold\folds\test_33100_35620\logs\prithvi_eo_v2_1024d\train.log,C:\Users\Admin\Desktop\ShiXiaoYu\data\3.26plan_tripmode_v2_66fold\folds\test_33100_35620\logs\prithvi_eo_v2_1024d\inference.log,0.14266282832208127,0.16122100281269172,-2.1326379303052794,0.08996074565665496,0.10082634453690564,-4.004925761854851,0.0670570552135106,0.08332578300180005,-0.3471236874502328,test_33100_35620,51,33100,35620,5,cosine,none
prithvi_eo_v2_1024d,35620,0.20633843786544329,0.2766851003252812,-0.41670761368330594,C:\Users\Admin\Desktop\ShiXiaoYu\data\FineTuneResNet\city_prototypes_per_city\per_city_cluster_20260607_184709,C:\Users\Admin\Desktop\ShiXiaoYu\data\FineTuneResNet\expert_models_runs\expert_run_stage6_9_66fold_test_33100_35620_prithvi_eo_v2_1024d\predictions\step6_expert_summary_student_20260607_184747.json,C:\Users\Admin\Desktop\ShiXiaoYu\data\FineTuneResNet\expert_models_runs\expert_run_stage6_9_66fold_test_33100_35620_prithvi_eo_v2_1024d\predictions\evaluation_student_cbsa35620_knn_k5_none.json,C:\Users\Admin\Desktop\ShiXiaoYu\data\FineTuneResNet\expert_models_runs\expert_run_stage6_9_66fold_test_33100_35620_prithvi_eo_v2_1024d\predictions\predictions_student_cbsa35620_knn_k5_none.csv,C:\Users\Admin\Desktop\ShiXiaoYu\data\3.26plan_tripmode_v2_66fold\folds\test_33100_35620\logs\prithvi_eo_v2_1024d\train.log,C:\Users\Admin\Desktop\ShiXiaoYu\data\3.26plan_tripmode_v2_66fold\folds\test_33100_35620\logs\prithvi_eo_v2_1024d\inference.log,0.2836113900575201,0.37091327092124204,-0.440735597510167,0.26015295748387984,0.3452808754591822,-0.7845476951284591,0.07525096605492987,0.11386115459541948,-0.024839548411291767,test_33100_35620,51,33100,35620,5,cosine,none
imagenet_pretrain,33100,0.05699373802744967,0.07518717695060874,-0.2762364521086969,C:\Users\Admin\Desktop\ShiXiaoYu\data\FineTuneResNet\city_prototypes_per_city\per_city_cluster_20260607_184850,C:\Users\Admin\Desktop\ShiXiaoYu\data\FineTuneResNet\expert_models_runs\expert_run_stage6_9_66fold_test_33100_35620_imagenet_pretrain\predictions\step6_expert_summary_student_20260607_184936.json,C:\Users\Admin\Desktop\ShiXiaoYu\data\FineTuneResNet\expert_models_runs\expert_run_stage6_9_66fold_test_33100_35620_imagenet_pretrain\predictions\evaluation_student_cbsa33100_knn_k5_none.json,C:\Users\Admin\Desktop\ShiXiaoYu\data\FineTuneResNet\expert_models_runs\expert_run_stage6_9_66fold_test_33100_35620_imagenet_pretrain\predictions\predictions_student_cbsa33100_knn_k5_none.csv,C:\Users\Admin\Desktop\ShiXiaoYu\data\3.26plan_tripmode_v2_66fold\folds\test_33100_35620\logs\imagenet_pretrain\train.log,C:\Users\Admin\Desktop\ShiXiaoYu\data\3.26plan_tripmode_v2_66fold\folds\test_33100_35620\logs\imagenet_pretrain\inference.log,0.07637498353903739,0.09716703572562768,-0.13790203357301634,0.04889617029539851,0.06033125842410946,-0.7919849754938302,0.045710060247913104,0.0680632367020891,0.10117765274075574,test_33100_35620,51,33100,35620,5,cosine,none
imagenet_pretrain,35620,0.18638507246204092,0.24857122401046874,-0.14401430092880196,C:\Users\Admin\Desktop\ShiXiaoYu\data\FineTuneResNet\city_prototypes_per_city\per_city_cluster_20260607_184850,C:\Users\Admin\Desktop\ShiXiaoYu\data\FineTuneResNet\expert_models_runs\expert_run_stage6_9_66fold_test_33100_35620_imagenet_pretrain\predictions\step6_expert_summary_student_20260607_184936.json,C:\Users\Admin\Desktop\ShiXiaoYu\data\FineTuneResNet\expert_models_runs\expert_run_stage6_9_66fold_test_33100_35620_imagenet_pretrain\predictions\evaluation_student_cbsa35620_knn_k5_none.json,C:\Users\Admin\Desktop\ShiXiaoYu\data\FineTuneResNet\expert_models_runs\expert_run_stage6_9_66fold_test_33100_35620_imagenet_pretrain\predictions\predictions_student_cbsa35620_knn_k5_none.csv,C:\Users\Admin\Desktop\ShiXiaoYu\data\3.26plan_tripmode_v2_66fold\folds\test_33100_35620\logs\imagenet_pretrain\train.log,C:\Users\Admin\Desktop\ShiXiaoYu\data\3.26plan_tripmode_v2_66fold\folds\test_33100_35620\logs\imagenet_pretrain\inference.log,0.25473030808543917,0.32985499234990123,-0.139424793474914,0.23701940906544403,0.3145103482146381,-0.48065197511302116,0.0674055002352395,0.10134833146686698,0.18803386580152925,test_33100_35620,51,33100,35620,5,cosine,none
satellite_pretrain,33100,0.06047892810512234,0.07992545371188356,-0.44748275839420887,C:\Users\Admin\Desktop\ShiXiaoYu\data\FineTuneResNet\city_prototypes_per_city\per_city_cluster_20260607_185037,C:\Users\Admin\Desktop\ShiXiaoYu\data\FineTuneResNet\expert_models_runs\expert_run_stage6_9_66fold_test_33100_35620_satellite_pretrain\predictions\step6_expert_summary_student_20260607_185120.json,C:\Users\Admin\Desktop\ShiXiaoYu\data\FineTuneResNet\expert_models_runs\expert_run_stage6_9_66fold_test_33100_35620_satellite_pretrain\predictions\evaluation_student_cbsa33100_knn_k5_none.json,C:\Users\Admin\Desktop\ShiXiaoYu\data\FineTuneResNet\expert_models_runs\expert_run_stage6_9_66fold_test_33100_35620_satellite_pretrain\predictions\predictions_student_cbsa33100_knn_k5_none.csv,C:\Users\Admin\Desktop\ShiXiaoYu\data\3.26plan_tripmode_v2_66fold\folds\test_33100_35620\logs\satellite_pretrain\train.log,C:\Users\Admin\Desktop\ShiXiaoYu\data\3.26plan_tripmode_v2_66fold\folds\test_33100_35620\logs\satellite_pretrain\inference.log,0.08287307779549699,0.10572771206790196,-0.347238962412064,0.05320499725900349,0.06473289033210138,-1.0630017351872034,0.045358709260866534,0.06931575873564735,0.06779242241664074,test_33100_35620,51,33100,35620,5,cosine,none
satellite_pretrain,35620,0.20133997519585878,0.2717634079091165,-0.3595157316609061,C:\Users\Admin\Desktop\ShiXiaoYu\data\FineTuneResNet\city_prototypes_per_city\per_city_cluster_20260607_185037,C:\Users\Admin\Desktop\ShiXiaoYu\data\FineTuneResNet\expert_models_runs\expert_run_stage6_9_66fold_test_33100_35620_satellite_pretrain\predictions\step6_expert_summary_student_20260607_185120.json,C:\Users\Admin\Desktop\ShiXiaoYu\data\FineTuneResNet\expert_models_runs\expert_run_stage6_9_66fold_test_33100_35620_satellite_pretrain\predictions\evaluation_student_cbsa35620_knn_k5_none.json,C:\Users\Admin\Desktop\ShiXiaoYu\data\FineTuneResNet\expert_models_runs\expert_run_stage6_9_66fold_test_33100_35620_satellite_pretrain\predictions\predictions_student_cbsa35620_knn_k5_none.csv,C:\Users\Admin\Desktop\ShiXiaoYu\data\3.26plan_tripmode_v2_66fold\folds\test_33100_35620\logs\satellite_pretrain\train.log,C:\Users\Admin\Desktop\ShiXiaoYu\data\3.26plan_tripmode_v2_66fold\folds\test_33100_35620\logs\satellite_pretrain\inference.log,0.27854587905176337,0.3652407676431974,-0.3970052431260991,0.25689333388735625,0.3408695721121555,-0.7392402695448543,0.06858071264845664,0.10917988397199647,0.05769831768823497,test_33100_35620,51,33100,35620,5,cosine,none
single_task_backbone_finetune,33100,0.054782223598088826,0.07922783411111467,-0.5051799931003883,C:\Users\Admin\Desktop\ShiXiaoYu\data\FineTuneResNet\city_prototypes_per_city\per_city_cluster_20260607_185222,C:\Users\Admin\Desktop\ShiXiaoYu\data\FineTuneResNet\expert_models_runs\expert_run_stage6_9_66fold_test_33100_35620_single_task_backbone_finetune\predictions\step6_expert_summary_student_20260607_185307.json,C:\Users\Admin\Desktop\ShiXiaoYu\data\FineTuneResNet\expert_models_runs\expert_run_stage6_9_66fold_test_33100_35620_single_task_backbone_finetune\predictions\evaluation_student_cbsa33100_knn_k5_none.json,C:\Users\Admin\Desktop\ShiXiaoYu\data\FineTuneResNet\expert_models_runs\expert_run_stage6_9_66fold_test_33100_35620_single_task_backbone_finetune\predictions\predictions_student_cbsa33100_knn_k5_none.csv,C:\Users\Admin\Desktop\ShiXiaoYu\data\3.26plan_tripmode_v2_66fold\folds\test_33100_35620\logs\single_task_backbone_finetune\train.log,C:\Users\Admin\Desktop\ShiXiaoYu\data\3.26plan_tripmode_v2_66fold\folds\test_33100_35620\logs\single_task_backbone_finetune\inference.log,0.07193035200052714,0.10094852730593493,-0.22819391373760323,0.04974650623872626,0.0702519067278856,-1.429773705176058,0.0426698125550131,0.06648306829952351,0.14242763961249605,test_33100_35620,51,33100,35620,5,cosine,none
single_task_backbone_finetune,35620,0.14276447990369978,0.18580947539156425,0.07515445228139202,C:\Users\Admin\Desktop\ShiXiaoYu\data\FineTuneResNet\city_prototypes_per_city\per_city_cluster_20260607_185222,C:\Users\Admin\Desktop\ShiXiaoYu\data\FineTuneResNet\expert_models_runs\expert_run_stage6_9_66fold_test_33100_35620_single_task_backbone_finetune\predictions\step6_expert_summary_student_20260607_185307.json,C:\Users\Admin\Desktop\ShiXiaoYu\data\FineTuneResNet\expert_models_runs\expert_run_stage6_9_66fold_test_33100_35620_single_task_backbone_finetune\predictions\evaluation_student_cbsa35620_knn_k5_none.json,C:\Users\Admin\Desktop\ShiXiaoYu\data\FineTuneResNet\expert_models_runs\expert_run_stage6_9_66fold_test_33100_35620_single_task_backbone_finetune\predictions\predictions_student_cbsa35620_knn_k5_none.csv,C:\Users\Admin\Desktop\ShiXiaoYu\data\3.26plan_tripmode_v2_66fold\folds\test_33100_35620\logs\single_task_backbone_finetune\train.log,C:\Users\Admin\Desktop\ShiXiaoYu\data\3.26plan_tripmode_v2_66fold\folds\test_33100_35620\logs\single_task_backbone_finetune\inference.log,0.1422953546472399,0.18265134499011237,0.650630256159808,0.17457253000286999,0.23148804697123554,0.19787832296835917,0.11142555506098942,0.1432890342133449,-0.6230452222839911,test_33100_35620,51,33100,35620,5,cosine,none
aef_annual_64d,33100,0.07030534342337565,0.09947767904963152,-1.3962930013865902,C:\Users\Admin\Desktop\ShiXiaoYu\data\FineTuneResNet\city_prototypes_per_city\per_city_cluster_20260607_185402,C:\Users\Admin\Desktop\ShiXiaoYu\data\FineTuneResNet\expert_models_runs\expert_run_stage6_9_66fold_test_33100_38060_aef_annual_64d\predictions\step6_expert_summary_student_20260607_185431.json,C:\Users\Admin\Desktop\ShiXiaoYu\data\FineTuneResNet\expert_models_runs\expert_run_stage6_9_66fold_test_33100_38060_aef_annual_64d\predictions\evaluation_student_cbsa33100_knn_k5_none.json,C:\Users\Admin\Desktop\ShiXiaoYu\data\FineTuneResNet\expert_models_runs\expert_run_stage6_9_66fold_test_33100_38060_aef_annual_64d\predictions\predictions_student_cbsa33100_knn_k5_none.csv,C:\Users\Admin\Desktop\ShiXiaoYu\data\3.26plan_tripmode_v2_66fold\folds\test_33100_38060\logs\aef_annual_64d\train.log,C:\Users\Admin\Desktop\ShiXiaoYu\data\3.26plan_tripmode_v2_66fold\folds\test_33100_38060\logs\aef_annual_64d\inference.log,0.09758224264514921,0.13749365280111817,-1.2784120341303264,0.06211904490363045,0.0891115383828087,-2.909466338995626,0.0512147427213473,0.07182784596496772,-0.001000631033817534,test_33100_38060,52,33100,38060,5,cosine,none
aef_annual_64d,38060,0.05401810369981849,0.06629853697776796,-2.0426574376537947,C:\Users\Admin\Desktop\ShiXiaoYu\data\FineTuneResNet\city_prototypes_per_city\per_city_cluster_20260607_185402,C:\Users\Admin\Desktop\ShiXiaoYu\data\FineTuneResNet\expert_models_runs\expert_run_stage6_9_66fold_test_33100_38060_aef_annual_64d\predictions\step6_expert_summary_student_20260607_185431.json,C:\Users\Admin\Desktop\ShiXiaoYu\data\FineTuneResNet\expert_models_runs\expert_run_stage6_9_66fold_test_33100_38060_aef_annual_64d\predictions\evaluation_student_cbsa38060_knn_k5_none.json,C:\Users\Admin\Desktop\ShiXiaoYu\data\FineTuneResNet\expert_models_runs\expert_run_stage6_9_66fold_test_33100_38060_aef_annual_64d\predictions\predictions_student_cbsa38060_knn_k5_none.csv,C:\Users\Admin\Desktop\ShiXiaoYu\data\3.26plan_tripmode_v2_66fold\folds\test_33100_38060\logs\aef_annual_64d\train.log,C:\Users\Admin\Desktop\ShiXiaoYu\data\3.26plan_tripmode_v2_66fold\folds\test_33100_38060\logs\aef_annual_64d\inference.log,0.07355621331903167,0.0885157191621078,-1.3011032444817427,0.05098686443426699,0.06045723274902271,-4.728112066284537,0.03751123334615682,0.049922659022173355,-0.09875700219510342,test_33100_38060,52,33100,38060,5,cosine,none
clay_v1_5_768d,33100,0.07725220505120063,0.09531467275778926,-1.1332737854255013,C:\Users\Admin\Desktop\ShiXiaoYu\data\FineTuneResNet\city_prototypes_per_city\per_city_cluster_20260607_185530,C:\Users\Admin\Desktop\ShiXiaoYu\data\FineTuneResNet\expert_models_runs\expert_run_stage6_9_66fold_test_33100_38060_clay_v1_5_768d\predictions\step6_expert_summary_student_20260607_185607.json,C:\Users\Admin\Desktop\ShiXiaoYu\data\FineTuneResNet\expert_models_runs\expert_run_stage6_9_66fold_test_33100_38060_clay_v1_5_768d\predictions\evaluation_student_cbsa33100_knn_k5_none.json,C:\Users\Admin\Desktop\ShiXiaoYu\data\FineTuneResNet\expert_models_runs\expert_run_stage6_9_66fold_test_33100_38060_clay_v1_5_768d\predictions\predictions_student_cbsa33100_knn_k5_none.csv,C:\Users\Admin\Desktop\ShiXiaoYu\data\3.26plan_tripmode_v2_66fold\folds\test_33100_38060\logs\clay_v1_5_768d\train.log,C:\Users\Admin\Desktop\ShiXiaoYu\data\3.26plan_tripmode_v2_66fold\folds\test_33100_38060\logs\clay_v1_5_768d\inference.log,0.10689422794360698,0.12995028180881718,-1.0352671221270273,0.06894268644732776,0.08184398354514667,-2.2977908942462735,0.05591970076266717,0.07414975291940397,-0.06676333990320282,test_33100_38060,52,33100,38060,5,cosine,none
clay_v1_5_768d,38060,0.05667610928273934,0.06743027988728857,-2.0766936823974,C:\Users\Admin\Desktop\ShiXiaoYu\data\FineTuneResNet\city_prototypes_per_city\per_city_cluster_20260607_185530,C:\Users\Admin\Desktop\ShiXiaoYu\data\FineTuneResNet\expert_models_runs\expert_run_stage6_9_66fold_test_33100_38060_clay_v1_5_768d\predictions\step6_expert_summary_student_20260607_185607.json,C:\Users\Admin\Desktop\ShiXiaoYu\data\FineTuneResNet\expert_models_runs\expert_run_stage6_9_66fold_test_33100_38060_clay_v1_5_768d\predictions\evaluation_student_cbsa38060_knn_k5_none.json,C:\Users\Admin\Desktop\ShiXiaoYu\data\FineTuneResNet\expert_models_runs\expert_run_stage6_9_66fold_test_33100_38060_clay_v1_5_768d\predictions\predictions_student_cbsa38060_knn_k5_none.csv,C:\Users\Admin\Desktop\ShiXiaoYu\data\3.26plan_tripmode_v2_66fold\folds\test_33100_38060\logs\clay_v1_5_768d\train.log,C:\Users\Admin\Desktop\ShiXiaoYu\data\3.26plan_tripmode_v2_66fold\folds\test_33100_38060\logs\clay_v1_5_768d\inference.log,0.07540218053068189,0.0886657134216787,-1.3089085183792144,0.053183833477802436,0.06008229029592936,-4.657283400380814,0.041442313839733715,0.05354283594425767,-0.26388912843217116,test_33100_38060,52,33100,38060,5,cosine,none
prithvi_eo_v2_1024d,33100,0.11351816234984063,0.12918478175022977,-3.195655627207866,C:\Users\Admin\Desktop\ShiXiaoYu\data\FineTuneResNet\city_prototypes_per_city\per_city_cluster_20260607_185707,C:\Users\Admin\Desktop\ShiXiaoYu\data\FineTuneResNet\expert_models_runs\expert_run_stage6_9_66fold_test_33100_38060_prithvi_eo_v2_1024d\predictions\step6_expert_summary_student_20260607_185743.json,C:\Users\Admin\Desktop\ShiXiaoYu\data\FineTuneResNet\expert_models_runs\expert_run_stage6_9_66fold_test_33100_38060_prithvi_eo_v2_1024d\predictions\evaluation_student_cbsa33100_knn_k5_none.json,C:\Users\Admin\Desktop\ShiXiaoYu\data\FineTuneResNet\expert_models_runs\expert_run_stage6_9_66fold_test_33100_38060_prithvi_eo_v2_1024d\predictions\predictions_student_cbsa33100_knn_k5_none.csv,C:\Users\Admin\Desktop\ShiXiaoYu\data\3.26plan_tripmode_v2_66fold\folds\test_33100_38060\logs\prithvi_eo_v2_1024d\train.log,C:\Users\Admin\Desktop\ShiXiaoYu\data\3.26plan_tripmode_v2_66fold\folds\test_33100_38060\logs\prithvi_eo_v2_1024d\inference.log,0.1638527781000068,0.18368518525153726,-3.06644803585898,0.10991511535393095,0.12076996730260538,-6.180711744499219,0.06678659359558413,0.08309919269654667,-0.3398071012653976,test_33100_38060,52,33100,38060,5,cosine,none
prithvi_eo_v2_1024d,38060,0.05384000888414556,0.06478565434371139,-1.9333961457923898,C:\Users\Admin\Desktop\ShiXiaoYu\data\FineTuneResNet\city_prototypes_per_city\per_city_cluster_20260607_185707,C:\Users\Admin\Desktop\ShiXiaoYu\data\FineTuneResNet\expert_models_runs\expert_run_stage6_9_66fold_test_33100_38060_prithvi_eo_v2_1024d\predictions\step6_expert_summary_student_20260607_185743.json,C:\Users\Admin\Desktop\ShiXiaoYu\data\FineTuneResNet\expert_models_runs\expert_run_stage6_9_66fold_test_33100_38060_prithvi_eo_v2_1024d\predictions\evaluation_student_cbsa38060_knn_k5_none.json,C:\Users\Admin\Desktop\ShiXiaoYu\data\FineTuneResNet\expert_models_runs\expert_run_stage6_9_66fold_test_33100_38060_prithvi_eo_v2_1024d\predictions\predictions_student_cbsa38060_knn_k5_none.csv,C:\Users\Admin\Desktop\ShiXiaoYu\data\3.26plan_tripmode_v2_66fold\folds\test_33100_38060\logs\prithvi_eo_v2_1024d\train.log,C:\Users\Admin\Desktop\ShiXiaoYu\data\3.26plan_tripmode_v2_66fold\folds\test_33100_38060\logs\prithvi_eo_v2_1024d\inference.log,0.07028049612646714,0.08398208961560144,-1.0714223276983046,0.053090332060262015,0.05977803971236044,-4.60013265940414,0.038149198465707516,0.050596833703172285,-0.12863345027472461,test_33100_38060,52,33100,38060,5,cosine,none
imagenet_pretrain,33100,0.06553468950866517,0.08605595778670039,-0.8063905719894287,C:\Users\Admin\Desktop\ShiXiaoYu\data\FineTuneResNet\city_prototypes_per_city\per_city_cluster_20260607_185847,C:\Users\Admin\Desktop\ShiXiaoYu\data\FineTuneResNet\expert_models_runs\expert_run_stage6_9_66fold_test_33100_38060_imagenet_pretrain\predictions\step6_expert_summary_student_20260607_185930.json,C:\Users\Admin\Desktop\ShiXiaoYu\data\FineTuneResNet\expert_models_runs\expert_run_stage6_9_66fold_test_33100_38060_imagenet_pretrain\predictions\evaluation_student_cbsa33100_knn_k5_none.json,C:\Users\Admin\Desktop\ShiXiaoYu\data\FineTuneResNet\expert_models_runs\expert_run_stage6_9_66fold_test_33100_38060_imagenet_pretrain\predictions\predictions_student_cbsa33100_knn_k5_none.csv,C:\Users\Admin\Desktop\ShiXiaoYu\data\3.26plan_tripmode_v2_66fold\folds\test_33100_38060\logs\imagenet_pretrain\train.log,C:\Users\Admin\Desktop\ShiXiaoYu\data\3.26plan_tripmode_v2_66fold\folds\test_33100_38060\logs\imagenet_pretrain\inference.log,0.08753748997440998,0.11095110717411516,-0.4836458513124835,0.06227801543998522,0.07821340790926973,-2.0117021184929413,0.04678856311160032,0.06900335827671628,0.07617625383713911,test_33100_38060,52,33100,38060,5,cosine,none
imagenet_pretrain,38060,0.05044921267265038,0.062013290028054224,-1.6507441088911294,C:\Users\Admin\Desktop\ShiXiaoYu\data\FineTuneResNet\city_prototypes_per_city\per_city_cluster_20260607_185847,C:\Users\Admin\Desktop\ShiXiaoYu\data\FineTuneResNet\expert_models_runs\expert_run_stage6_9_66fold_test_33100_38060_imagenet_pretrain\predictions\step6_expert_summary_student_20260607_185930.json,C:\Users\Admin\Desktop\ShiXiaoYu\data\FineTuneResNet\expert_models_runs\expert_run_stage6_9_66fold_test_33100_38060_imagenet_pretrain\predictions\evaluation_student_cbsa38060_knn_k5_none.json,C:\Users\Admin\Desktop\ShiXiaoYu\data\FineTuneResNet\expert_models_runs\expert_run_stage6_9_66fold_test_33100_38060_imagenet_pretrain\predictions\predictions_student_cbsa38060_knn_k5_none.csv,C:\Users\Admin\Desktop\ShiXiaoYu\data\3.26plan_tripmode_v2_66fold\folds\test_33100_38060\logs\imagenet_pretrain\train.log,C:\Users\Admin\Desktop\ShiXiaoYu\data\3.26plan_tripmode_v2_66fold\folds\test_33100_38060\logs\imagenet_pretrain\inference.log,0.06728725476615934,0.08093607380060473,-0.9238870277662776,0.04964522290511332,0.05638126691096576,-3.9817810622614456,0.034415160346678506,0.0487225293725922,-0.04656423664566467,test_33100_38060,52,33100,38060,5,cosine,none
satellite_pretrain,33100,0.07380055923169772,0.09704407540231604,-1.4180149336045016,C:\Users\Admin\Desktop\ShiXiaoYu\data\FineTuneResNet\city_prototypes_per_city\per_city_cluster_20260607_190031,C:\Users\Admin\Desktop\ShiXiaoYu\data\FineTuneResNet\expert_models_runs\expert_run_stage6_9_66fold_test_33100_38060_satellite_pretrain\predictions\step6_expert_summary_student_20260607_190112.json,C:\Users\Admin\Desktop\ShiXiaoYu\data\FineTuneResNet\expert_models_runs\expert_run_stage6_9_66fold_test_33100_38060_satellite_pretrain\predictions\evaluation_student_cbsa33100_knn_k5_none.json,C:\Users\Admin\Desktop\ShiXiaoYu\data\FineTuneResNet\expert_models_runs\expert_run_stage6_9_66fold_test_33100_38060_satellite_pretrain\predictions\predictions_student_cbsa33100_knn_k5_none.csv,C:\Users\Admin\Desktop\ShiXiaoYu\data\3.26plan_tripmode_v2_66fold\folds\test_33100_38060\logs\satellite_pretrain\train.log,C:\Users\Admin\Desktop\ShiXiaoYu\data\3.26plan_tripmode_v2_66fold\folds\test_33100_38060\logs\satellite_pretrain\inference.log,0.0999141228622119,0.12684324003256595,-0.9391063101241863,0.07456799565319833,0.09409501788460495,-3.3589597018056985,0.04691955917968292,0.07019396828977723,0.04402121111637991,test_33100_38060,52,33100,38060,5,cosine,none
satellite_pretrain,38060,0.040173784159094124,0.05530156400639317,-1.1213283037166966,C:\Users\Admin\Desktop\ShiXiaoYu\data\FineTuneResNet\city_prototypes_per_city\per_city_cluster_20260607_190031,C:\Users\Admin\Desktop\ShiXiaoYu\data\FineTuneResNet\expert_models_runs\expert_run_stage6_9_66fold_test_33100_38060_satellite_pretrain\predictions\step6_expert_summary_student_20260607_190112.json,C:\Users\Admin\Desktop\ShiXiaoYu\data\FineTuneResNet\expert_models_runs\expert_run_stage6_9_66fold_test_33100_38060_satellite_pretrain\predictions\evaluation_student_cbsa38060_knn_k5_none.json,C:\Users\Admin\Desktop\ShiXiaoYu\data\FineTuneResNet\expert_models_runs\expert_run_stage6_9_66fold_test_33100_38060_satellite_pretrain\predictions\predictions_student_cbsa38060_knn_k5_none.csv,C:\Users\Admin\Desktop\ShiXiaoYu\data\3.26plan_tripmode_v2_66fold\folds\test_33100_38060\logs\satellite_pretrain\train.log,C:\Users\Admin\Desktop\ShiXiaoYu\data\3.26plan_tripmode_v2_66fold\folds\test_33100_38060\logs\satellite_pretrain\inference.log,0.04990101018084217,0.06754207735546931,-0.3398128170633439,0.03959050133482393,0.05065087096551419,-3.020580961686477,0.031029840961616262,0.04771174369819599,-0.0035911324002688705,test_33100_38060,52,33100,38060,5,cosine,none
single_task_backbone_finetune,33100,0.05503557857319686,0.08136954408346209,-0.5685507431751363,C:\Users\Admin\Desktop\ShiXiaoYu\data\FineTuneResNet\city_prototypes_per_city\per_city_cluster_20260607_190216,C:\Users\Admin\Desktop\ShiXiaoYu\data\FineTuneResNet\expert_models_runs\expert_run_stage6_9_66fold_test_33100_38060_single_task_backbone_finetune\predictions\step6_expert_summary_student_20260607_190259.json,C:\Users\Admin\Desktop\ShiXiaoYu\data\FineTuneResNet\expert_models_runs\expert_run_stage6_9_66fold_test_33100_38060_single_task_backbone_finetune\predictions\evaluation_student_cbsa33100_knn_k5_none.json,C:\Users\Admin\Desktop\ShiXiaoYu\data\FineTuneResNet\expert_models_runs\expert_run_stage6_9_66fold_test_33100_38060_single_task_backbone_finetune\predictions\predictions_student_cbsa33100_knn_k5_none.csv,C:\Users\Admin\Desktop\ShiXiaoYu\data\3.26plan_tripmode_v2_66fold\folds\test_33100_38060\logs\single_task_backbone_finetune\train.log,C:\Users\Admin\Desktop\ShiXiaoYu\data\3.26plan_tripmode_v2_66fold\folds\test_33100_38060\logs\single_task_backbone_finetune\inference.log,0.07212596349292687,0.10569768432624942,-0.3464738120467288,0.04983369726161291,0.07090166092391842,-1.4749271145522895,0.04314707496505081,0.0675092870002184,0.11574869707360935,test_33100_38060,52,33100,38060,5,cosine,none
single_task_backbone_finetune,38060,0.03866302810118304,0.04998353321435383,-0.5853933376648692,C:\Users\Admin\Desktop\ShiXiaoYu\data\FineTuneResNet\city_prototypes_per_city\per_city_cluster_20260607_190216,C:\Users\Admin\Desktop\ShiXiaoYu\data\FineTuneResNet\expert_models_runs\expert_run_stage6_9_66fold_test_33100_38060_single_task_backbone_finetune\predictions\step6_expert_summary_student_20260607_190259.json,C:\Users\Admin\Desktop\ShiXiaoYu\data\FineTuneResNet\expert_models_runs\expert_run_stage6_9_66fold_test_33100_38060_single_task_backbone_finetune\predictions\evaluation_student_cbsa38060_knn_k5_none.json,C:\Users\Admin\Desktop\ShiXiaoYu\data\FineTuneResNet\expert_models_runs\expert_run_stage6_9_66fold_test_33100_38060_single_task_backbone_finetune\predictions\predictions_student_cbsa38060_knn_k5_none.csv,C:\Users\Admin\Desktop\ShiXiaoYu\data\3.26plan_tripmode_v2_66fold\folds\test_33100_38060\logs\single_task_backbone_finetune\train.log,C:\Users\Admin\Desktop\ShiXiaoYu\data\3.26plan_tripmode_v2_66fold\folds\test_33100_38060\logs\single_task_backbone_finetune\inference.log,0.05010937895804755,0.06277921992276785,-0.15751633963371825,0.03548943984605847,0.04127641806558563,-1.670047463591418,0.030390265499443094,0.04589496165470801,0.07138379023052854,test_33100_38060,52,33100,38060,5,cosine,none
aef_annual_64d,33100,0.07274438985828116,0.10372280960511478,-1.631070470546316,C:\Users\Admin\Desktop\ShiXiaoYu\data\FineTuneResNet\city_prototypes_per_city\per_city_cluster_20260607_190353,C:\Users\Admin\Desktop\ShiXiaoYu\data\FineTuneResNet\expert_models_runs\expert_run_stage6_9_66fold_test_33100_41860_aef_annual_64d\predictions\step6_expert_summary_student_20260607_190419.json,C:\Users\Admin\Desktop\ShiXiaoYu\data\FineTuneResNet\expert_models_runs\expert_run_stage6_9_66fold_test_33100_41860_aef_annual_64d\predictions\evaluation_student_cbsa33100_knn_k5_none.json,C:\Users\Admin\Desktop\ShiXiaoYu\data\FineTuneResNet\expert_models_runs\expert_run_stage6_9_66fold_test_33100_41860_aef_annual_64d\predictions\predictions_student_cbsa33100_knn_k5_none.csv,C:\Users\Admin\Desktop\ShiXiaoYu\data\3.26plan_tripmode_v2_66fold\folds\test_33100_41860\logs\aef_annual_64d\train.log,C:\Users\Admin\Desktop\ShiXiaoYu\data\3.26plan_tripmode_v2_66fold\folds\test_33100_41860\logs\aef_annual_64d\inference.log,0.10199299445024777,0.14433846799463423,-1.5109100127331132,0.06438322554391689,0.09404685446932422,-3.3544984952393726,0.05185694958067883,0.07278310635138589,-0.027802903666461543,test_33100_41860,53,33100,41860,5,cosine,none
aef_annual_64d,41860,0.09727713528681302,0.130003701725921,0.2972162798165856,C:\Users\Admin\Desktop\ShiXiaoYu\data\FineTuneResNet\city_prototypes_per_city\per_city_cluster_20260607_190353,C:\Users\Admin\Desktop\ShiXiaoYu\data\FineTuneResNet\expert_models_runs\expert_run_stage6_9_66fold_test_33100_41860_aef_annual_64d\predictions\step6_expert_summary_student_20260607_190419.json,C:\Users\Admin\Desktop\ShiXiaoYu\data\FineTuneResNet\expert_models_runs\expert_run_stage6_9_66fold_test_33100_41860_aef_annual_64d\predictions\evaluation_student_cbsa41860_knn_k5_none.json,C:\Users\Admin\Desktop\ShiXiaoYu\data\FineTuneResNet\expert_models_runs\expert_run_stage6_9_66fold_test_33100_41860_aef_annual_64d\predictions\predictions_student_cbsa41860_knn_k5_none.csv,C:\Users\Admin\Desktop\ShiXiaoYu\data\3.26plan_tripmode_v2_66fold\folds\test_33100_41860\logs\aef_annual_64d\train.log,C:\Users\Admin\Desktop\ShiXiaoYu\data\3.26plan_tripmode_v2_66fold\folds\test_33100_41860\logs\aef_annual_64d\inference.log,0.1299863841170069,0.16851315723267804,0.409449286279028,0.08917646424107883,0.11108843763978632,0.2042649748292822,0.07266855750235332,0.11040951030529852,0.27793457834144664,test_33100_41860,53,33100,41860,5,cosine,none
clay_v1_5_768d,33100,0.06901646730362405,0.08926853860345685,-0.8636088341954465,C:\Users\Admin\Desktop\ShiXiaoYu\data\FineTuneResNet\city_prototypes_per_city\per_city_cluster_20260607_190517,C:\Users\Admin\Desktop\ShiXiaoYu\data\FineTuneResNet\expert_models_runs\expert_run_stage6_9_66fold_test_33100_41860_clay_v1_5_768d\predictions\step6_expert_summary_student_20260607_190553.json,C:\Users\Admin\Desktop\ShiXiaoYu\data\FineTuneResNet\expert_models_runs\expert_run_stage6_9_66fold_test_33100_41860_clay_v1_5_768d\predictions\evaluation_student_cbsa33100_knn_k5_none.json,C:\Users\Admin\Desktop\ShiXiaoYu\data\FineTuneResNet\expert_models_runs\expert_run_stage6_9_66fold_test_33100_41860_clay_v1_5_768d\predictions\predictions_student_cbsa33100_knn_k5_none.csv,C:\Users\Admin\Desktop\ShiXiaoYu\data\3.26plan_tripmode_v2_66fold\folds\test_33100_41860\logs\clay_v1_5_768d\train.log,C:\Users\Admin\Desktop\ShiXiaoYu\data\3.26plan_tripmode_v2_66fold\folds\test_33100_41860\logs\clay_v1_5_768d\inference.log,0.09476800095632232,0.11971920459126154,-0.7274067456994395,0.059904963758333665,0.07624549109192573,-1.8620546868106014,0.05237643719621618,0.07184092012718332,-0.0013650700762981582,test_33100_41860,53,33100,41860,5,cosine,none
clay_v1_5_768d,41860,0.09800068855526319,0.13705080470381026,0.20498471317167286,C:\Users\Admin\Desktop\ShiXiaoYu\data\FineTuneResNet\city_prototypes_per_city\per_city_cluster_20260607_190517,C:\Users\Admin\Desktop\ShiXiaoYu\data\FineTuneResNet\expert_models_runs\expert_run_stage6_9_66fold_test_33100_41860_clay_v1_5_768d\predictions\step6_expert_summary_student_20260607_190553.json,C:\Users\Admin\Desktop\ShiXiaoYu\data\FineTuneResNet\expert_models_runs\expert_run_stage6_9_66fold_test_33100_41860_clay_v1_5_768d\predictions\evaluation_student_cbsa41860_knn_k5_none.json,C:\Users\Admin\Desktop\ShiXiaoYu\data\FineTuneResNet\expert_models_runs\expert_run_stage6_9_66fold_test_33100_41860_clay_v1_5_768d\predictions\predictions_student_cbsa41860_knn_k5_none.csv,C:\Users\Admin\Desktop\ShiXiaoYu\data\3.26plan_tripmode_v2_66fold\folds\test_33100_41860\logs\clay_v1_5_768d\train.log,C:\Users\Admin\Desktop\ShiXiaoYu\data\3.26plan_tripmode_v2_66fold\folds\test_33100_41860\logs\clay_v1_5_768d\inference.log,0.13389574924636435,0.18173693595048493,0.28600535044011466,0.08370386789763738,0.11050590710012527,0.19144279052613156,0.07640244852178787,0.11890957106082056,0.13750599854877232,test_33100_41860,53,33100,41860,5,cosine,none
prithvi_eo_v2_1024d,33100,0.07156077019646077,0.08776771393180631,-0.7321394619653193,C:\Users\Admin\Desktop\ShiXiaoYu\data\FineTuneResNet\city_prototypes_per_city\per_city_cluster_20260607_190651,C:\Users\Admin\Desktop\ShiXiaoYu\data\FineTuneResNet\expert_models_runs\expert_run_stage6_9_66fold_test_33100_41860_prithvi_eo_v2_1024d\predictions\step6_expert_summary_student_20260607_190726.json,C:\Users\Admin\Desktop\ShiXiaoYu\data\FineTuneResNet\expert_models_runs\expert_run_stage6_9_66fold_test_33100_41860_prithvi_eo_v2_1024d\predictions\evaluation_student_cbsa33100_knn_k5_none.json,C:\Users\Admin\Desktop\ShiXiaoYu\data\FineTuneResNet\expert_models_runs\expert_run_stage6_9_66fold_test_33100_41860_prithvi_eo_v2_1024d\predictions\predictions_student_cbsa33100_knn_k5_none.csv,C:\Users\Admin\Desktop\ShiXiaoYu\data\3.26plan_tripmode_v2_66fold\folds\test_33100_41860\logs\prithvi_eo_v2_1024d\train.log,C:\Users\Admin\Desktop\ShiXiaoYu\data\3.26plan_tripmode_v2_66fold\folds\test_33100_41860\logs\prithvi_eo_v2_1024d\inference.log,0.10055907277337162,0.11945699247513135,-0.7198482098467318,0.058917427177900716,0.07015219734675106,-1.4228813853951245,0.05520581063811001,0.07369395197353651,-0.05368879065410148,test_33100_41860,53,33100,41860,5,cosine,none
prithvi_eo_v2_1024d,41860,0.11226536576373224,0.16656353898516224,-0.15723026395743211,C:\Users\Admin\Desktop\ShiXiaoYu\data\FineTuneResNet\city_prototypes_per_city\per_city_cluster_20260607_190651,C:\Users\Admin\Desktop\ShiXiaoYu\data\FineTuneResNet\expert_models_runs\expert_run_stage6_9_66fold_test_33100_41860_prithvi_eo_v2_1024d\predictions\step6_expert_summary_student_20260607_190726.json,C:\Users\Admin\Desktop\ShiXiaoYu\data\FineTuneResNet\expert_models_runs\expert_run_stage6_9_66fold_test_33100_41860_prithvi_eo_v2_1024d\predictions\evaluation_student_cbsa41860_knn_k5_none.json,C:\Users\Admin\Desktop\ShiXiaoYu\data\FineTuneResNet\expert_models_runs\expert_run_stage6_9_66fold_test_33100_41860_prithvi_eo_v2_1024d\predictions\predictions_student_cbsa41860_knn_k5_none.csv,C:\Users\Admin\Desktop\ShiXiaoYu\data\3.26plan_tripmode_v2_66fold\folds\test_33100_41860\logs\prithvi_eo_v2_1024d\train.log,C:\Users\Admin\Desktop\ShiXiaoYu\data\3.26plan_tripmode_v2_66fold\folds\test_33100_41860\logs\prithvi_eo_v2_1024d\inference.log,0.1559915347768433,0.23032136914356,-0.14677184309115177,0.10076442741237276,0.1420699782348036,-0.3364243928875785,0.08004013510198066,0.12729926957712312,0.011505444106433949,test_33100_41860,53,33100,41860,5,cosine,none
imagenet_pretrain,33100,0.05932896004416208,0.08024061757381211,-0.5231508873631662,C:\Users\Admin\Desktop\ShiXiaoYu\data\FineTuneResNet\city_prototypes_per_city\per_city_cluster_20260607_190832,C:\Users\Admin\Desktop\ShiXiaoYu\data\FineTuneResNet\expert_models_runs\expert_run_stage6_9_66fold_test_33100_41860_imagenet_pretrain\predictions\step6_expert_summary_student_20260607_190915.json,C:\Users\Admin\Desktop\ShiXiaoYu\data\FineTuneResNet\expert_models_runs\expert_run_stage6_9_66fold_test_33100_41860_imagenet_pretrain\predictions\evaluation_student_cbsa33100_knn_k5_none.json,C:\Users\Admin\Desktop\ShiXiaoYu\data\FineTuneResNet\expert_models_runs\expert_run_stage6_9_66fold_test_33100_41860_imagenet_pretrain\predictions\predictions_student_cbsa33100_knn_k5_none.csv,C:\Users\Admin\Desktop\ShiXiaoYu\data\3.26plan_tripmode_v2_66fold\folds\test_33100_41860\logs\imagenet_pretrain\train.log,C:\Users\Admin\Desktop\ShiXiaoYu\data\3.26plan_tripmode_v2_66fold\folds\test_33100_41860\logs\imagenet_pretrain\inference.log,0.07925780004123993,0.10282120537454123,-0.27418458684509583,0.0537953539788995,0.06972527907927897,-1.3934817379476492,0.044933726112346806,0.06817536826761611,0.0982136627032465,test_33100_41860,53,33100,41860,5,cosine,none
imagenet_pretrain,41860,0.09807742038847296,0.14685967825131038,0.09734088279233699,C:\Users\Admin\Desktop\ShiXiaoYu\data\FineTuneResNet\city_prototypes_per_city\per_city_cluster_20260607_190832,C:\Users\Admin\Desktop\ShiXiaoYu\data\FineTuneResNet\expert_models_runs\expert_run_stage6_9_66fold_test_33100_41860_imagenet_pretrain\predictions\step6_expert_summary_student_20260607_190915.json,C:\Users\Admin\Desktop\ShiXiaoYu\data\FineTuneResNet\expert_models_runs\expert_run_stage6_9_66fold_test_33100_41860_imagenet_pretrain\predictions\evaluation_student_cbsa41860_knn_k5_none.json,C:\Users\Admin\Desktop\ShiXiaoYu\data\FineTuneResNet\expert_models_runs\expert_run_stage6_9_66fold_test_33100_41860_imagenet_pretrain\predictions\predictions_student_cbsa41860_knn_k5_none.csv,C:\Users\Admin\Desktop\ShiXiaoYu\data\3.26plan_tripmode_v2_66fold\folds\test_33100_41860\logs\imagenet_pretrain\train.log,C:\Users\Admin\Desktop\ShiXiaoYu\data\3.26plan_tripmode_v2_66fold\folds\test_33100_41860\logs\imagenet_pretrain\inference.log,0.1364233234152819,0.1996265396246824,0.13852017462620492,0.08534405803040047,0.12054257744501638,0.03789889657310108,0.07246487971973656,0.12040991768423238,0.11560357717770497,test_33100_41860,53,33100,41860,5,cosine,none
satellite_pretrain,33100,0.07289009998411898,0.09591575279560681,-1.360606694798742,C:\Users\Admin\Desktop\ShiXiaoYu\data\FineTuneResNet\city_prototypes_per_city\per_city_cluster_20260607_191019,C:\Users\Admin\Desktop\ShiXiaoYu\data\FineTuneResNet\expert_models_runs\expert_run_stage6_9_66fold_test_33100_41860_satellite_pretrain\predictions\step6_expert_summary_student_20260607_191058.json,C:\Users\Admin\Desktop\ShiXiaoYu\data\FineTuneResNet\expert_models_runs\expert_run_stage6_9_66fold_test_33100_41860_satellite_pretrain\predictions\evaluation_student_cbsa33100_knn_k5_none.json,C:\Users\Admin\Desktop\ShiXiaoYu\data\FineTuneResNet\expert_models_runs\expert_run_stage6_9_66fold_test_33100_41860_satellite_pretrain\predictions\predictions_student_cbsa33100_knn_k5_none.csv,C:\Users\Admin\Desktop\ShiXiaoYu\data\3.26plan_tripmode_v2_66fold\folds\test_33100_41860\logs\satellite_pretrain\train.log,C:\Users\Admin\Desktop\ShiXiaoYu\data\3.26plan_tripmode_v2_66fold\folds\test_33100_41860\logs\satellite_pretrain\inference.log,0.09892563132342237,0.1251014219769176,-0.8862161459388125,0.07289501799310341,0.09294420162165551,-3.252988400389194,0.04684965063583115,0.06970163478824731,0.057384461931779485,test_33100_41860,53,33100,41860,5,cosine,none
satellite_pretrain,41860,0.09977497478401198,0.1502134352054671,0.05895205921061945,C:\Users\Admin\Desktop\ShiXiaoYu\data\FineTuneResNet\city_prototypes_per_city\per_city_cluster_20260607_191019,C:\Users\Admin\Desktop\ShiXiaoYu\data\FineTuneResNet\expert_models_runs\expert_run_stage6_9_66fold_test_33100_41860_satellite_pretrain\predictions\step6_expert_summary_student_20260607_191058.json,C:\Users\Admin\Desktop\ShiXiaoYu\data\FineTuneResNet\expert_models_runs\expert_run_stage6_9_66fold_test_33100_41860_satellite_pretrain\predictions\evaluation_student_cbsa41860_knn_k5_none.json,C:\Users\Admin\Desktop\ShiXiaoYu\data\FineTuneResNet\expert_models_runs\expert_run_stage6_9_66fold_test_33100_41860_satellite_pretrain\predictions\predictions_student_cbsa41860_knn_k5_none.csv,C:\Users\Admin\Desktop\ShiXiaoYu\data\3.26plan_tripmode_v2_66fold\folds\test_33100_41860\logs\satellite_pretrain\train.log,C:\Users\Admin\Desktop\ShiXiaoYu\data\3.26plan_tripmode_v2_66fold\folds\test_33100_41860\logs\satellite_pretrain\inference.log,0.13911442049486497,0.20541886924783945,0.0878017756083429,0.08535975851738666,0.12128296298085205,0.026043942963032363,0.07485074533978432,0.12393847338770979,0.06301045906048308,test_33100_41860,53,33100,41860,5,cosine,none
single_task_backbone_finetune,33100,0.05235182117606991,0.07687275662672882,-0.4106290513791058,C:\Users\Admin\Desktop\ShiXiaoYu\data\FineTuneResNet\city_prototypes_per_city\per_city_cluster_20260607_191206,C:\Users\Admin\Desktop\ShiXiaoYu\data\FineTuneResNet\expert_models_runs\expert_run_stage6_9_66fold_test_33100_41860_single_task_backbone_finetune\predictions\step6_expert_summary_student_20260607_191249.json,C:\Users\Admin\Desktop\ShiXiaoYu\data\FineTuneResNet\expert_models_runs\expert_run_stage6_9_66fold_test_33100_41860_single_task_backbone_finetune\predictions\evaluation_student_cbsa33100_knn_k5_none.json,C:\Users\Admin\Desktop\ShiXiaoYu\data\FineTuneResNet\expert_models_runs\expert_run_stage6_9_66fold_test_33100_41860_single_task_backbone_finetune\predictions\predictions_student_cbsa33100_knn_k5_none.csv,C:\Users\Admin\Desktop\ShiXiaoYu\data\3.26plan_tripmode_v2_66fold\folds\test_33100_41860\logs\single_task_backbone_finetune\train.log,C:\Users\Admin\Desktop\ShiXiaoYu\data\3.26plan_tripmode_v2_66fold\folds\test_33100_41860\logs\single_task_backbone_finetune\inference.log,0.06826318006667725,0.09748899365580896,-0.14545528519793316,0.046104847438924325,0.06768482042332263,-1.255444567189722,0.042687436022608154,0.06544445580105487,0.1690126982503377,test_33100_41860,53,33100,41860,5,cosine,none
single_task_backbone_finetune,41860,0.07712271001175558,0.10885788357299053,0.4811309812202049,C:\Users\Admin\Desktop\ShiXiaoYu\data\FineTuneResNet\city_prototypes_per_city\per_city_cluster_20260607_191206,C:\Users\Admin\Desktop\ShiXiaoYu\data\FineTuneResNet\expert_models_runs\expert_run_stage6_9_66fold_test_33100_41860_single_task_backbone_finetune\predictions\step6_expert_summary_student_20260607_191249.json,C:\Users\Admin\Desktop\ShiXiaoYu\data\FineTuneResNet\expert_models_runs\expert_run_stage6_9_66fold_test_33100_41860_single_task_backbone_finetune\predictions\evaluation_student_cbsa41860_knn_k5_none.json,C:\Users\Admin\Desktop\ShiXiaoYu\data\FineTuneResNet\expert_models_runs\expert_run_stage6_9_66fold_test_33100_41860_single_task_backbone_finetune\predictions\predictions_student_cbsa41860_knn_k5_none.csv,C:\Users\Admin\Desktop\ShiXiaoYu\data\3.26plan_tripmode_v2_66fold\folds\test_33100_41860\logs\single_task_backbone_finetune\train.log,C:\Users\Admin\Desktop\ShiXiaoYu\data\3.26plan_tripmode_v2_66fold\folds\test_33100_41860\logs\single_task_backbone_finetune\inference.log,0.09879857645501866,0.13586999620987794,0.6009239356563358,0.07033638495477168,0.09619467770511662,0.3873085020339375,0.062233168625476384,0.09450897680397703,0.4551605059703413,test_33100_41860,53,33100,41860,5,cosine,none
aef_annual_64d,33100,0.0717104286111874,0.10130859808853705,-1.494849133608546,C:\Users\Admin\Desktop\ShiXiaoYu\data\FineTuneResNet\city_prototypes_per_city\per_city_cluster_20260607_191346,C:\Users\Admin\Desktop\ShiXiaoYu\data\FineTuneResNet\expert_models_runs\expert_run_stage6_9_66fold_test_33100_42660_aef_annual_64d\predictions\step6_expert_summary_student_20260607_191412.json,C:\Users\Admin\Desktop\ShiXiaoYu\data\FineTuneResNet\expert_models_runs\expert_run_stage6_9_66fold_test_33100_42660_aef_annual_64d\predictions\evaluation_student_cbsa33100_knn_k5_none.json,C:\Users\Admin\Desktop\ShiXiaoYu\data\FineTuneResNet\expert_models_runs\expert_run_stage6_9_66fold_test_33100_42660_aef_annual_64d\predictions\predictions_student_cbsa33100_knn_k5_none.csv,C:\Users\Admin\Desktop\ShiXiaoYu\data\3.26plan_tripmode_v2_66fold\folds\test_33100_42660\logs\aef_annual_64d\train.log,C:\Users\Admin\Desktop\ShiXiaoYu\data\3.26plan_tripmode_v2_66fold\folds\test_33100_42660\logs\aef_annual_64d\inference.log,0.09968689289327953,0.1402714755340216,-1.3714048107689276,0.06356594719633087,0.09119582706712276,-3.094487300796967,0.05187844574395181,0.07245849166446681,-0.0186552892597438,test_33100_42660,54,33100,42660,5,cosine,none
aef_annual_64d,42660,0.06293014178457838,0.08705791671825835,0.38500344945508863,C:\Users\Admin\Desktop\ShiXiaoYu\data\FineTuneResNet\city_prototypes_per_city\per_city_cluster_20260607_191346,C:\Users\Admin\Desktop\ShiXiaoYu\data\FineTuneResNet\expert_models_runs\expert_run_stage6_9_66fold_test_33100_42660_aef_annual_64d\predictions\step6_expert_summary_student_20260607_191412.json,C:\Users\Admin\Desktop\ShiXiaoYu\data\FineTuneResNet\expert_models_runs\expert_run_stage6_9_66fold_test_33100_42660_aef_annual_64d\predictions\evaluation_student_cbsa42660_knn_k5_none.json,C:\Users\Admin\Desktop\ShiXiaoYu\data\FineTuneResNet\expert_models_runs\expert_run_stage6_9_66fold_test_33100_42660_aef_annual_64d\predictions\predictions_student_cbsa42660_knn_k5_none.csv,C:\Users\Admin\Desktop\ShiXiaoYu\data\3.26plan_tripmode_v2_66fold\folds\test_33100_42660\logs\aef_annual_64d\train.log,C:\Users\Admin\Desktop\ShiXiaoYu\data\3.26plan_tripmode_v2_66fold\folds\test_33100_42660\logs\aef_annual_64d\inference.log,0.08025264522389201,0.1050141822169059,0.572959314177252,0.05500334089760789,0.07473248213183342,0.22900143745294277,0.05353443923223523,0.08142708580603573,0.3530495967350711,test_33100_42660,54,33100,42660,5,cosine,none
clay_v1_5_768d,33100,0.06804325368586066,0.09008204064282253,-0.8840638865703131,C:\Users\Admin\Desktop\ShiXiaoYu\data\FineTuneResNet\city_prototypes_per_city\per_city_cluster_20260607_191514,C:\Users\Admin\Desktop\ShiXiaoYu\data\FineTuneResNet\expert_models_runs\expert_run_stage6_9_66fold_test_33100_42660_clay_v1_5_768d\predictions\step6_expert_summary_student_20260607_191548.json,C:\Users\Admin\Desktop\ShiXiaoYu\data\FineTuneResNet\expert_models_runs\expert_run_stage6_9_66fold_test_33100_42660_clay_v1_5_768d\predictions\evaluation_student_cbsa33100_knn_k5_none.json,C:\Users\Admin\Desktop\ShiXiaoYu\data\FineTuneResNet\expert_models_runs\expert_run_stage6_9_66fold_test_33100_42660_clay_v1_5_768d\predictions\predictions_student_cbsa33100_knn_k5_none.csv,C:\Users\Admin\Desktop\ShiXiaoYu\data\3.26plan_tripmode_v2_66fold\folds\test_33100_42660\logs\clay_v1_5_768d\train.log,C:\Users\Admin\Desktop\ShiXiaoYu\data\3.26plan_tripmode_v2_66fold\folds\test_33100_42660\logs\clay_v1_5_768d\inference.log,0.09469149741543263,0.12008771964098533,-0.7380575869890691,0.056761031444636977,0.07607520741922376,-1.8492849623338024,0.052677232197512365,0.07408319486825848,-0.0648491103880684,test_33100_42660,54,33100,42660,5,cosine,none
clay_v1_5_768d,42660,0.07331481849224825,0.10470338692200815,0.1502613411817252,C:\Users\Admin\Desktop\ShiXiaoYu\data\FineTuneResNet\city_prototypes_per_city\per_city_cluster_20260607_191514,C:\Users\Admin\Desktop\ShiXiaoYu\data\FineTuneResNet\expert_models_runs\expert_run_stage6_9_66fold_test_33100_42660_clay_v1_5_768d\predictions\step6_expert_summary_student_20260607_191548.json,C:\Users\Admin\Desktop\ShiXiaoYu\data\FineTuneResNet\expert_models_runs\expert_run_stage6_9_66fold_test_33100_42660_clay_v1_5_768d\predictions\evaluation_student_cbsa42660_knn_k5_none.json,C:\Users\Admin\Desktop\ShiXiaoYu\data\FineTuneResNet\expert_models_runs\expert_run_stage6_9_66fold_test_33100_42660_clay_v1_5_768d\predictions\predictions_student_cbsa42660_knn_k5_none.csv,C:\Users\Admin\Desktop\ShiXiaoYu\data\3.26plan_tripmode_v2_66fold\folds\test_33100_42660\logs\clay_v1_5_768d\train.log,C:\Users\Admin\Desktop\ShiXiaoYu\data\3.26plan_tripmode_v2_66fold\folds\test_33100_42660\logs\clay_v1_5_768d\inference.log,0.10154135784698809,0.13759321102742494,0.26689301681069355,0.06285399358706467,0.0852621550355423,-0.003569295010170004,0.05554910404269199,0.09125479470305718,0.1874603017446521,test_33100_42660,54,33100,42660,5,cosine,none
prithvi_eo_v2_1024d,33100,0.10186062793042795,0.11771500404827406,-2.3134143105877083,C:\Users\Admin\Desktop\ShiXiaoYu\data\FineTuneResNet\city_prototypes_per_city\per_city_cluster_20260607_191650,C:\Users\Admin\Desktop\ShiXiaoYu\data\FineTuneResNet\expert_models_runs\expert_run_stage6_9_66fold_test_33100_42660_prithvi_eo_v2_1024d\predictions\step6_expert_summary_student_20260607_191724.json,C:\Users\Admin\Desktop\ShiXiaoYu\data\FineTuneResNet\expert_models_runs\expert_run_stage6_9_66fold_test_33100_42660_prithvi_eo_v2_1024d\predictions\evaluation_student_cbsa33100_knn_k5_none.json,C:\Users\Admin\Desktop\ShiXiaoYu\data\FineTuneResNet\expert_models_runs\expert_run_stage6_9_66fold_test_33100_42660_prithvi_eo_v2_1024d\predictions\predictions_student_cbsa33100_knn_k5_none.csv,C:\Users\Admin\Desktop\ShiXiaoYu\data\3.26plan_tripmode_v2_66fold\folds\test_33100_42660\logs\prithvi_eo_v2_1024d\train.log,C:\Users\Admin\Desktop\ShiXiaoYu\data\3.26plan_tripmode_v2_66fold\folds\test_33100_42660\logs\prithvi_eo_v2_1024d\inference.log,0.1477623460434076,0.16805078959423767,-2.403674966230249,0.09164522776739376,0.10308507242468287,-4.231679811657988,0.06617430998048252,0.08200915012590164,-0.3048881538748882,test_33100_42660,54,33100,42660,5,cosine,none
prithvi_eo_v2_1024d,42660,0.09368892763718996,0.12076666217898346,-0.12346977520504476,C:\Users\Admin\Desktop\ShiXiaoYu\data\FineTuneResNet\city_prototypes_per_city\per_city_cluster_20260607_191650,C:\Users\Admin\Desktop\ShiXiaoYu\data\FineTuneResNet\expert_models_runs\expert_run_stage6_9_66fold_test_33100_42660_prithvi_eo_v2_1024d\predictions\step6_expert_summary_student_20260607_191724.json,C:\Users\Admin\Desktop\ShiXiaoYu\data\FineTuneResNet\expert_models_runs\expert_run_stage6_9_66fold_test_33100_42660_prithvi_eo_v2_1024d\predictions\evaluation_student_cbsa42660_knn_k5_none.json,C:\Users\Admin\Desktop\ShiXiaoYu\data\FineTuneResNet\expert_models_runs\expert_run_stage6_9_66fold_test_33100_42660_prithvi_eo_v2_1024d\predictions\predictions_student_cbsa42660_knn_k5_none.csv,C:\Users\Admin\Desktop\ShiXiaoYu\data\3.26plan_tripmode_v2_66fold\folds\test_33100_42660\logs\prithvi_eo_v2_1024d\train.log,C:\Users\Admin\Desktop\ShiXiaoYu\data\3.26plan_tripmode_v2_66fold\folds\test_33100_42660\logs\prithvi_eo_v2_1024d\inference.log,0.13309939645993918,0.16446745154750333,-0.04744992619491528,0.08276421252791821,0.10097908944731705,-0.40765962729366656,0.0652031739237125,0.09685344554212996,0.08470022787344755,test_33100_42660,54,33100,42660,5,cosine,none
imagenet_pretrain,33100,0.057473351851435754,0.08010480345033104,-0.5275027532755364,C:\Users\Admin\Desktop\ShiXiaoYu\data\FineTuneResNet\city_prototypes_per_city\per_city_cluster_20260607_191830,C:\Users\Admin\Desktop\ShiXiaoYu\data\FineTuneResNet\expert_models_runs\expert_run_stage6_9_66fold_test_33100_42660_imagenet_pretrain\predictions\step6_expert_summary_student_20260607_191911.json,C:\Users\Admin\Desktop\ShiXiaoYu\data\FineTuneResNet\expert_models_runs\expert_run_stage6_9_66fold_test_33100_42660_imagenet_pretrain\predictions\evaluation_student_cbsa33100_knn_k5_none.json,C:\Users\Admin\Desktop\ShiXiaoYu\data\FineTuneResNet\expert_models_runs\expert_run_stage6_9_66fold_test_33100_42660_imagenet_pretrain\predictions\predictions_student_cbsa33100_knn_k5_none.csv,C:\Users\Admin\Desktop\ShiXiaoYu\data\3.26plan_tripmode_v2_66fold\folds\test_33100_42660\logs\imagenet_pretrain\train.log,C:\Users\Admin\Desktop\ShiXiaoYu\data\3.26plan_tripmode_v2_66fold\folds\test_33100_42660\logs\imagenet_pretrain\inference.log,0.07597874306770015,0.1013716555644346,-0.2385115022943216,0.05240786993946548,0.07022245107088129,-1.4277365910275281,0.044033442547141616,0.06872030371567722,0.08373983349524028,test_33100_42660,54,33100,42660,5,cosine,none
imagenet_pretrain,42660,0.0661675858473137,0.1034657431925028,0.17989909276050553,C:\Users\Admin\Desktop\ShiXiaoYu\data\FineTuneResNet\city_prototypes_per_city\per_city_cluster_20260607_191830,C:\Users\Admin\Desktop\ShiXiaoYu\data\FineTuneResNet\expert_models_runs\expert_run_stage6_9_66fold_test_33100_42660_imagenet_pretrain\predictions\step6_expert_summary_student_20260607_191911.json,C:\Users\Admin\Desktop\ShiXiaoYu\data\FineTuneResNet\expert_models_runs\expert_run_stage6_9_66fold_test_33100_42660_imagenet_pretrain\predictions\evaluation_student_cbsa42660_knn_k5_none.json,C:\Users\Admin\Desktop\ShiXiaoYu\data\FineTuneResNet\expert_models_runs\expert_run_stage6_9_66fold_test_33100_42660_imagenet_pretrain\predictions\predictions_student_cbsa42660_knn_k5_none.csv,C:\Users\Admin\Desktop\ShiXiaoYu\data\3.26plan_tripmode_v2_66fold\folds\test_33100_42660\logs\imagenet_pretrain\train.log,C:\Users\Admin\Desktop\ShiXiaoYu\data\3.26plan_tripmode_v2_66fold\folds\test_33100_42660\logs\imagenet_pretrain\inference.log,0.0914440002035801,0.13760553534572947,0.2667616811382114,0.05650152729780709,0.08081687433159392,0.09834820046763504,0.050557230040553944,0.09197481990018504,0.17458739667567014,test_33100_42660,54,33100,42660,5,cosine,none
satellite_pretrain,33100,0.07202499800142796,0.09656185858932263,-1.509401294718109,C:\Users\Admin\Desktop\ShiXiaoYu\data\FineTuneResNet\city_prototypes_per_city\per_city_cluster_20260607_192014,C:\Users\Admin\Desktop\ShiXiaoYu\data\FineTuneResNet\expert_models_runs\expert_run_stage6_9_66fold_test_33100_42660_satellite_pretrain\predictions\step6_expert_summary_student_20260607_192052.json,C:\Users\Admin\Desktop\ShiXiaoYu\data\FineTuneResNet\expert_models_runs\expert_run_stage6_9_66fold_test_33100_42660_satellite_pretrain\predictions\evaluation_student_cbsa33100_knn_k5_none.json,C:\Users\Admin\Desktop\ShiXiaoYu\data\FineTuneResNet\expert_models_runs\expert_run_stage6_9_66fold_test_33100_42660_satellite_pretrain\predictions\predictions_student_cbsa33100_knn_k5_none.csv,C:\Users\Admin\Desktop\ShiXiaoYu\data\3.26plan_tripmode_v2_66fold\folds\test_33100_42660\logs\satellite_pretrain\train.log,C:\Users\Admin\Desktop\ShiXiaoYu\data\3.26plan_tripmode_v2_66fold\folds\test_33100_42660\logs\satellite_pretrain\inference.log,0.09539142060376433,0.12248691598141198,-0.8081995867821796,0.07571612486398048,0.09889216300692978,-3.814745632033601,0.04496744853653905,0.06830649677962615,0.09474133466145329,test_33100_42660,54,33100,42660,5,cosine,none
satellite_pretrain,42660,0.08967831839788311,0.12008033477642778,-0.11134540209674955,C:\Users\Admin\Desktop\ShiXiaoYu\data\FineTuneResNet\city_prototypes_per_city\per_city_cluster_20260607_192014,C:\Users\Admin\Desktop\ShiXiaoYu\data\FineTuneResNet\expert_models_runs\expert_run_stage6_9_66fold_test_33100_42660_satellite_pretrain\predictions\step6_expert_summary_student_20260607_192052.json,C:\Users\Admin\Desktop\ShiXiaoYu\data\FineTuneResNet\expert_models_runs\expert_run_stage6_9_66fold_test_33100_42660_satellite_pretrain\predictions\evaluation_student_cbsa42660_knn_k5_none.json,C:\Users\Admin\Desktop\ShiXiaoYu\data\FineTuneResNet\expert_models_runs\expert_run_stage6_9_66fold_test_33100_42660_satellite_pretrain\predictions\predictions_student_cbsa42660_knn_k5_none.csv,C:\Users\Admin\Desktop\ShiXiaoYu\data\3.26plan_tripmode_v2_66fold\folds\test_33100_42660\logs\satellite_pretrain\train.log,C:\Users\Admin\Desktop\ShiXiaoYu\data\3.26plan_tripmode_v2_66fold\folds\test_33100_42660\logs\satellite_pretrain\inference.log,0.12606576967899474,0.1614392180008718,-0.009232981931715845,0.08075155737412631,0.09898811290809494,-0.3526979892626496,0.062217628140528274,0.0998136734203166,0.027894764904116798,test_33100_42660,54,33100,42660,5,cosine,none
single_task_backbone_finetune,33100,0.05583360010965908,0.08213834942349117,-0.6306766178560355,C:\Users\Admin\Desktop\ShiXiaoYu\data\FineTuneResNet\city_prototypes_per_city\per_city_cluster_20260607_192155,C:\Users\Admin\Desktop\ShiXiaoYu\data\FineTuneResNet\expert_models_runs\expert_run_stage6_9_66fold_test_33100_42660_single_task_backbone_finetune\predictions\step6_expert_summary_student_20260607_192236.json,C:\Users\Admin\Desktop\ShiXiaoYu\data\FineTuneResNet\expert_models_runs\expert_run_stage6_9_66fold_test_33100_42660_single_task_backbone_finetune\predictions\evaluation_student_cbsa33100_knn_k5_none.json,C:\Users\Admin\Desktop\ShiXiaoYu\data\FineTuneResNet\expert_models_runs\expert_run_stage6_9_66fold_test_33100_42660_single_task_backbone_finetune\predictions\predictions_student_cbsa33100_knn_k5_none.csv,C:\Users\Admin\Desktop\ShiXiaoYu\data\3.26plan_tripmode_v2_66fold\folds\test_33100_42660\logs\single_task_backbone_finetune\train.log,C:\Users\Admin\Desktop\ShiXiaoYu\data\3.26plan_tripmode_v2_66fold\folds\test_33100_42660\logs\single_task_backbone_finetune\inference.log,0.07284460655264202,0.1046008034007718,-0.3186726723732203,0.0509790874222343,0.07367928312891635,-1.6726394778230516,0.0436771063541009,0.06813496174078536,0.09928229662816546,test_33100_42660,54,33100,42660,5,cosine,none
single_task_backbone_finetune,42660,0.06730801981435983,0.0917808021763394,0.3372528512055551,C:\Users\Admin\Desktop\ShiXiaoYu\data\FineTuneResNet\city_prototypes_per_city\per_city_cluster_20260607_192155,C:\Users\Admin\Desktop\ShiXiaoYu\data\FineTuneResNet\expert_models_runs\expert_run_stage6_9_66fold_test_33100_42660_single_task_backbone_finetune\predictions\step6_expert_summary_student_20260607_192236.json,C:\Users\Admin\Desktop\ShiXiaoYu\data\FineTuneResNet\expert_models_runs\expert_run_stage6_9_66fold_test_33100_42660_single_task_backbone_finetune\predictions\evaluation_student_cbsa42660_knn_k5_none.json,C:\Users\Admin\Desktop\ShiXiaoYu\data\FineTuneResNet\expert_models_runs\expert_run_stage6_9_66fold_test_33100_42660_single_task_backbone_finetune\predictions\predictions_student_cbsa42660_knn_k5_none.csv,C:\Users\Admin\Desktop\ShiXiaoYu\data\3.26plan_tripmode_v2_66fold\folds\test_33100_42660\logs\single_task_backbone_finetune\train.log,C:\Users\Admin\Desktop\ShiXiaoYu\data\3.26plan_tripmode_v2_66fold\folds\test_33100_42660\logs\single_task_backbone_finetune\inference.log,0.09049247888014357,0.1177176851818631,0.46339245914164484,0.05868622572517211,0.07679464568175944,0.18586460497320512,0.0527453548377638,0.0808300756653957,0.3625014895018155,test_33100_42660,54,33100,42660,5,cosine,none
aef_annual_64d,33100,0.06661122074166524,0.09586521080505199,-1.2106077577159258,C:\Users\Admin\Desktop\ShiXiaoYu\data\FineTuneResNet\city_prototypes_per_city\per_city_cluster_20260607_192335,C:\Users\Admin\Desktop\ShiXiaoYu\data\FineTuneResNet\expert_models_runs\expert_run_stage6_9_66fold_test_33100_47900_aef_annual_64d\predictions\step6_expert_summary_student_20260607_192404.json,C:\Users\Admin\Desktop\ShiXiaoYu\data\FineTuneResNet\expert_models_runs\expert_run_stage6_9_66fold_test_33100_47900_aef_annual_64d\predictions\evaluation_student_cbsa33100_knn_k5_none.json,C:\Users\Admin\Desktop\ShiXiaoYu\data\FineTuneResNet\expert_models_runs\expert_run_stage6_9_66fold_test_33100_47900_aef_annual_64d\predictions\predictions_student_cbsa33100_knn_k5_none.csv,C:\Users\Admin\Desktop\ShiXiaoYu\data\3.26plan_tripmode_v2_66fold\folds\test_33100_47900\logs\aef_annual_64d\train.log,C:\Users\Admin\Desktop\ShiXiaoYu\data\3.26plan_tripmode_v2_66fold\folds\test_33100_47900\logs\aef_annual_64d\inference.log,0.09271231790146628,0.13225635614433964,-1.1081430253152584,0.05824502473555753,0.0851188011251572,-2.5669793234981677,0.04887631958797191,0.07022047514565909,0.043299075665648945,test_33100_47900,55,33100,47900,5,cosine,none
aef_annual_64d,47900,0.06249510166593167,0.09887522404046974,0.46817513500166524,C:\Users\Admin\Desktop\ShiXiaoYu\data\FineTuneResNet\city_prototypes_per_city\per_city_cluster_20260607_192335,C:\Users\Admin\Desktop\ShiXiaoYu\data\FineTuneResNet\expert_models_runs\expert_run_stage6_9_66fold_test_33100_47900_aef_annual_64d\predictions\step6_expert_summary_student_20260607_192404.json,C:\Users\Admin\Desktop\ShiXiaoYu\data\FineTuneResNet\expert_models_runs\expert_run_stage6_9_66fold_test_33100_47900_aef_annual_64d\predictions\evaluation_student_cbsa47900_knn_k5_none.json,C:\Users\Admin\Desktop\ShiXiaoYu\data\FineTuneResNet\expert_models_runs\expert_run_stage6_9_66fold_test_33100_47900_aef_annual_64d\predictions\predictions_student_cbsa47900_knn_k5_none.csv,C:\Users\Admin\Desktop\ShiXiaoYu\data\3.26plan_tripmode_v2_66fold\folds\test_33100_47900\logs\aef_annual_64d\train.log,C:\Users\Admin\Desktop\ShiXiaoYu\data\3.26plan_tripmode_v2_66fold\folds\test_33100_47900\logs\aef_annual_64d\inference.log,0.0806324281168921,0.12229909534406513,0.5828380128560167,0.06079719622963119,0.09488375980852108,0.39598062736868533,0.046055680651271726,0.07944281696882298,0.4257067647802939,test_33100_47900,55,33100,47900,5,cosine,none
clay_v1_5_768d,33100,0.06753720111407259,0.08703277462862531,-0.8017325614235231,C:\Users\Admin\Desktop\ShiXiaoYu\data\FineTuneResNet\city_prototypes_per_city\per_city_cluster_20260607_192508,C:\Users\Admin\Desktop\ShiXiaoYu\data\FineTuneResNet\expert_models_runs\expert_run_stage6_9_66fold_test_33100_47900_clay_v1_5_768d\predictions\step6_expert_summary_student_20260607_192546.json,C:\Users\Admin\Desktop\ShiXiaoYu\data\FineTuneResNet\expert_models_runs\expert_run_stage6_9_66fold_test_33100_47900_clay_v1_5_768d\predictions\evaluation_student_cbsa33100_knn_k5_none.json,C:\Users\Admin\Desktop\ShiXiaoYu\data\FineTuneResNet\expert_models_runs\expert_run_stage6_9_66fold_test_33100_47900_clay_v1_5_768d\predictions\predictions_student_cbsa33100_knn_k5_none.csv,C:\Users\Admin\Desktop\ShiXiaoYu\data\3.26plan_tripmode_v2_66fold\folds\test_33100_47900\logs\clay_v1_5_768d\train.log,C:\Users\Admin\Desktop\ShiXiaoYu\data\3.26plan_tripmode_v2_66fold\folds\test_33100_47900\logs\clay_v1_5_768d\inference.log,0.08990935089056684,0.11367661523636192,-0.5574325008213425,0.0598447092074537,0.07630422923894664,-1.8664661357161765,0.05285754324419723,0.07111747941056737,0.018700952266949566,test_33100_47900,55,33100,47900,5,cosine,none
clay_v1_5_768d,47900,0.07889211928052667,0.11860521149234123,0.2477729837327782,C:\Users\Admin\Desktop\ShiXiaoYu\data\FineTuneResNet\city_prototypes_per_city\per_city_cluster_20260607_192508,C:\Users\Admin\Desktop\ShiXiaoYu\data\FineTuneResNet\expert_models_runs\expert_run_stage6_9_66fold_test_33100_47900_clay_v1_5_768d\predictions\step6_expert_summary_student_20260607_192546.json,C:\Users\Admin\Desktop\ShiXiaoYu\data\FineTuneResNet\expert_models_runs\expert_run_stage6_9_66fold_test_33100_47900_clay_v1_5_768d\predictions\evaluation_student_cbsa47900_knn_k5_none.json,C:\Users\Admin\Desktop\ShiXiaoYu\data\FineTuneResNet\expert_models_runs\expert_run_stage6_9_66fold_test_33100_47900_clay_v1_5_768d\predictions\predictions_student_cbsa47900_knn_k5_none.csv,C:\Users\Admin\Desktop\ShiXiaoYu\data\3.26plan_tripmode_v2_66fold\folds\test_33100_47900\logs\clay_v1_5_768d\train.log,C:\Users\Admin\Desktop\ShiXiaoYu\data\3.26plan_tripmode_v2_66fold\folds\test_33100_47900\logs\clay_v1_5_768d\inference.log,0.10586211241198029,0.15294514175358428,0.3475764768695835,0.07331588950555942,0.10707616613464827,0.23077618272064182,0.05749835592404028,0.0957943265887912,0.16496629160810927,test_33100_47900,55,33100,47900,5,cosine,none
prithvi_eo_v2_1024d,33100,0.09880127659922903,0.11627267143227549,-2.2425330612366294,C:\Users\Admin\Desktop\ShiXiaoYu\data\FineTuneResNet\city_prototypes_per_city\per_city_cluster_20260607_192652,C:\Users\Admin\Desktop\ShiXiaoYu\data\FineTuneResNet\expert_models_runs\expert_run_stage6_9_66fold_test_33100_47900_prithvi_eo_v2_1024d\predictions\step6_expert_summary_student_20260607_192729.json,C:\Users\Admin\Desktop\ShiXiaoYu\data\FineTuneResNet\expert_models_runs\expert_run_stage6_9_66fold_test_33100_47900_prithvi_eo_v2_1024d\predictions\evaluation_student_cbsa33100_knn_k5_none.json,C:\Users\Admin\Desktop\ShiXiaoYu\data\FineTuneResNet\expert_models_runs\expert_run_stage6_9_66fold_test_33100_47900_prithvi_eo_v2_1024d\predictions\predictions_student_cbsa33100_knn_k5_none.csv,C:\Users\Admin\Desktop\ShiXiaoYu\data\3.26plan_tripmode_v2_66fold\folds\test_33100_47900\logs\prithvi_eo_v2_1024d\train.log,C:\Users\Admin\Desktop\ShiXiaoYu\data\3.26plan_tripmode_v2_66fold\folds\test_33100_47900\logs\prithvi_eo_v2_1024d\inference.log,0.14153252033365693,0.16439086596684968,-2.257034299987418,0.08986570467997206,0.10243954209187407,-4.166362230705979,0.0650056047840581,0.08198760623810268,-0.30420265301649163,test_33100_47900,55,33100,47900,5,cosine,none
prithvi_eo_v2_1024d,47900,0.10096795576653027,0.14535171270280714,-0.09299935493373364,C:\Users\Admin\Desktop\ShiXiaoYu\data\FineTuneResNet\city_prototypes_per_city\per_city_cluster_20260607_192652,C:\Users\Admin\Desktop\ShiXiaoYu\data\FineTuneResNet\expert_models_runs\expert_run_stage6_9_66fold_test_33100_47900_prithvi_eo_v2_1024d\predictions\step6_expert_summary_student_20260607_192729.json,C:\Users\Admin\Desktop\ShiXiaoYu\data\FineTuneResNet\expert_models_runs\expert_run_stage6_9_66fold_test_33100_47900_prithvi_eo_v2_1024d\predictions\evaluation_student_cbsa47900_knn_k5_none.json,C:\Users\Admin\Desktop\ShiXiaoYu\data\FineTuneResNet\expert_models_runs\expert_run_stage6_9_66fold_test_33100_47900_prithvi_eo_v2_1024d\predictions\predictions_student_cbsa47900_knn_k5_none.csv,C:\Users\Admin\Desktop\ShiXiaoYu\data\3.26plan_tripmode_v2_66fold\folds\test_33100_47900\logs\prithvi_eo_v2_1024d\train.log,C:\Users\Admin\Desktop\ShiXiaoYu\data\3.26plan_tripmode_v2_66fold\folds\test_33100_47900\logs\prithvi_eo_v2_1024d\inference.log,0.14281396595466342,0.1990200579555265,-0.10471928421676968,0.09561500425216912,0.1311118066991827,-0.15332233048383914,0.06447489709275826,0.10592327345371218,-0.020956450100592106,test_33100_47900,55,33100,47900,5,cosine,none
imagenet_pretrain,33100,0.057670459312105536,0.07849897162341697,-0.4595504878698984,C:\Users\Admin\Desktop\ShiXiaoYu\data\FineTuneResNet\city_prototypes_per_city\per_city_cluster_20260607_192829,C:\Users\Admin\Desktop\ShiXiaoYu\data\FineTuneResNet\expert_models_runs\expert_run_stage6_9_66fold_test_33100_47900_imagenet_pretrain\predictions\step6_expert_summary_student_20260607_192913.json,C:\Users\Admin\Desktop\ShiXiaoYu\data\FineTuneResNet\expert_models_runs\expert_run_stage6_9_66fold_test_33100_47900_imagenet_pretrain\predictions\evaluation_student_cbsa33100_knn_k5_none.json,C:\Users\Admin\Desktop\ShiXiaoYu\data\FineTuneResNet\expert_models_runs\expert_run_stage6_9_66fold_test_33100_47900_imagenet_pretrain\predictions\predictions_student_cbsa33100_knn_k5_none.csv,C:\Users\Admin\Desktop\ShiXiaoYu\data\3.26plan_tripmode_v2_66fold\folds\test_33100_47900\logs\imagenet_pretrain\train.log,C:\Users\Admin\Desktop\ShiXiaoYu\data\3.26plan_tripmode_v2_66fold\folds\test_33100_47900\logs\imagenet_pretrain\inference.log,0.07613926591881108,0.09934233086661917,-0.18942115061555342,0.05209544244291583,0.06828241177098023,-1.295447161109343,0.04477666957458969,0.06787217223265149,0.10621684811520138,test_33100_47900,55,33100,47900,5,cosine,none
imagenet_pretrain,47900,0.07865835343187909,0.1283473211397408,0.13478363701449783,C:\Users\Admin\Desktop\ShiXiaoYu\data\FineTuneResNet\city_prototypes_per_city\per_city_cluster_20260607_192829,C:\Users\Admin\Desktop\ShiXiaoYu\data\FineTuneResNet\expert_models_runs\expert_run_stage6_9_66fold_test_33100_47900_imagenet_pretrain\predictions\step6_expert_summary_student_20260607_192913.json,C:\Users\Admin\Desktop\ShiXiaoYu\data\FineTuneResNet\expert_models_runs\expert_run_stage6_9_66fold_test_33100_47900_imagenet_pretrain\predictions\evaluation_student_cbsa47900_knn_k5_none.json,C:\Users\Admin\Desktop\ShiXiaoYu\data\FineTuneResNet\expert_models_runs\expert_run_stage6_9_66fold_test_33100_47900_imagenet_pretrain\predictions\predictions_student_cbsa47900_knn_k5_none.csv,C:\Users\Admin\Desktop\ShiXiaoYu\data\3.26plan_tripmode_v2_66fold\folds\test_33100_47900\logs\imagenet_pretrain\train.log,C:\Users\Admin\Desktop\ShiXiaoYu\data\3.26plan_tripmode_v2_66fold\folds\test_33100_47900\logs\imagenet_pretrain\inference.log,0.10803907770386062,0.17101746706086132,0.18428362968529188,0.07430946129161675,0.11486566416649786,0.11478746903247483,0.0536265213001599,0.09915883219186315,0.10527981232572681,test_33100_47900,55,33100,47900,5,cosine,none
satellite_pretrain,33100,0.07052451551950376,0.09320373062070171,-1.2091610952656062,C:\Users\Admin\Desktop\ShiXiaoYu\data\FineTuneResNet\city_prototypes_per_city\per_city_cluster_20260607_193016,C:\Users\Admin\Desktop\ShiXiaoYu\data\FineTuneResNet\expert_models_runs\expert_run_stage6_9_66fold_test_33100_47900_satellite_pretrain\predictions\step6_expert_summary_student_20260607_193058.json,C:\Users\Admin\Desktop\ShiXiaoYu\data\FineTuneResNet\expert_models_runs\expert_run_stage6_9_66fold_test_33100_47900_satellite_pretrain\predictions\evaluation_student_cbsa33100_knn_k5_none.json,C:\Users\Admin\Desktop\ShiXiaoYu\data\FineTuneResNet\expert_models_runs\expert_run_stage6_9_66fold_test_33100_47900_satellite_pretrain\predictions\predictions_student_cbsa33100_knn_k5_none.csv,C:\Users\Admin\Desktop\ShiXiaoYu\data\3.26plan_tripmode_v2_66fold\folds\test_33100_47900\logs\satellite_pretrain\train.log,C:\Users\Admin\Desktop\ShiXiaoYu\data\3.26plan_tripmode_v2_66fold\folds\test_33100_47900\logs\satellite_pretrain\inference.log,0.09600632250654169,0.12120945893437399,-0.7706796289959625,0.0701921621350163,0.08937069447004363,-2.9322385920109655,0.04537506191695326,0.06903103845768756,0.07543493521010902,test_33100_47900,55,33100,47900,5,cosine,none
satellite_pretrain,47900,0.08003864789031519,0.12058663979835775,0.2273237372769572,C:\Users\Admin\Desktop\ShiXiaoYu\data\FineTuneResNet\city_prototypes_per_city\per_city_cluster_20260607_193016,C:\Users\Admin\Desktop\ShiXiaoYu\data\FineTuneResNet\expert_models_runs\expert_run_stage6_9_66fold_test_33100_47900_satellite_pretrain\predictions\step6_expert_summary_student_20260607_193058.json,C:\Users\Admin\Desktop\ShiXiaoYu\data\FineTuneResNet\expert_models_runs\expert_run_stage6_9_66fold_test_33100_47900_satellite_pretrain\predictions\evaluation_student_cbsa47900_knn_k5_none.json,C:\Users\Admin\Desktop\ShiXiaoYu\data\FineTuneResNet\expert_models_runs\expert_run_stage6_9_66fold_test_33100_47900_satellite_pretrain\predictions\predictions_student_cbsa47900_knn_k5_none.csv,C:\Users\Admin\Desktop\ShiXiaoYu\data\3.26plan_tripmode_v2_66fold\folds\test_33100_47900\logs\satellite_pretrain\train.log,C:\Users\Admin\Desktop\ShiXiaoYu\data\3.26plan_tripmode_v2_66fold\folds\test_33100_47900\logs\satellite_pretrain\inference.log,0.11012786133486985,0.15820449846625648,0.30193494952467703,0.07336541497443923,0.10597010584477634,0.2465857446616282,0.05662266736163648,0.09758531508404047,0.1334505176445664,test_33100_47900,55,33100,47900,5,cosine,none
single_task_backbone_finetune,33100,0.05379216469469717,0.08079087926828606,-0.5558005864591123,C:\Users\Admin\Desktop\ShiXiaoYu\data\FineTuneResNet\city_prototypes_per_city\per_city_cluster_20260607_193208,C:\Users\Admin\Desktop\ShiXiaoYu\data\FineTuneResNet\expert_models_runs\expert_run_stage6_9_66fold_test_33100_47900_single_task_backbone_finetune\predictions\step6_expert_summary_student_20260607_193255.json,C:\Users\Admin\Desktop\ShiXiaoYu\data\FineTuneResNet\expert_models_runs\expert_run_stage6_9_66fold_test_33100_47900_single_task_backbone_finetune\predictions\evaluation_student_cbsa33100_knn_k5_none.json,C:\Users\Admin\Desktop\ShiXiaoYu\data\FineTuneResNet\expert_models_runs\expert_run_stage6_9_66fold_test_33100_47900_single_task_backbone_finetune\predictions\predictions_student_cbsa33100_knn_k5_none.csv,C:\Users\Admin\Desktop\ShiXiaoYu\data\3.26plan_tripmode_v2_66fold\folds\test_33100_47900\logs\single_task_backbone_finetune\train.log,C:\Users\Admin\Desktop\ShiXiaoYu\data\3.26plan_tripmode_v2_66fold\folds\test_33100_47900\logs\single_task_backbone_finetune\inference.log,0.07116265233496422,0.10499344899894657,-0.3285911968143662,0.047822404818946285,0.071047953105467,-1.4851507399457247,0.04239143693018102,0.06633123570044464,0.14634017738275407,test_33100_47900,55,33100,47900,5,cosine,none
single_task_backbone_finetune,47900,0.07545958413357132,0.10985064756077005,0.3388056443702927,C:\Users\Admin\Desktop\ShiXiaoYu\data\FineTuneResNet\city_prototypes_per_city\per_city_cluster_20260607_193208,C:\Users\Admin\Desktop\ShiXiaoYu\data\FineTuneResNet\expert_models_runs\expert_run_stage6_9_66fold_test_33100_47900_single_task_backbone_finetune\predictions\step6_expert_summary_student_20260607_193255.json,C:\Users\Admin\Desktop\ShiXiaoYu\data\FineTuneResNet\expert_models_runs\expert_run_stage6_9_66fold_test_33100_47900_single_task_backbone_finetune\predictions\evaluation_student_cbsa47900_knn_k5_none.json,C:\Users\Admin\Desktop\ShiXiaoYu\data\FineTuneResNet\expert_models_runs\expert_run_stage6_9_66fold_test_33100_47900_single_task_backbone_finetune\predictions\predictions_student_cbsa47900_knn_k5_none.csv,C:\Users\Admin\Desktop\ShiXiaoYu\data\3.26plan_tripmode_v2_66fold\folds\test_33100_47900\logs\single_task_backbone_finetune\train.log,C:\Users\Admin\Desktop\ShiXiaoYu\data\3.26plan_tripmode_v2_66fold\folds\test_33100_47900\logs\single_task_backbone_finetune\inference.log,0.09661466896999577,0.1364409504512944,0.4807844262197263,0.06796565836014463,0.09877831037664474,0.3453784721763645,0.061798425070573565,0.09433268185437099,0.1902540347147873,test_33100_47900,55,33100,47900,5,cosine,none
aef_annual_64d,35620,0.17956444356909596,0.23682424647085218,-0.01268384065942744,C:\Users\Admin\Desktop\ShiXiaoYu\data\FineTuneResNet\city_prototypes_per_city\per_city_cluster_20260607_193348,C:\Users\Admin\Desktop\ShiXiaoYu\data\FineTuneResNet\expert_models_runs\expert_run_stage6_9_66fold_test_35620_38060_aef_annual_64d\predictions\step6_expert_summary_student_20260607_193412.json,C:\Users\Admin\Desktop\ShiXiaoYu\data\FineTuneResNet\expert_models_runs\expert_run_stage6_9_66fold_test_35620_38060_aef_annual_64d\predictions\evaluation_student_cbsa35620_knn_k5_none.json,C:\Users\Admin\Desktop\ShiXiaoYu\data\FineTuneResNet\expert_models_runs\expert_run_stage6_9_66fold_test_35620_38060_aef_annual_64d\predictions\predictions_student_cbsa35620_knn_k5_none.csv,C:\Users\Admin\Desktop\ShiXiaoYu\data\3.26plan_tripmode_v2_66fold\folds\test_35620_38060\logs\aef_annual_64d\train.log,C:\Users\Admin\Desktop\ShiXiaoYu\data\3.26plan_tripmode_v2_66fold\folds\test_35620_38060\logs\aef_annual_64d\inference.log,0.2448485922906278,0.31383953184290053,0.0017432077810045632,0.21431926690032044,0.285183578307924,-0.25232640155509123,0.07952547151633955,0.11144962926173195,0.21253167179580434,test_35620_38060,56,35620,38060,5,cosine,none
aef_annual_64d,38060,0.055176892259694056,0.06665062091678244,-1.9499641545967092,C:\Users\Admin\Desktop\ShiXiaoYu\data\FineTuneResNet\city_prototypes_per_city\per_city_cluster_20260607_193348,C:\Users\Admin\Desktop\ShiXiaoYu\data\FineTuneResNet\expert_models_runs\expert_run_stage6_9_66fold_test_35620_38060_aef_annual_64d\predictions\step6_expert_summary_student_20260607_193412.json,C:\Users\Admin\Desktop\ShiXiaoYu\data\FineTuneResNet\expert_models_runs\expert_run_stage6_9_66fold_test_35620_38060_aef_annual_64d\predictions\evaluation_student_cbsa38060_knn_k5_none.json,C:\Users\Admin\Desktop\ShiXiaoYu\data\FineTuneResNet\expert_models_runs\expert_run_stage6_9_66fold_test_35620_38060_aef_annual_64d\predictions\predictions_student_cbsa38060_knn_k5_none.csv,C:\Users\Admin\Desktop\ShiXiaoYu\data\3.26plan_tripmode_v2_66fold\folds\test_35620_38060\logs\aef_annual_64d\train.log,C:\Users\Admin\Desktop\ShiXiaoYu\data\3.26plan_tripmode_v2_66fold\folds\test_35620_38060\logs\aef_annual_64d\inference.log,0.07591837612366804,0.09040526471627351,-1.4003951726881452,0.04974034906745767,0.0580450656553942,-4.280141851649422,0.039871951587956464,0.05150153237867958,-0.1693554394525607,test_35620_38060,56,35620,38060,5,cosine,none
clay_v1_5_768d,35620,0.1691085812967629,0.21980828835001387,0.028741111317323414,C:\Users\Admin\Desktop\ShiXiaoYu\data\FineTuneResNet\city_prototypes_per_city\per_city_cluster_20260607_193510,C:\Users\Admin\Desktop\ShiXiaoYu\data\FineTuneResNet\expert_models_runs\expert_run_stage6_9_66fold_test_35620_38060_clay_v1_5_768d\predictions\step6_expert_summary_student_20260607_193546.json,C:\Users\Admin\Desktop\ShiXiaoYu\data\FineTuneResNet\expert_models_runs\expert_run_stage6_9_66fold_test_35620_38060_clay_v1_5_768d\predictions\evaluation_student_cbsa35620_knn_k5_none.json,C:\Users\Admin\Desktop\ShiXiaoYu\data\FineTuneResNet\expert_models_runs\expert_run_stage6_9_66fold_test_35620_38060_clay_v1_5_768d\predictions\predictions_student_cbsa35620_knn_k5_none.csv,C:\Users\Admin\Desktop\ShiXiaoYu\data\3.26plan_tripmode_v2_66fold\folds\test_35620_38060\logs\clay_v1_5_768d\train.log,C:\Users\Admin\Desktop\ShiXiaoYu\data\3.26plan_tripmode_v2_66fold\folds\test_35620_38060\logs\clay_v1_5_768d\inference.log,0.20734576936362056,0.2637248755627619,0.2716473000440729,0.2133907978465319,0.2849030536569043,-0.21500291440885744,0.08658917668013622,0.11079693583037532,0.029578948316754783,test_35620_38060,56,35620,38060,5,cosine,none
clay_v1_5_768d,38060,0.05314234608999379,0.06524590423942077,-1.896334612106682,C:\Users\Admin\Desktop\ShiXiaoYu\data\FineTuneResNet\city_prototypes_per_city\per_city_cluster_20260607_193510,C:\Users\Admin\Desktop\ShiXiaoYu\data\FineTuneResNet\expert_models_runs\expert_run_stage6_9_66fold_test_35620_38060_clay_v1_5_768d\predictions\step6_expert_summary_student_20260607_193546.json,C:\Users\Admin\Desktop\ShiXiaoYu\data\FineTuneResNet\expert_models_runs\expert_run_stage6_9_66fold_test_35620_38060_clay_v1_5_768d\predictions\evaluation_student_cbsa38060_knn_k5_none.json,C:\Users\Admin\Desktop\ShiXiaoYu\data\FineTuneResNet\expert_models_runs\expert_run_stage6_9_66fold_test_35620_38060_clay_v1_5_768d\predictions\predictions_student_cbsa38060_knn_k5_none.csv,C:\Users\Admin\Desktop\ShiXiaoYu\data\3.26plan_tripmode_v2_66fold\folds\test_35620_38060\logs\clay_v1_5_768d\train.log,C:\Users\Admin\Desktop\ShiXiaoYu\data\3.26plan_tripmode_v2_66fold\folds\test_35620_38060\logs\clay_v1_5_768d\inference.log,0.06908557871430909,0.08479901623673261,-1.1119173998405771,0.05123524679491591,0.05851132495441229,-4.365310268246845,0.039106212760756355,0.052427371527117406,-0.21177616823262335,test_35620_38060,56,35620,38060,5,cosine,none
prithvi_eo_v2_1024d,35620,0.20565443155959617,0.27597528742000116,-0.404287213195836,C:\Users\Admin\Desktop\ShiXiaoYu\data\FineTuneResNet\city_prototypes_per_city\per_city_cluster_20260607_193644,C:\Users\Admin\Desktop\ShiXiaoYu\data\FineTuneResNet\expert_models_runs\expert_run_stage6_9_66fold_test_35620_38060_prithvi_eo_v2_1024d\predictions\step6_expert_summary_student_20260607_193721.json,C:\Users\Admin\Desktop\ShiXiaoYu\data\FineTuneResNet\expert_models_runs\expert_run_stage6_9_66fold_test_35620_38060_prithvi_eo_v2_1024d\predictions\evaluation_student_cbsa35620_knn_k5_none.json,C:\Users\Admin\Desktop\ShiXiaoYu\data\FineTuneResNet\expert_models_runs\expert_run_stage6_9_66fold_test_35620_38060_prithvi_eo_v2_1024d\predictions\predictions_student_cbsa35620_knn_k5_none.csv,C:\Users\Admin\Desktop\ShiXiaoYu\data\3.26plan_tripmode_v2_66fold\folds\test_35620_38060\logs\prithvi_eo_v2_1024d\train.log,C:\Users\Admin\Desktop\ShiXiaoYu\data\3.26plan_tripmode_v2_66fold\folds\test_35620_38060\logs\prithvi_eo_v2_1024d\inference.log,0.2869582030335671,0.37423141235651936,-0.46662816060252843,0.2570728882275027,0.3407749129178008,-0.738274432540559,0.07293220341771874,0.11291953698568331,-0.007959046444420581,test_35620_38060,56,35620,38060,5,cosine,none
prithvi_eo_v2_1024d,38060,0.04273305762874691,0.054347285853655426,-0.880482949277441,C:\Users\Admin\Desktop\ShiXiaoYu\data\FineTuneResNet\city_prototypes_per_city\per_city_cluster_20260607_193644,C:\Users\Admin\Desktop\ShiXiaoYu\data\FineTuneResNet\expert_models_runs\expert_run_stage6_9_66fold_test_35620_38060_prithvi_eo_v2_1024d\predictions\step6_expert_summary_student_20260607_193721.json,C:\Users\Admin\Desktop\ShiXiaoYu\data\FineTuneResNet\expert_models_runs\expert_run_stage6_9_66fold_test_35620_38060_prithvi_eo_v2_1024d\predictions\evaluation_student_cbsa38060_knn_k5_none.json,C:\Users\Admin\Desktop\ShiXiaoYu\data\FineTuneResNet\expert_models_runs\expert_run_stage6_9_66fold_test_35620_38060_prithvi_eo_v2_1024d\predictions\predictions_student_cbsa38060_knn_k5_none.csv,C:\Users\Admin\Desktop\ShiXiaoYu\data\3.26plan_tripmode_v2_66fold\folds\test_35620_38060\logs\prithvi_eo_v2_1024d\train.log,C:\Users\Admin\Desktop\ShiXiaoYu\data\3.26plan_tripmode_v2_66fold\folds\test_35620_38060\logs\prithvi_eo_v2_1024d\inference.log,0.05492224925137558,0.06930904516888661,-0.4108314491571514,0.040118645334191856,0.045102769360770345,-2.188022620554901,0.03315827830067329,0.048630043031309335,-0.04259477812027046,test_35620_38060,56,35620,38060,5,cosine,none
imagenet_pretrain,35620,0.18825600538476406,0.2507765251278352,-0.15996151998857325,C:\Users\Admin\Desktop\ShiXiaoYu\data\FineTuneResNet\city_prototypes_per_city\per_city_cluster_20260607_193822,C:\Users\Admin\Desktop\ShiXiaoYu\data\FineTuneResNet\expert_models_runs\expert_run_stage6_9_66fold_test_35620_38060_imagenet_pretrain\predictions\step6_expert_summary_student_20260607_193907.json,C:\Users\Admin\Desktop\ShiXiaoYu\data\FineTuneResNet\expert_models_runs\expert_run_stage6_9_66fold_test_35620_38060_imagenet_pretrain\predictions\evaluation_student_cbsa35620_knn_k5_none.json,C:\Users\Admin\Desktop\ShiXiaoYu\data\FineTuneResNet\expert_models_runs\expert_run_stage6_9_66fold_test_35620_38060_imagenet_pretrain\predictions\predictions_student_cbsa35620_knn_k5_none.csv,C:\Users\Admin\Desktop\ShiXiaoYu\data\3.26plan_tripmode_v2_66fold\folds\test_35620_38060\logs\imagenet_pretrain\train.log,C:\Users\Admin\Desktop\ShiXiaoYu\data\3.26plan_tripmode_v2_66fold\folds\test_35620_38060\logs\imagenet_pretrain\inference.log,0.2589835201200577,0.33515712769200245,-0.17634974315516483,0.23835549611059337,0.31605002427741474,-0.49518443535091317,0.06742899992364107,0.10112242341408847,0.19164961854035822,test_35620_38060,56,35620,38060,5,cosine,none
imagenet_pretrain,38060,0.041141427829077294,0.052260374357296635,-0.710190220464034,C:\Users\Admin\Desktop\ShiXiaoYu\data\FineTuneResNet\city_prototypes_per_city\per_city_cluster_20260607_193822,C:\Users\Admin\Desktop\ShiXiaoYu\data\FineTuneResNet\expert_models_runs\expert_run_stage6_9_66fold_test_35620_38060_imagenet_pretrain\predictions\step6_expert_summary_student_20260607_193907.json,C:\Users\Admin\Desktop\ShiXiaoYu\data\FineTuneResNet\expert_models_runs\expert_run_stage6_9_66fold_test_35620_38060_imagenet_pretrain\predictions\evaluation_student_cbsa38060_knn_k5_none.json,C:\Users\Admin\Desktop\ShiXiaoYu\data\FineTuneResNet\expert_models_runs\expert_run_stage6_9_66fold_test_35620_38060_imagenet_pretrain\predictions\predictions_student_cbsa38060_knn_k5_none.csv,C:\Users\Admin\Desktop\ShiXiaoYu\data\3.26plan_tripmode_v2_66fold\folds\test_35620_38060\logs\imagenet_pretrain\train.log,C:\Users\Admin\Desktop\ShiXiaoYu\data\3.26plan_tripmode_v2_66fold\folds\test_35620_38060\logs\imagenet_pretrain\inference.log,0.0536831887618876,0.06722789469770711,-0.3273771052857781,0.037903243138016116,0.0424609444450112,-1.82549326318434,0.03183785158732818,0.0470922839291716,0.022299707078015985,test_35620_38060,56,35620,38060,5,cosine,none
satellite_pretrain,35620,0.20809403128742598,0.279373121086485,-0.4262415913469568,C:\Users\Admin\Desktop\ShiXiaoYu\data\FineTuneResNet\city_prototypes_per_city\per_city_cluster_20260607_194006,C:\Users\Admin\Desktop\ShiXiaoYu\data\FineTuneResNet\expert_models_runs\expert_run_stage6_9_66fold_test_35620_38060_satellite_pretrain\predictions\step6_expert_summary_student_20260607_194047.json,C:\Users\Admin\Desktop\ShiXiaoYu\data\FineTuneResNet\expert_models_runs\expert_run_stage6_9_66fold_test_35620_38060_satellite_pretrain\predictions\evaluation_student_cbsa35620_knn_k5_none.json,C:\Users\Admin\Desktop\ShiXiaoYu\data\FineTuneResNet\expert_models_runs\expert_run_stage6_9_66fold_test_35620_38060_satellite_pretrain\predictions\predictions_student_cbsa35620_knn_k5_none.csv,C:\Users\Admin\Desktop\ShiXiaoYu\data\3.26plan_tripmode_v2_66fold\folds\test_35620_38060\logs\satellite_pretrain\train.log,C:\Users\Admin\Desktop\ShiXiaoYu\data\3.26plan_tripmode_v2_66fold\folds\test_35620_38060\logs\satellite_pretrain\inference.log,0.29199272047594305,0.38017459342572385,-0.5135811925244917,0.2632081932303012,0.34845842112395226,-0.8175444482621064,0.06908118015603369,0.10948634870977884,0.05240086674572775,test_35620_38060,56,35620,38060,5,cosine,none
satellite_pretrain,38060,0.03816012779832784,0.050373128194813876,-0.5446620809186995,C:\Users\Admin\Desktop\ShiXiaoYu\data\FineTuneResNet\city_prototypes_per_city\per_city_cluster_20260607_194006,C:\Users\Admin\Desktop\ShiXiaoYu\data\FineTuneResNet\expert_models_runs\expert_run_stage6_9_66fold_test_35620_38060_satellite_pretrain\predictions\step6_expert_summary_student_20260607_194047.json,C:\Users\Admin\Desktop\ShiXiaoYu\data\FineTuneResNet\expert_models_runs\expert_run_stage6_9_66fold_test_35620_38060_satellite_pretrain\predictions\evaluation_student_cbsa38060_knn_k5_none.json,C:\Users\Admin\Desktop\ShiXiaoYu\data\FineTuneResNet\expert_models_runs\expert_run_stage6_9_66fold_test_35620_38060_satellite_pretrain\predictions\predictions_student_cbsa38060_knn_k5_none.csv,C:\Users\Admin\Desktop\ShiXiaoYu\data\3.26plan_tripmode_v2_66fold\folds\test_35620_38060\logs\satellite_pretrain\train.log,C:\Users\Admin\Desktop\ShiXiaoYu\data\3.26plan_tripmode_v2_66fold\folds\test_35620_38060\logs\satellite_pretrain\inference.log,0.0492280684353509,0.06426007210520221,-0.21276796709657075,0.03399995343848745,0.03934373943930212,-1.425862868214685,0.031252361521145175,0.04751557303993731,0.0046445925551573675,test_35620_38060,56,35620,38060,5,cosine,none
single_task_backbone_finetune,35620,0.1448266743765431,0.1890518182179368,0.08005475504023829,C:\Users\Admin\Desktop\ShiXiaoYu\data\FineTuneResNet\city_prototypes_per_city\per_city_cluster_20260607_194145,C:\Users\Admin\Desktop\ShiXiaoYu\data\FineTuneResNet\expert_models_runs\expert_run_stage6_9_66fold_test_35620_38060_single_task_backbone_finetune\predictions\step6_expert_summary_student_20260607_194228.json,C:\Users\Admin\Desktop\ShiXiaoYu\data\FineTuneResNet\expert_models_runs\expert_run_stage6_9_66fold_test_35620_38060_single_task_backbone_finetune\predictions\evaluation_student_cbsa35620_knn_k5_none.json,C:\Users\Admin\Desktop\ShiXiaoYu\data\FineTuneResNet\expert_models_runs\expert_run_stage6_9_66fold_test_35620_38060_single_task_backbone_finetune\predictions\predictions_student_cbsa35620_knn_k5_none.csv,C:\Users\Admin\Desktop\ShiXiaoYu\data\3.26plan_tripmode_v2_66fold\folds\test_35620_38060\logs\single_task_backbone_finetune\train.log,C:\Users\Admin\Desktop\ShiXiaoYu\data\3.26plan_tripmode_v2_66fold\folds\test_35620_38060\logs\single_task_backbone_finetune\inference.log,0.14580060353244229,0.1875641812833545,0.6315832613497961,0.1808446708859018,0.24075150314695654,0.13239683807519564,0.10783474871128519,0.13883977022349928,-0.5238158343042769,test_35620_38060,56,35620,38060,5,cosine,none
single_task_backbone_finetune,38060,0.03692715592319518,0.048359922583245694,-0.40558703417788716,C:\Users\Admin\Desktop\ShiXiaoYu\data\FineTuneResNet\city_prototypes_per_city\per_city_cluster_20260607_194145,C:\Users\Admin\Desktop\ShiXiaoYu\data\FineTuneResNet\expert_models_runs\expert_run_stage6_9_66fold_test_35620_38060_single_task_backbone_finetune\predictions\step6_expert_summary_student_20260607_194228.json,C:\Users\Admin\Desktop\ShiXiaoYu\data\FineTuneResNet\expert_models_runs\expert_run_stage6_9_66fold_test_35620_38060_single_task_backbone_finetune\predictions\evaluation_student_cbsa38060_knn_k5_none.json,C:\Users\Admin\Desktop\ShiXiaoYu\data\FineTuneResNet\expert_models_runs\expert_run_stage6_9_66fold_test_35620_38060_single_task_backbone_finetune\predictions\predictions_student_cbsa38060_knn_k5_none.csv,C:\Users\Admin\Desktop\ShiXiaoYu\data\3.26plan_tripmode_v2_66fold\folds\test_35620_38060\logs\single_task_backbone_finetune\train.log,C:\Users\Admin\Desktop\ShiXiaoYu\data\3.26plan_tripmode_v2_66fold\folds\test_35620_38060\logs\single_task_backbone_finetune\inference.log,0.048675814583616986,0.06184793172575271,-0.12342908157284738,0.0313233155402683,0.03707409387174263,-1.1540514236820454,0.03078233764570025,0.04615774215224174,0.06071940272123133,test_35620_38060,56,35620,38060,5,cosine,none
aef_annual_64d,35620,0.18434119092433862,0.24267851948399818,-0.06512717200329425,C:\Users\Admin\Desktop\ShiXiaoYu\data\FineTuneResNet\city_prototypes_per_city\per_city_cluster_20260607_194322,C:\Users\Admin\Desktop\ShiXiaoYu\data\FineTuneResNet\expert_models_runs\expert_run_stage6_9_66fold_test_35620_41860_aef_annual_64d\predictions\step6_expert_summary_student_20260607_194345.json,C:\Users\Admin\Desktop\ShiXiaoYu\data\FineTuneResNet\expert_models_runs\expert_run_stage6_9_66fold_test_35620_41860_aef_annual_64d\predictions\evaluation_student_cbsa35620_knn_k5_none.json,C:\Users\Admin\Desktop\ShiXiaoYu\data\FineTuneResNet\expert_models_runs\expert_run_stage6_9_66fold_test_35620_41860_aef_annual_64d\predictions\predictions_student_cbsa35620_knn_k5_none.csv,C:\Users\Admin\Desktop\ShiXiaoYu\data\3.26plan_tripmode_v2_66fold\folds\test_35620_41860\logs\aef_annual_64d\train.log,C:\Users\Admin\Desktop\ShiXiaoYu\data\3.26plan_tripmode_v2_66fold\folds\test_35620_41860\logs\aef_annual_64d\inference.log,0.2532602966479026,0.32346254654627493,-0.06041285024813714,0.2177932438760539,0.28863950099526575,-0.28286228846377104,0.08197003224905927,0.11593351091045387,0.14789362270202544,test_35620_41860,57,35620,41860,5,cosine,none
aef_annual_64d,41860,0.10012718601671967,0.13937388305885803,0.21020597506698027,C:\Users\Admin\Desktop\ShiXiaoYu\data\FineTuneResNet\city_prototypes_per_city\per_city_cluster_20260607_194322,C:\Users\Admin\Desktop\ShiXiaoYu\data\FineTuneResNet\expert_models_runs\expert_run_stage6_9_66fold_test_35620_41860_aef_annual_64d\predictions\step6_expert_summary_student_20260607_194345.json,C:\Users\Admin\Desktop\ShiXiaoYu\data\FineTuneResNet\expert_models_runs\expert_run_stage6_9_66fold_test_35620_41860_aef_annual_64d\predictions\evaluation_student_cbsa41860_knn_k5_none.json,C:\Users\Admin\Desktop\ShiXiaoYu\data\FineTuneResNet\expert_models_runs\expert_run_stage6_9_66fold_test_35620_41860_aef_annual_64d\predictions\predictions_student_cbsa41860_knn_k5_none.csv,C:\Users\Admin\Desktop\ShiXiaoYu\data\3.26plan_tripmode_v2_66fold\folds\test_35620_41860\logs\aef_annual_64d\train.log,C:\Users\Admin\Desktop\ShiXiaoYu\data\3.26plan_tripmode_v2_66fold\folds\test_35620_41860\logs\aef_annual_64d\inference.log,0.13844875431434686,0.18852812515917233,0.26083419935329333,0.08725111012009892,0.11469505090253276,0.15175733336348562,0.07468169361571324,0.11489847311486903,0.2180263924841619,test_35620_41860,57,35620,41860,5,cosine,none
clay_v1_5_768d,35620,0.18240976106614457,0.23733651211305865,-0.07384633613614773,C:\Users\Admin\Desktop\ShiXiaoYu\data\FineTuneResNet\city_prototypes_per_city\per_city_cluster_20260607_194446,C:\Users\Admin\Desktop\ShiXiaoYu\data\FineTuneResNet\expert_models_runs\expert_run_stage6_9_66fold_test_35620_41860_clay_v1_5_768d\predictions\step6_expert_summary_student_20260607_194523.json,C:\Users\Admin\Desktop\ShiXiaoYu\data\FineTuneResNet\expert_models_runs\expert_run_stage6_9_66fold_test_35620_41860_clay_v1_5_768d\predictions\evaluation_student_cbsa35620_knn_k5_none.json,C:\Users\Admin\Desktop\ShiXiaoYu\data\FineTuneResNet\expert_models_runs\expert_run_stage6_9_66fold_test_35620_41860_clay_v1_5_768d\predictions\predictions_student_cbsa35620_knn_k5_none.csv,C:\Users\Admin\Desktop\ShiXiaoYu\data\3.26plan_tripmode_v2_66fold\folds\test_35620_41860\logs\clay_v1_5_768d\train.log,C:\Users\Admin\Desktop\ShiXiaoYu\data\3.26plan_tripmode_v2_66fold\folds\test_35620_41860\logs\clay_v1_5_768d\inference.log,0.23434457966956534,0.29899553986993394,0.06379929837647436,0.23337095996062324,0.30887863018296,-0.42810071510075387,0.07951374356824512,0.10413536628628192,0.1427624083158363,test_35620_41860,57,35620,41860,5,cosine,none
clay_v1_5_768d,41860,0.10789838728328904,0.1504019011390072,0.051931607029643466,C:\Users\Admin\Desktop\ShiXiaoYu\data\FineTuneResNet\city_prototypes_per_city\per_city_cluster_20260607_194446,C:\Users\Admin\Desktop\ShiXiaoYu\data\FineTuneResNet\expert_models_runs\expert_run_stage6_9_66fold_test_35620_41860_clay_v1_5_768d\predictions\step6_expert_summary_student_20260607_194523.json,C:\Users\Admin\Desktop\ShiXiaoYu\data\FineTuneResNet\expert_models_runs\expert_run_stage6_9_66fold_test_35620_41860_clay_v1_5_768d\predictions\evaluation_student_cbsa41860_knn_k5_none.json,C:\Users\Admin\Desktop\ShiXiaoYu\data\FineTuneResNet\expert_models_runs\expert_run_stage6_9_66fold_test_35620_41860_clay_v1_5_768d\predictions\predictions_student_cbsa41860_knn_k5_none.csv,C:\Users\Admin\Desktop\ShiXiaoYu\data\3.26plan_tripmode_v2_66fold\folds\test_35620_41860\logs\clay_v1_5_768d\train.log,C:\Users\Admin\Desktop\ShiXiaoYu\data\3.26plan_tripmode_v2_66fold\folds\test_35620_41860\logs\clay_v1_5_768d\inference.log,0.14891095379390318,0.20478857190069993,0.09339107749858633,0.09382130885415592,0.1269028283461508,-0.0663072674317311,0.08096289920180802,0.11951430317017087,0.12871101102207516,test_35620_41860,57,35620,41860,5,cosine,none
prithvi_eo_v2_1024d,35620,0.20527855378728255,0.27518404453204254,-0.4000520854711796,C:\Users\Admin\Desktop\ShiXiaoYu\data\FineTuneResNet\city_prototypes_per_city\per_city_cluster_20260607_194626,C:\Users\Admin\Desktop\ShiXiaoYu\data\FineTuneResNet\expert_models_runs\expert_run_stage6_9_66fold_test_35620_41860_prithvi_eo_v2_1024d\predictions\step6_expert_summary_student_20260607_194701.json,C:\Users\Admin\Desktop\ShiXiaoYu\data\FineTuneResNet\expert_models_runs\expert_run_stage6_9_66fold_test_35620_41860_prithvi_eo_v2_1024d\predictions\evaluation_student_cbsa35620_knn_k5_none.json,C:\Users\Admin\Desktop\ShiXiaoYu\data\FineTuneResNet\expert_models_runs\expert_run_stage6_9_66fold_test_35620_41860_prithvi_eo_v2_1024d\predictions\predictions_student_cbsa35620_knn_k5_none.csv,C:\Users\Admin\Desktop\ShiXiaoYu\data\3.26plan_tripmode_v2_66fold\folds\test_35620_41860\logs\prithvi_eo_v2_1024d\train.log,C:\Users\Admin\Desktop\ShiXiaoYu\data\3.26plan_tripmode_v2_66fold\folds\test_35620_41860\logs\prithvi_eo_v2_1024d\inference.log,0.28336619532336527,0.36996795976228003,-0.4334012257493074,0.25827533476269,0.34250832855499724,-0.7560035284966511,0.07419413127579236,0.11307584527885035,-0.010751502167580362,test_35620_41860,57,35620,41860,5,cosine,none
prithvi_eo_v2_1024d,41860,0.11607126193267085,0.17640270735393804,-0.29722468485482145,C:\Users\Admin\Desktop\ShiXiaoYu\data\FineTuneResNet\city_prototypes_per_city\per_city_cluster_20260607_194626,C:\Users\Admin\Desktop\ShiXiaoYu\data\FineTuneResNet\expert_models_runs\expert_run_stage6_9_66fold_test_35620_41860_prithvi_eo_v2_1024d\predictions\step6_expert_summary_student_20260607_194701.json,C:\Users\Admin\Desktop\ShiXiaoYu\data\FineTuneResNet\expert_models_runs\expert_run_stage6_9_66fold_test_35620_41860_prithvi_eo_v2_1024d\predictions\evaluation_student_cbsa41860_knn_k5_none.json,C:\Users\Admin\Desktop\ShiXiaoYu\data\FineTuneResNet\expert_models_runs\expert_run_stage6_9_66fold_test_35620_41860_prithvi_eo_v2_1024d\predictions\predictions_student_cbsa41860_knn_k5_none.csv,C:\Users\Admin\Desktop\ShiXiaoYu\data\3.26plan_tripmode_v2_66fold\folds\test_35620_41860\logs\prithvi_eo_v2_1024d\train.log,C:\Users\Admin\Desktop\ShiXiaoYu\data\3.26plan_tripmode_v2_66fold\folds\test_35620_41860\logs\prithvi_eo_v2_1024d\inference.log,0.16289366049656132,0.24594902869881674,-0.3076718581846625,0.10697885046834485,0.15277861007994115,-0.5454852886913855,0.07834127483310639,0.1304804832830562,-0.038516907688416424,test_35620_41860,57,35620,41860,5,cosine,none
imagenet_pretrain,35620,0.19790098367248063,0.2637875112309055,-0.2741482483405454,C:\Users\Admin\Desktop\ShiXiaoYu\data\FineTuneResNet\city_prototypes_per_city\per_city_cluster_20260607_194804,C:\Users\Admin\Desktop\ShiXiaoYu\data\FineTuneResNet\expert_models_runs\expert_run_stage6_9_66fold_test_35620_41860_imagenet_pretrain\predictions\step6_expert_summary_student_20260607_194846.json,C:\Users\Admin\Desktop\ShiXiaoYu\data\FineTuneResNet\expert_models_runs\expert_run_stage6_9_66fold_test_35620_41860_imagenet_pretrain\predictions\evaluation_student_cbsa35620_knn_k5_none.json,C:\Users\Admin\Desktop\ShiXiaoYu\data\FineTuneResNet\expert_models_runs\expert_run_stage6_9_66fold_test_35620_41860_imagenet_pretrain\predictions\predictions_student_cbsa35620_knn_k5_none.csv,C:\Users\Admin\Desktop\ShiXiaoYu\data\3.26plan_tripmode_v2_66fold\folds\test_35620_41860\logs\imagenet_pretrain\train.log,C:\Users\Admin\Desktop\ShiXiaoYu\data\3.26plan_tripmode_v2_66fold\folds\test_35620_41860\logs\imagenet_pretrain\inference.log,0.2742322886347826,0.35456446734318464,-0.31652758609395737,0.25295161575513525,0.3338865238138109,-0.6687100924958531,0.0665190466275241,0.10291154253572084,0.16279293356817426,test_35620_41860,57,35620,41860,5,cosine,none
imagenet_pretrain,41860,0.10559223092919301,0.15991499332051873,-0.06573169568135946,C:\Users\Admin\Desktop\ShiXiaoYu\data\FineTuneResNet\city_prototypes_per_city\per_city_cluster_20260607_194804,C:\Users\Admin\Desktop\ShiXiaoYu\data\FineTuneResNet\expert_models_runs\expert_run_stage6_9_66fold_test_35620_41860_imagenet_pretrain\predictions\step6_expert_summary_student_20260607_194846.json,C:\Users\Admin\Desktop\ShiXiaoYu\data\FineTuneResNet\expert_models_runs\expert_run_stage6_9_66fold_test_35620_41860_imagenet_pretrain\predictions\evaluation_student_cbsa41860_knn_k5_none.json,C:\Users\Admin\Desktop\ShiXiaoYu\data\FineTuneResNet\expert_models_runs\expert_run_stage6_9_66fold_test_35620_41860_imagenet_pretrain\predictions\predictions_student_cbsa41860_knn_k5_none.csv,C:\Users\Admin\Desktop\ShiXiaoYu\data\3.26plan_tripmode_v2_66fold\folds\test_35620_41860\logs\imagenet_pretrain\train.log,C:\Users\Admin\Desktop\ShiXiaoYu\data\3.26plan_tripmode_v2_66fold\folds\test_35620_41860\logs\imagenet_pretrain\inference.log,0.14836296062915114,0.221269743878754,-0.0584067973250435,0.09515372629314073,0.135711970749049,-0.21948392647158954,0.07326000586528715,0.12276326533375313,0.08069563675255464,test_35620_41860,57,35620,41860,5,cosine,none
satellite_pretrain,35620,0.2088911624570922,0.2807477673863774,-0.4405245080271479,C:\Users\Admin\Desktop\ShiXiaoYu\data\FineTuneResNet\city_prototypes_per_city\per_city_cluster_20260607_194942,C:\Users\Admin\Desktop\ShiXiaoYu\data\FineTuneResNet\expert_models_runs\expert_run_stage6_9_66fold_test_35620_41860_satellite_pretrain\predictions\step6_expert_summary_student_20260607_195020.json,C:\Users\Admin\Desktop\ShiXiaoYu\data\FineTuneResNet\expert_models_runs\expert_run_stage6_9_66fold_test_35620_41860_satellite_pretrain\predictions\evaluation_student_cbsa35620_knn_k5_none.json,C:\Users\Admin\Desktop\ShiXiaoYu\data\FineTuneResNet\expert_models_runs\expert_run_stage6_9_66fold_test_35620_41860_satellite_pretrain\predictions\predictions_student_cbsa35620_knn_k5_none.csv,C:\Users\Admin\Desktop\ShiXiaoYu\data\3.26plan_tripmode_v2_66fold\folds\test_35620_41860\logs\satellite_pretrain\train.log,C:\Users\Admin\Desktop\ShiXiaoYu\data\3.26plan_tripmode_v2_66fold\folds\test_35620_41860\logs\satellite_pretrain\inference.log,0.29362106758707296,0.38256251175808803,-0.5326548459104139,0.2638978799135163,0.34938025691699215,-0.8271736816953996,0.06915453987068729,0.11030053348405211,0.038255003524369835,test_35620_41860,57,35620,41860,5,cosine,none
satellite_pretrain,41860,0.1010185546820428,0.15292135937270854,0.017265207635068152,C:\Users\Admin\Desktop\ShiXiaoYu\data\FineTuneResNet\city_prototypes_per_city\per_city_cluster_20260607_194942,C:\Users\Admin\Desktop\ShiXiaoYu\data\FineTuneResNet\expert_models_runs\expert_run_stage6_9_66fold_test_35620_41860_satellite_pretrain\predictions\step6_expert_summary_student_20260607_195020.json,C:\Users\Admin\Desktop\ShiXiaoYu\data\FineTuneResNet\expert_models_runs\expert_run_stage6_9_66fold_test_35620_41860_satellite_pretrain\predictions\evaluation_student_cbsa41860_knn_k5_none.json,C:\Users\Admin\Desktop\ShiXiaoYu\data\FineTuneResNet\expert_models_runs\expert_run_stage6_9_66fold_test_35620_41860_satellite_pretrain\predictions\predictions_student_cbsa41860_knn_k5_none.csv,C:\Users\Admin\Desktop\ShiXiaoYu\data\3.26plan_tripmode_v2_66fold\folds\test_35620_41860\logs\satellite_pretrain\train.log,C:\Users\Admin\Desktop\ShiXiaoYu\data\3.26plan_tripmode_v2_66fold\folds\test_35620_41860\logs\satellite_pretrain\inference.log,0.13940670036978983,0.20657002518900208,0.07754931232549811,0.0891509106341356,0.1280391860031703,-0.08548937056581218,0.07449805304220297,0.12415486692595328,0.05973568114551853,test_35620_41860,57,35620,41860,5,cosine,none
single_task_backbone_finetune,35620,0.1496337499560167,0.19510688409259577,0.07632297362033802,C:\Users\Admin\Desktop\ShiXiaoYu\data\FineTuneResNet\city_prototypes_per_city\per_city_cluster_20260607_195119,C:\Users\Admin\Desktop\ShiXiaoYu\data\FineTuneResNet\expert_models_runs\expert_run_stage6_9_66fold_test_35620_41860_single_task_backbone_finetune\predictions\step6_expert_summary_student_20260607_195159.json,C:\Users\Admin\Desktop\ShiXiaoYu\data\FineTuneResNet\expert_models_runs\expert_run_stage6_9_66fold_test_35620_41860_single_task_backbone_finetune\predictions\evaluation_student_cbsa35620_knn_k5_none.json,C:\Users\Admin\Desktop\ShiXiaoYu\data\FineTuneResNet\expert_models_runs\expert_run_stage6_9_66fold_test_35620_41860_single_task_backbone_finetune\predictions\predictions_student_cbsa35620_knn_k5_none.csv,C:\Users\Admin\Desktop\ShiXiaoYu\data\3.26plan_tripmode_v2_66fold\folds\test_35620_41860\logs\single_task_backbone_finetune\train.log,C:\Users\Admin\Desktop\ShiXiaoYu\data\3.26plan_tripmode_v2_66fold\folds\test_35620_41860\logs\single_task_backbone_finetune\inference.log,0.15911734550474735,0.20527409002386673,0.5587265344113421,0.18533016781215086,0.24574761061728845,0.09601396957875796,0.10445373655115187,0.13429895163663208,-0.42577158312908603,test_35620_41860,57,35620,41860,5,cosine,none
single_task_backbone_finetune,41860,0.0802429046360876,0.1146171443879339,0.43212459383847773,C:\Users\Admin\Desktop\ShiXiaoYu\data\FineTuneResNet\city_prototypes_per_city\per_city_cluster_20260607_195119,C:\Users\Admin\Desktop\ShiXiaoYu\data\FineTuneResNet\expert_models_runs\expert_run_stage6_9_66fold_test_35620_41860_single_task_backbone_finetune\predictions\step6_expert_summary_student_20260607_195159.json,C:\Users\Admin\Desktop\ShiXiaoYu\data\FineTuneResNet\expert_models_runs\expert_run_stage6_9_66fold_test_35620_41860_single_task_backbone_finetune\predictions\evaluation_student_cbsa41860_knn_k5_none.json,C:\Users\Admin\Desktop\ShiXiaoYu\data\FineTuneResNet\expert_models_runs\expert_run_stage6_9_66fold_test_35620_41860_single_task_backbone_finetune\predictions\predictions_student_cbsa41860_knn_k5_none.csv,C:\Users\Admin\Desktop\ShiXiaoYu\data\3.26plan_tripmode_v2_66fold\folds\test_35620_41860\logs\single_task_backbone_finetune\train.log,C:\Users\Admin\Desktop\ShiXiaoYu\data\3.26plan_tripmode_v2_66fold\folds\test_35620_41860\logs\single_task_backbone_finetune\inference.log,0.10562124517252937,0.14663868562840449,0.535157666678124,0.07249281999801589,0.10014248101206676,0.33598718718824483,0.06261464873771755,0.09707026652333044,0.4252289276490645,test_35620_41860,57,35620,41860,5,cosine,none
aef_annual_64d,35620,0.18153265143222277,0.23896387547788311,-0.03274277173762452,C:\Users\Admin\Desktop\ShiXiaoYu\data\FineTuneResNet\city_prototypes_per_city\per_city_cluster_20260607_195252,C:\Users\Admin\Desktop\ShiXiaoYu\data\FineTuneResNet\expert_models_runs\expert_run_stage6_9_66fold_test_35620_42660_aef_annual_64d\predictions\step6_expert_summary_student_20260607_195314.json,C:\Users\Admin\Desktop\ShiXiaoYu\data\FineTuneResNet\expert_models_runs\expert_run_stage6_9_66fold_test_35620_42660_aef_annual_64d\predictions\evaluation_student_cbsa35620_knn_k5_none.json,C:\Users\Admin\Desktop\ShiXiaoYu\data\FineTuneResNet\expert_models_runs\expert_run_stage6_9_66fold_test_35620_42660_aef_annual_64d\predictions\predictions_student_cbsa35620_knn_k5_none.csv,C:\Users\Admin\Desktop\ShiXiaoYu\data\3.26plan_tripmode_v2_66fold\folds\test_35620_42660\logs\aef_annual_64d\train.log,C:\Users\Admin\Desktop\ShiXiaoYu\data\3.26plan_tripmode_v2_66fold\folds\test_35620_42660\logs\aef_annual_64d\inference.log,0.24773607463296488,0.31607236230284735,-0.01251163843010139,0.21654997384396021,0.28770861916558194,-0.27460099703645113,0.08031190581974325,0.1131106449652201,0.18888432025367896,test_35620_42660,58,35620,42660,5,cosine,none
aef_annual_64d,42660,0.06325116787675365,0.08727581220528131,0.40552748112150333,C:\Users\Admin\Desktop\ShiXiaoYu\data\FineTuneResNet\city_prototypes_per_city\per_city_cluster_20260607_195252,C:\Users\Admin\Desktop\ShiXiaoYu\data\FineTuneResNet\expert_models_runs\expert_run_stage6_9_66fold_test_35620_42660_aef_annual_64d\predictions\step6_expert_summary_student_20260607_195314.json,C:\Users\Admin\Desktop\ShiXiaoYu\data\FineTuneResNet\expert_models_runs\expert_run_stage6_9_66fold_test_35620_42660_aef_annual_64d\predictions\evaluation_student_cbsa42660_knn_k5_none.json,C:\Users\Admin\Desktop\ShiXiaoYu\data\FineTuneResNet\expert_models_runs\expert_run_stage6_9_66fold_test_35620_42660_aef_annual_64d\predictions\predictions_student_cbsa42660_knn_k5_none.csv,C:\Users\Admin\Desktop\ShiXiaoYu\data\3.26plan_tripmode_v2_66fold\folds\test_35620_42660\logs\aef_annual_64d\train.log,C:\Users\Admin\Desktop\ShiXiaoYu\data\3.26plan_tripmode_v2_66fold\folds\test_35620_42660\logs\aef_annual_64d\inference.log,0.08445753477107147,0.11238441854714448,0.5109136407045378,0.053087547853062654,0.07052727385196188,0.3133286171221774,0.05220842100612682,0.07891574421673757,0.3923401855377948,test_35620_42660,58,35620,42660,5,cosine,none
clay_v1_5_768d,35620,0.1674195506647652,0.21918631572389202,0.05557052325829944,C:\Users\Admin\Desktop\ShiXiaoYu\data\FineTuneResNet\city_prototypes_per_city\per_city_cluster_20260607_195411,C:\Users\Admin\Desktop\ShiXiaoYu\data\FineTuneResNet\expert_models_runs\expert_run_stage6_9_66fold_test_35620_42660_clay_v1_5_768d\predictions\step6_expert_summary_student_20260607_195445.json,C:\Users\Admin\Desktop\ShiXiaoYu\data\FineTuneResNet\expert_models_runs\expert_run_stage6_9_66fold_test_35620_42660_clay_v1_5_768d\predictions\evaluation_student_cbsa35620_knn_k5_none.json,C:\Users\Admin\Desktop\ShiXiaoYu\data\FineTuneResNet\expert_models_runs\expert_run_stage6_9_66fold_test_35620_42660_clay_v1_5_768d\predictions\predictions_student_cbsa35620_knn_k5_none.csv,C:\Users\Admin\Desktop\ShiXiaoYu\data\3.26plan_tripmode_v2_66fold\folds\test_35620_42660\logs\clay_v1_5_768d\train.log,C:\Users\Admin\Desktop\ShiXiaoYu\data\3.26plan_tripmode_v2_66fold\folds\test_35620_42660\logs\clay_v1_5_768d\inference.log,0.20967058240889108,0.2682394268548167,0.24649737912707537,0.21330886613700425,0.28453977544233805,-0.21190640364392066,0.0792792034484002,0.10477974487452132,0.1321205942917436,test_35620_42660,58,35620,42660,5,cosine,none
clay_v1_5_768d,42660,0.07390982436232528,0.10620597374003497,0.13621119526201828,C:\Users\Admin\Desktop\ShiXiaoYu\data\FineTuneResNet\city_prototypes_per_city\per_city_cluster_20260607_195411,C:\Users\Admin\Desktop\ShiXiaoYu\data\FineTuneResNet\expert_models_runs\expert_run_stage6_9_66fold_test_35620_42660_clay_v1_5_768d\predictions\step6_expert_summary_student_20260607_195445.json,C:\Users\Admin\Desktop\ShiXiaoYu\data\FineTuneResNet\expert_models_runs\expert_run_stage6_9_66fold_test_35620_42660_clay_v1_5_768d\predictions\evaluation_student_cbsa42660_knn_k5_none.json,C:\Users\Admin\Desktop\ShiXiaoYu\data\FineTuneResNet\expert_models_runs\expert_run_stage6_9_66fold_test_35620_42660_clay_v1_5_768d\predictions\predictions_student_cbsa42660_knn_k5_none.csv,C:\Users\Admin\Desktop\ShiXiaoYu\data\3.26plan_tripmode_v2_66fold\folds\test_35620_42660\logs\clay_v1_5_768d\train.log,C:\Users\Admin\Desktop\ShiXiaoYu\data\3.26plan_tripmode_v2_66fold\folds\test_35620_42660\logs\clay_v1_5_768d\inference.log,0.10400356549725809,0.14314942071126677,0.20648976238465033,0.06198862898749866,0.08531440613717738,-0.004799704183968023,0.05573727860221909,0.09015409437166076,0.2069435275853725,test_35620_42660,58,35620,42660,5,cosine,none
prithvi_eo_v2_1024d,35620,0.20727336730416637,0.2773544015504281,-0.4224433096394243,C:\Users\Admin\Desktop\ShiXiaoYu\data\FineTuneResNet\city_prototypes_per_city\per_city_cluster_20260607_195541,C:\Users\Admin\Desktop\ShiXiaoYu\data\FineTuneResNet\expert_models_runs\expert_run_stage6_9_66fold_test_35620_42660_prithvi_eo_v2_1024d\predictions\step6_expert_summary_student_20260607_195613.json,C:\Users\Admin\Desktop\ShiXiaoYu\data\FineTuneResNet\expert_models_runs\expert_run_stage6_9_66fold_test_35620_42660_prithvi_eo_v2_1024d\predictions\evaluation_student_cbsa35620_knn_k5_none.json,C:\Users\Admin\Desktop\ShiXiaoYu\data\FineTuneResNet\expert_models_runs\expert_run_stage6_9_66fold_test_35620_42660_prithvi_eo_v2_1024d\predictions\predictions_student_cbsa35620_knn_k5_none.csv,C:\Users\Admin\Desktop\ShiXiaoYu\data\3.26plan_tripmode_v2_66fold\folds\test_35620_42660\logs\prithvi_eo_v2_1024d\train.log,C:\Users\Admin\Desktop\ShiXiaoYu\data\3.26plan_tripmode_v2_66fold\folds\test_35620_42660\logs\prithvi_eo_v2_1024d\inference.log,0.28555220320291264,0.37255588893545416,-0.4535246709633658,0.260803105109715,0.3455626109035439,-0.7874611229717465,0.07546479359987161,0.11394470481228636,-0.026344134983160572,test_35620_42660,58,35620,42660,5,cosine,none
prithvi_eo_v2_1024d,42660,0.07985236132076458,0.11110154596523102,0.06565786844563064,C:\Users\Admin\Desktop\ShiXiaoYu\data\FineTuneResNet\city_prototypes_per_city\per_city_cluster_20260607_195541,C:\Users\Admin\Desktop\ShiXiaoYu\data\FineTuneResNet\expert_models_runs\expert_run_stage6_9_66fold_test_35620_42660_prithvi_eo_v2_1024d\predictions\step6_expert_summary_student_20260607_195613.json,C:\Users\Admin\Desktop\ShiXiaoYu\data\FineTuneResNet\expert_models_runs\expert_run_stage6_9_66fold_test_35620_42660_prithvi_eo_v2_1024d\predictions\evaluation_student_cbsa42660_knn_k5_none.json,C:\Users\Admin\Desktop\ShiXiaoYu\data\FineTuneResNet\expert_models_runs\expert_run_stage6_9_66fold_test_35620_42660_prithvi_eo_v2_1024d\predictions\predictions_student_cbsa42660_knn_k5_none.csv,C:\Users\Admin\Desktop\ShiXiaoYu\data\3.26plan_tripmode_v2_66fold\folds\test_35620_42660\logs\prithvi_eo_v2_1024d\train.log,C:\Users\Admin\Desktop\ShiXiaoYu\data\3.26plan_tripmode_v2_66fold\folds\test_35620_42660\logs\prithvi_eo_v2_1024d\inference.log,0.11202155770522515,0.1508915028811507,0.11833639653919092,0.063259138970913,0.08455119496241124,0.013097488561658377,0.06427638728615559,0.09786194005213113,0.0655397202360426,test_35620_42660,58,35620,42660,5,cosine,none
imagenet_pretrain,35620,0.1897354685611856,0.2532832034379357,-0.18187348295051986,C:\Users\Admin\Desktop\ShiXiaoYu\data\FineTuneResNet\city_prototypes_per_city\per_city_cluster_20260607_195713,C:\Users\Admin\Desktop\ShiXiaoYu\data\FineTuneResNet\expert_models_runs\expert_run_stage6_9_66fold_test_35620_42660_imagenet_pretrain\predictions\step6_expert_summary_student_20260607_195753.json,C:\Users\Admin\Desktop\ShiXiaoYu\data\FineTuneResNet\expert_models_runs\expert_run_stage6_9_66fold_test_35620_42660_imagenet_pretrain\predictions\evaluation_student_cbsa35620_knn_k5_none.json,C:\Users\Admin\Desktop\ShiXiaoYu\data\FineTuneResNet\expert_models_runs\expert_run_stage6_9_66fold_test_35620_42660_imagenet_pretrain\predictions\predictions_student_cbsa35620_knn_k5_none.csv,C:\Users\Admin\Desktop\ShiXiaoYu\data\3.26plan_tripmode_v2_66fold\folds\test_35620_42660\logs\imagenet_pretrain\train.log,C:\Users\Admin\Desktop\ShiXiaoYu\data\3.26plan_tripmode_v2_66fold\folds\test_35620_42660\logs\imagenet_pretrain\inference.log,0.2605103495565579,0.33796847794688517,-0.19616732268294013,0.2411721773166017,0.3205971033232084,-0.5385170005736535,0.06752387881039708,0.10128402904371343,0.18906387440503403,test_35620_42660,58,35620,42660,5,cosine,none
imagenet_pretrain,42660,0.06485711676061472,0.10420349040827152,0.17105670504986722,C:\Users\Admin\Desktop\ShiXiaoYu\data\FineTuneResNet\city_prototypes_per_city\per_city_cluster_20260607_195713,C:\Users\Admin\Desktop\ShiXiaoYu\data\FineTuneResNet\expert_models_runs\expert_run_stage6_9_66fold_test_35620_42660_imagenet_pretrain\predictions\step6_expert_summary_student_20260607_195753.json,C:\Users\Admin\Desktop\ShiXiaoYu\data\FineTuneResNet\expert_models_runs\expert_run_stage6_9_66fold_test_35620_42660_imagenet_pretrain\predictions\evaluation_student_cbsa42660_knn_k5_none.json,C:\Users\Admin\Desktop\ShiXiaoYu\data\FineTuneResNet\expert_models_runs\expert_run_stage6_9_66fold_test_35620_42660_imagenet_pretrain\predictions\predictions_student_cbsa42660_knn_k5_none.csv,C:\Users\Admin\Desktop\ShiXiaoYu\data\3.26plan_tripmode_v2_66fold\folds\test_35620_42660\logs\imagenet_pretrain\train.log,C:\Users\Admin\Desktop\ShiXiaoYu\data\3.26plan_tripmode_v2_66fold\folds\test_35620_42660\logs\imagenet_pretrain\inference.log,0.08973407865646439,0.13981238308859295,0.2430544832894891,0.054370960033935184,0.08141735858358572,0.08489954473447114,0.05046631159144454,0.09138072955263589,0.18521608712564142,test_35620_42660,58,35620,42660,5,cosine,none
satellite_pretrain,35620,0.20888908841061674,0.28045951834748056,-0.4376016372500287,C:\Users\Admin\Desktop\ShiXiaoYu\data\FineTuneResNet\city_prototypes_per_city\per_city_cluster_20260607_195854,C:\Users\Admin\Desktop\ShiXiaoYu\data\FineTuneResNet\expert_models_runs\expert_run_stage6_9_66fold_test_35620_42660_satellite_pretrain\predictions\step6_expert_summary_student_20260607_195931.json,C:\Users\Admin\Desktop\ShiXiaoYu\data\FineTuneResNet\expert_models_runs\expert_run_stage6_9_66fold_test_35620_42660_satellite_pretrain\predictions\evaluation_student_cbsa35620_knn_k5_none.json,C:\Users\Admin\Desktop\ShiXiaoYu\data\FineTuneResNet\expert_models_runs\expert_run_stage6_9_66fold_test_35620_42660_satellite_pretrain\predictions\predictions_student_cbsa35620_knn_k5_none.csv,C:\Users\Admin\Desktop\ShiXiaoYu\data\3.26plan_tripmode_v2_66fold\folds\test_35620_42660\logs\satellite_pretrain\train.log,C:\Users\Admin\Desktop\ShiXiaoYu\data\3.26plan_tripmode_v2_66fold\folds\test_35620_42660\logs\satellite_pretrain\inference.log,0.2931847348471962,0.38121743744809505,-0.5218962877148157,0.26477077169893554,0.3502993075716326,-0.836799147374578,0.06871175868571856,0.109861810022714,0.04589052333930743,test_35620_42660,58,35620,42660,5,cosine,none
satellite_pretrain,42660,0.08440181384440698,0.12384245233558837,-0.15339463348406182,C:\Users\Admin\Desktop\ShiXiaoYu\data\FineTuneResNet\city_prototypes_per_city\per_city_cluster_20260607_195854,C:\Users\Admin\Desktop\ShiXiaoYu\data\FineTuneResNet\expert_models_runs\expert_run_stage6_9_66fold_test_35620_42660_satellite_pretrain\predictions\step6_expert_summary_student_20260607_195931.json,C:\Users\Admin\Desktop\ShiXiaoYu\data\FineTuneResNet\expert_models_runs\expert_run_stage6_9_66fold_test_35620_42660_satellite_pretrain\predictions\evaluation_student_cbsa42660_knn_k5_none.json,C:\Users\Admin\Desktop\ShiXiaoYu\data\FineTuneResNet\expert_models_runs\expert_run_stage6_9_66fold_test_35620_42660_satellite_pretrain\predictions\predictions_student_cbsa42660_knn_k5_none.csv,C:\Users\Admin\Desktop\ShiXiaoYu\data\3.26plan_tripmode_v2_66fold\folds\test_35620_42660\logs\satellite_pretrain\train.log,C:\Users\Admin\Desktop\ShiXiaoYu\data\3.26plan_tripmode_v2_66fold\folds\test_35620_42660\logs\satellite_pretrain\inference.log,0.12156026747441674,0.17345091161907825,-0.16500158966617584,0.07010124097511405,0.0969171857416504,-0.296690544121027,0.061543933083690175,0.10115925964603648,0.0015082333350173727,test_35620_42660,58,35620,42660,5,cosine,none
single_task_backbone_finetune,35620,0.143548255737831,0.18663441267268113,0.16091078639316883,C:\Users\Admin\Desktop\ShiXiaoYu\data\FineTuneResNet\city_prototypes_per_city\per_city_cluster_20260607_200032,C:\Users\Admin\Desktop\ShiXiaoYu\data\FineTuneResNet\expert_models_runs\expert_run_stage6_9_66fold_test_35620_42660_single_task_backbone_finetune\predictions\step6_expert_summary_student_20260607_200111.json,C:\Users\Admin\Desktop\ShiXiaoYu\data\FineTuneResNet\expert_models_runs\expert_run_stage6_9_66fold_test_35620_42660_single_task_backbone_finetune\predictions\evaluation_student_cbsa35620_knn_k5_none.json,C:\Users\Admin\Desktop\ShiXiaoYu\data\FineTuneResNet\expert_models_runs\expert_run_stage6_9_66fold_test_35620_42660_single_task_backbone_finetune\predictions\predictions_student_cbsa35620_knn_k5_none.csv,C:\Users\Admin\Desktop\ShiXiaoYu\data\3.26plan_tripmode_v2_66fold\folds\test_35620_42660\logs\single_task_backbone_finetune\train.log,C:\Users\Admin\Desktop\ShiXiaoYu\data\3.26plan_tripmode_v2_66fold\folds\test_35620_42660\logs\single_task_backbone_finetune\inference.log,0.15701602838031153,0.19945672497758757,0.5833830743012315,0.17426161687916508,0.23269477608444514,0.18949373033078143,0.09936712195401641,0.12775173695601072,-0.2901444454525064,test_35620_42660,58,35620,42660,5,cosine,none
single_task_backbone_finetune,42660,0.06501283429741726,0.0893200372970423,0.37233316415550294,C:\Users\Admin\Desktop\ShiXiaoYu\data\FineTuneResNet\city_prototypes_per_city\per_city_cluster_20260607_200032,C:\Users\Admin\Desktop\ShiXiaoYu\data\FineTuneResNet\expert_models_runs\expert_run_stage6_9_66fold_test_35620_42660_single_task_backbone_finetune\predictions\step6_expert_summary_student_20260607_200111.json,C:\Users\Admin\Desktop\ShiXiaoYu\data\FineTuneResNet\expert_models_runs\expert_run_stage6_9_66fold_test_35620_42660_single_task_backbone_finetune\predictions\evaluation_student_cbsa42660_knn_k5_none.json,C:\Users\Admin\Desktop\ShiXiaoYu\data\FineTuneResNet\expert_models_runs\expert_run_stage6_9_66fold_test_35620_42660_single_task_backbone_finetune\predictions\predictions_student_cbsa42660_knn_k5_none.csv,C:\Users\Admin\Desktop\ShiXiaoYu\data\3.26plan_tripmode_v2_66fold\folds\test_35620_42660\logs\single_task_backbone_finetune\train.log,C:\Users\Admin\Desktop\ShiXiaoYu\data\3.26plan_tripmode_v2_66fold\folds\test_35620_42660\logs\single_task_backbone_finetune\inference.log,0.087128013455198,0.11421053876047986,0.49489030436277837,0.05648681828860979,0.07427629428895365,0.23838548739391807,0.051423671148444004,0.07947327884169338,0.3837237007098122,test_35620_42660,58,35620,42660,5,cosine,none
aef_annual_64d,35620,0.18224503516746637,0.24155352090004353,-0.04635649595983641,C:\Users\Admin\Desktop\ShiXiaoYu\data\FineTuneResNet\city_prototypes_per_city\per_city_cluster_20260607_200203,C:\Users\Admin\Desktop\ShiXiaoYu\data\FineTuneResNet\expert_models_runs\expert_run_stage6_9_66fold_test_35620_47900_aef_annual_64d\predictions\step6_expert_summary_student_20260607_200228.json,C:\Users\Admin\Desktop\ShiXiaoYu\data\FineTuneResNet\expert_models_runs\expert_run_stage6_9_66fold_test_35620_47900_aef_annual_64d\predictions\evaluation_student_cbsa35620_knn_k5_none.json,C:\Users\Admin\Desktop\ShiXiaoYu\data\FineTuneResNet\expert_models_runs\expert_run_stage6_9_66fold_test_35620_47900_aef_annual_64d\predictions\predictions_student_cbsa35620_knn_k5_none.csv,C:\Users\Admin\Desktop\ShiXiaoYu\data\3.26plan_tripmode_v2_66fold\folds\test_35620_47900\logs\aef_annual_64d\train.log,C:\Users\Admin\Desktop\ShiXiaoYu\data\3.26plan_tripmode_v2_66fold\folds\test_35620_47900\logs\aef_annual_64d\inference.log,0.2506555668745107,0.32316675622813734,-0.05847434797295015,0.21762497447916082,0.2904802241670624,-0.2992767010499702,0.07845456414872765,0.11101358230493083,0.21868156114341109,test_35620_47900,59,35620,47900,5,cosine,none
aef_annual_64d,47900,0.06375249310761057,0.10082613478863023,0.4532893341121392,C:\Users\Admin\Desktop\ShiXiaoYu\data\FineTuneResNet\city_prototypes_per_city\per_city_cluster_20260607_200203,C:\Users\Admin\Desktop\ShiXiaoYu\data\FineTuneResNet\expert_models_runs\expert_run_stage6_9_66fold_test_35620_47900_aef_annual_64d\predictions\step6_expert_summary_student_20260607_200228.json,C:\Users\Admin\Desktop\ShiXiaoYu\data\FineTuneResNet\expert_models_runs\expert_run_stage6_9_66fold_test_35620_47900_aef_annual_64d\predictions\evaluation_student_cbsa47900_knn_k5_none.json,C:\Users\Admin\Desktop\ShiXiaoYu\data\FineTuneResNet\expert_models_runs\expert_run_stage6_9_66fold_test_35620_47900_aef_annual_64d\predictions\predictions_student_cbsa47900_knn_k5_none.csv,C:\Users\Admin\Desktop\ShiXiaoYu\data\3.26plan_tripmode_v2_66fold\folds\test_35620_47900\logs\aef_annual_64d\train.log,C:\Users\Admin\Desktop\ShiXiaoYu\data\3.26plan_tripmode_v2_66fold\folds\test_35620_47900\logs\aef_annual_64d\inference.log,0.08359220804111027,0.12704857841323147,0.5498079117390868,0.06230992224916715,0.09796237283766177,0.3561485337560141,0.04535534903255425,0.07746745311499742,0.4539115568413167,test_35620_47900,59,35620,47900,5,cosine,none
clay_v1_5_768d,35620,0.17442916987588153,0.2261163905920968,-0.013613942797869613,C:\Users\Admin\Desktop\ShiXiaoYu\data\FineTuneResNet\city_prototypes_per_city\per_city_cluster_20260607_200324,C:\Users\Admin\Desktop\ShiXiaoYu\data\FineTuneResNet\expert_models_runs\expert_run_stage6_9_66fold_test_35620_47900_clay_v1_5_768d\predictions\step6_expert_summary_student_20260607_200402.json,C:\Users\Admin\Desktop\ShiXiaoYu\data\FineTuneResNet\expert_models_runs\expert_run_stage6_9_66fold_test_35620_47900_clay_v1_5_768d\predictions\evaluation_student_cbsa35620_knn_k5_none.json,C:\Users\Admin\Desktop\ShiXiaoYu\data\FineTuneResNet\expert_models_runs\expert_run_stage6_9_66fold_test_35620_47900_clay_v1_5_768d\predictions\predictions_student_cbsa35620_knn_k5_none.csv,C:\Users\Admin\Desktop\ShiXiaoYu\data\3.26plan_tripmode_v2_66fold\folds\test_35620_47900\logs\clay_v1_5_768d\train.log,C:\Users\Admin\Desktop\ShiXiaoYu\data\3.26plan_tripmode_v2_66fold\folds\test_35620_47900\logs\clay_v1_5_768d\inference.log,0.21413363457927706,0.2735523497719001,0.21635306087530104,0.2217381959352757,0.2948167667697976,-0.3010304748429615,0.08741567911309185,0.10998005523459262,0.04383558557405165,test_35620_47900,59,35620,47900,5,cosine,none
clay_v1_5_768d,47900,0.08646487756018269,0.12506673181429562,0.16519122947322826,C:\Users\Admin\Desktop\ShiXiaoYu\data\FineTuneResNet\city_prototypes_per_city\per_city_cluster_20260607_200324,C:\Users\Admin\Desktop\ShiXiaoYu\data\FineTuneResNet\expert_models_runs\expert_run_stage6_9_66fold_test_35620_47900_clay_v1_5_768d\predictions\step6_expert_summary_student_20260607_200402.json,C:\Users\Admin\Desktop\ShiXiaoYu\data\FineTuneResNet\expert_models_runs\expert_run_stage6_9_66fold_test_35620_47900_clay_v1_5_768d\predictions\evaluation_student_cbsa47900_knn_k5_none.json,C:\Users\Admin\Desktop\ShiXiaoYu\data\FineTuneResNet\expert_models_runs\expert_run_stage6_9_66fold_test_35620_47900_clay_v1_5_768d\predictions\predictions_student_cbsa47900_knn_k5_none.csv,C:\Users\Admin\Desktop\ShiXiaoYu\data\3.26plan_tripmode_v2_66fold\folds\test_35620_47900\logs\clay_v1_5_768d\train.log,C:\Users\Admin\Desktop\ShiXiaoYu\data\3.26plan_tripmode_v2_66fold\folds\test_35620_47900\logs\clay_v1_5_768d\inference.log,0.11406870526716219,0.16144664704704256,0.27303031933221267,0.07768680663289601,0.11398197184693522,0.12835543070066202,0.06763912078048986,0.09977157654890904,0.09418793838681006,test_35620_47900,59,35620,47900,5,cosine,none
prithvi_eo_v2_1024d,35620,0.2085165761201646,0.2790573384157991,-0.43876300541071167,C:\Users\Admin\Desktop\ShiXiaoYu\data\FineTuneResNet\city_prototypes_per_city\per_city_cluster_20260607_200456,C:\Users\Admin\Desktop\ShiXiaoYu\data\FineTuneResNet\expert_models_runs\expert_run_stage6_9_66fold_test_35620_47900_prithvi_eo_v2_1024d\predictions\step6_expert_summary_student_20260607_200533.json,C:\Users\Admin\Desktop\ShiXiaoYu\data\FineTuneResNet\expert_models_runs\expert_run_stage6_9_66fold_test_35620_47900_prithvi_eo_v2_1024d\predictions\evaluation_student_cbsa35620_knn_k5_none.json,C:\Users\Admin\Desktop\ShiXiaoYu\data\FineTuneResNet\expert_models_runs\expert_run_stage6_9_66fold_test_35620_47900_prithvi_eo_v2_1024d\predictions\predictions_student_cbsa35620_knn_k5_none.csv,C:\Users\Admin\Desktop\ShiXiaoYu\data\3.26plan_tripmode_v2_66fold\folds\test_35620_47900\logs\prithvi_eo_v2_1024d\train.log,C:\Users\Admin\Desktop\ShiXiaoYu\data\3.26plan_tripmode_v2_66fold\folds\test_35620_47900\logs\prithvi_eo_v2_1024d\inference.log,0.28780909606648647,0.37560133643459237,-0.47738539038343064,0.26257005895554153,0.3471439876727774,-0.8038582511150854,0.07517057333846573,0.11442669114002745,-0.03504537473361902,test_35620_47900,59,35620,47900,5,cosine,none
prithvi_eo_v2_1024d,47900,0.09129247955076175,0.14311569419462586,-0.06363658919090694,C:\Users\Admin\Desktop\ShiXiaoYu\data\FineTuneResNet\city_prototypes_per_city\per_city_cluster_20260607_200456,C:\Users\Admin\Desktop\ShiXiaoYu\data\FineTuneResNet\expert_models_runs\expert_run_stage6_9_66fold_test_35620_47900_prithvi_eo_v2_1024d\predictions\step6_expert_summary_student_20260607_200533.json,C:\Users\Admin\Desktop\ShiXiaoYu\data\FineTuneResNet\expert_models_runs\expert_run_stage6_9_66fold_test_35620_47900_prithvi_eo_v2_1024d\predictions\evaluation_student_cbsa47900_knn_k5_none.json,C:\Users\Admin\Desktop\ShiXiaoYu\data\FineTuneResNet\expert_models_runs\expert_run_stage6_9_66fold_test_35620_47900_prithvi_eo_v2_1024d\predictions\predictions_student_cbsa47900_knn_k5_none.csv,C:\Users\Admin\Desktop\ShiXiaoYu\data\3.26plan_tripmode_v2_66fold\folds\test_35620_47900\logs\prithvi_eo_v2_1024d\train.log,C:\Users\Admin\Desktop\ShiXiaoYu\data\3.26plan_tripmode_v2_66fold\folds\test_35620_47900\logs\prithvi_eo_v2_1024d\inference.log,0.12743488217729934,0.19415422145726752,-0.051361123641054496,0.08636313424891377,0.13077382113710972,-0.14738382843218867,0.06007942222607214,0.10441903998950032,0.00783518450052234,test_35620_47900,59,35620,47900,5,cosine,none
imagenet_pretrain,35620,0.19591308086865003,0.26175745413752205,-0.2516188718145266,C:\Users\Admin\Desktop\ShiXiaoYu\data\FineTuneResNet\city_prototypes_per_city\per_city_cluster_20260607_200633,C:\Users\Admin\Desktop\ShiXiaoYu\data\FineTuneResNet\expert_models_runs\expert_run_stage6_9_66fold_test_35620_47900_imagenet_pretrain\predictions\step6_expert_summary_student_20260607_200717.json,C:\Users\Admin\Desktop\ShiXiaoYu\data\FineTuneResNet\expert_models_runs\expert_run_stage6_9_66fold_test_35620_47900_imagenet_pretrain\predictions\evaluation_student_cbsa35620_knn_k5_none.json,C:\Users\Admin\Desktop\ShiXiaoYu\data\FineTuneResNet\expert_models_runs\expert_run_stage6_9_66fold_test_35620_47900_imagenet_pretrain\predictions\predictions_student_cbsa35620_knn_k5_none.csv,C:\Users\Admin\Desktop\ShiXiaoYu\data\3.26plan_tripmode_v2_66fold\folds\test_35620_47900\logs\imagenet_pretrain\train.log,C:\Users\Admin\Desktop\ShiXiaoYu\data\3.26plan_tripmode_v2_66fold\folds\test_35620_47900\logs\imagenet_pretrain\inference.log,0.2723044913779375,0.3539133775413454,-0.31169692344939026,0.24853483168158447,0.3298482009991412,-0.6285884518952338,0.06689991954642814,0.10151078387207958,0.18542875990104435,test_35620_47900,59,35620,47900,5,cosine,none
imagenet_pretrain,47900,0.08208007417760975,0.13578618858582422,0.039883836928346704,C:\Users\Admin\Desktop\ShiXiaoYu\data\FineTuneResNet\city_prototypes_per_city\per_city_cluster_20260607_200633,C:\Users\Admin\Desktop\ShiXiaoYu\data\FineTuneResNet\expert_models_runs\expert_run_stage6_9_66fold_test_35620_47900_imagenet_pretrain\predictions\step6_expert_summary_student_20260607_200717.json,C:\Users\Admin\Desktop\ShiXiaoYu\data\FineTuneResNet\expert_models_runs\expert_run_stage6_9_66fold_test_35620_47900_imagenet_pretrain\predictions\evaluation_student_cbsa47900_knn_k5_none.json,C:\Users\Admin\Desktop\ShiXiaoYu\data\FineTuneResNet\expert_models_runs\expert_run_stage6_9_66fold_test_35620_47900_imagenet_pretrain\predictions\predictions_student_cbsa47900_knn_k5_none.csv,C:\Users\Admin\Desktop\ShiXiaoYu\data\3.26plan_tripmode_v2_66fold\folds\test_35620_47900\logs\imagenet_pretrain\train.log,C:\Users\Admin\Desktop\ShiXiaoYu\data\3.26plan_tripmode_v2_66fold\folds\test_35620_47900\logs\imagenet_pretrain\inference.log,0.11306599345940459,0.18288945782160743,0.06709894684064388,0.07989893853252432,0.12601265087555347,-0.06535756095503253,0.05327529054090034,0.09845645706031178,0.11791012489942876,test_35620_47900,59,35620,47900,5,cosine,none
satellite_pretrain,35620,0.21436656773083937,0.28695669959786657,-0.5003614405462108,C:\Users\Admin\Desktop\ShiXiaoYu\data\FineTuneResNet\city_prototypes_per_city\per_city_cluster_20260607_200814,C:\Users\Admin\Desktop\ShiXiaoYu\data\FineTuneResNet\expert_models_runs\expert_run_stage6_9_66fold_test_35620_47900_satellite_pretrain\predictions\step6_expert_summary_student_20260607_200854.json,C:\Users\Admin\Desktop\ShiXiaoYu\data\FineTuneResNet\expert_models_runs\expert_run_stage6_9_66fold_test_35620_47900_satellite_pretrain\predictions\evaluation_student_cbsa35620_knn_k5_none.json,C:\Users\Admin\Desktop\ShiXiaoYu\data\FineTuneResNet\expert_models_runs\expert_run_stage6_9_66fold_test_35620_47900_satellite_pretrain\predictions\predictions_student_cbsa35620_knn_k5_none.csv,C:\Users\Admin\Desktop\ShiXiaoYu\data\3.26plan_tripmode_v2_66fold\folds\test_35620_47900\logs\satellite_pretrain\train.log,C:\Users\Admin\Desktop\ShiXiaoYu\data\3.26plan_tripmode_v2_66fold\folds\test_35620_47900\logs\satellite_pretrain\inference.log,0.30046933185711433,0.3907268250237713,-0.5987700319230604,0.2728974625098074,0.3594957076384113,-0.9345079997468617,0.06973290882559632,0.11064756613141709,0.0321937100312899,test_35620_47900,59,35620,47900,5,cosine,none
satellite_pretrain,47900,0.0858881476179914,0.13823712272742847,0.003509486444537968,C:\Users\Admin\Desktop\ShiXiaoYu\data\FineTuneResNet\city_prototypes_per_city\per_city_cluster_20260607_200814,C:\Users\Admin\Desktop\ShiXiaoYu\data\FineTuneResNet\expert_models_runs\expert_run_stage6_9_66fold_test_35620_47900_satellite_pretrain\predictions\step6_expert_summary_student_20260607_200854.json,C:\Users\Admin\Desktop\ShiXiaoYu\data\FineTuneResNet\expert_models_runs\expert_run_stage6_9_66fold_test_35620_47900_satellite_pretrain\predictions\evaluation_student_cbsa47900_knn_k5_none.json,C:\Users\Admin\Desktop\ShiXiaoYu\data\FineTuneResNet\expert_models_runs\expert_run_stage6_9_66fold_test_35620_47900_satellite_pretrain\predictions\predictions_student_cbsa47900_knn_k5_none.csv,C:\Users\Admin\Desktop\ShiXiaoYu\data\3.26plan_tripmode_v2_66fold\folds\test_35620_47900\logs\satellite_pretrain\train.log,C:\Users\Admin\Desktop\ShiXiaoYu\data\3.26plan_tripmode_v2_66fold\folds\test_35620_47900\logs\satellite_pretrain\inference.log,0.11820780690462958,0.18557971224058345,0.039451645377221456,0.08343326695709335,0.12890047781540553,-0.11474658721786235,0.05602336899225128,0.10023117812629638,0.0858234011742548,test_35620_47900,59,35620,47900,5,cosine,none
single_task_backbone_finetune,35620,0.1460013883436628,0.18924120190496566,0.0520934883041431,C:\Users\Admin\Desktop\ShiXiaoYu\data\FineTuneResNet\city_prototypes_per_city\per_city_cluster_20260607_200953,C:\Users\Admin\Desktop\ShiXiaoYu\data\FineTuneResNet\expert_models_runs\expert_run_stage6_9_66fold_test_35620_47900_single_task_backbone_finetune\predictions\step6_expert_summary_student_20260607_201036.json,C:\Users\Admin\Desktop\ShiXiaoYu\data\FineTuneResNet\expert_models_runs\expert_run_stage6_9_66fold_test_35620_47900_single_task_backbone_finetune\predictions\evaluation_student_cbsa35620_knn_k5_none.json,C:\Users\Admin\Desktop\ShiXiaoYu\data\FineTuneResNet\expert_models_runs\expert_run_stage6_9_66fold_test_35620_47900_single_task_backbone_finetune\predictions\predictions_student_cbsa35620_knn_k5_none.csv,C:\Users\Admin\Desktop\ShiXiaoYu\data\3.26plan_tripmode_v2_66fold\folds\test_35620_47900\logs\single_task_backbone_finetune\train.log,C:\Users\Admin\Desktop\ShiXiaoYu\data\3.26plan_tripmode_v2_66fold\folds\test_35620_47900\logs\single_task_backbone_finetune\inference.log,0.14962826347052194,0.19027783929517822,0.6208457184434343,0.17539105532963567,0.23283777997836655,0.18849722177336048,0.11298484623083081,0.14460798644135223,-0.6530624753043655,test_35620_47900,59,35620,47900,5,cosine,none
single_task_backbone_finetune,47900,0.07579027275594843,0.11167029501871713,0.30596320109904906,C:\Users\Admin\Desktop\ShiXiaoYu\data\FineTuneResNet\city_prototypes_per_city\per_city_cluster_20260607_200953,C:\Users\Admin\Desktop\ShiXiaoYu\data\FineTuneResNet\expert_models_runs\expert_run_stage6_9_66fold_test_35620_47900_single_task_backbone_finetune\predictions\step6_expert_summary_student_20260607_201036.json,C:\Users\Admin\Desktop\ShiXiaoYu\data\FineTuneResNet\expert_models_runs\expert_run_stage6_9_66fold_test_35620_47900_single_task_backbone_finetune\predictions\evaluation_student_cbsa47900_knn_k5_none.json,C:\Users\Admin\Desktop\ShiXiaoYu\data\FineTuneResNet\expert_models_runs\expert_run_stage6_9_66fold_test_35620_47900_single_task_backbone_finetune\predictions\predictions_student_cbsa47900_knn_k5_none.csv,C:\Users\Admin\Desktop\ShiXiaoYu\data\3.26plan_tripmode_v2_66fold\folds\test_35620_47900\logs\single_task_backbone_finetune\train.log,C:\Users\Admin\Desktop\ShiXiaoYu\data\3.26plan_tripmode_v2_66fold\folds\test_35620_47900\logs\single_task_backbone_finetune\inference.log,0.09669623406274609,0.13752600686657335,0.4724933913062258,0.06565674361846656,0.09616175035337195,0.37959996068450375,0.06501784058663265,0.10132312783620613,0.06579625130641764,test_35620_47900,59,35620,47900,5,cosine,none
aef_annual_64d,38060,0.0560718498759909,0.06787516334743314,-2.029812993767966,C:\Users\Admin\Desktop\ShiXiaoYu\data\FineTuneResNet\city_prototypes_per_city\per_city_cluster_20260607_201128,C:\Users\Admin\Desktop\ShiXiaoYu\data\FineTuneResNet\expert_models_runs\expert_run_stage6_9_66fold_test_38060_41860_aef_annual_64d\predictions\step6_expert_summary_student_20260607_201151.json,C:\Users\Admin\Desktop\ShiXiaoYu\data\FineTuneResNet\expert_models_runs\expert_run_stage6_9_66fold_test_38060_41860_aef_annual_64d\predictions\evaluation_student_cbsa38060_knn_k5_none.json,C:\Users\Admin\Desktop\ShiXiaoYu\data\FineTuneResNet\expert_models_runs\expert_run_stage6_9_66fold_test_38060_41860_aef_annual_64d\predictions\predictions_student_cbsa38060_knn_k5_none.csv,C:\Users\Admin\Desktop\ShiXiaoYu\data\3.26plan_tripmode_v2_66fold\folds\test_38060_41860\logs\aef_annual_64d\train.log,C:\Users\Admin\Desktop\ShiXiaoYu\data\3.26plan_tripmode_v2_66fold\folds\test_38060_41860\logs\aef_annual_64d\inference.log,0.07913145604469235,0.09413055924730176,-1.6022953049763342,0.04974442155537101,0.05833664826433576,-4.333323444726295,0.03933967202790934,0.0511582825306619,-0.15382023160126868,test_38060_41860,60,38060,41860,5,cosine,none
aef_annual_64d,41860,0.0961176931369259,0.12873849877153484,0.31302094677737125,C:\Users\Admin\Desktop\ShiXiaoYu\data\FineTuneResNet\city_prototypes_per_city\per_city_cluster_20260607_201128,C:\Users\Admin\Desktop\ShiXiaoYu\data\FineTuneResNet\expert_models_runs\expert_run_stage6_9_66fold_test_38060_41860_aef_annual_64d\predictions\step6_expert_summary_student_20260607_201151.json,C:\Users\Admin\Desktop\ShiXiaoYu\data\FineTuneResNet\expert_models_runs\expert_run_stage6_9_66fold_test_38060_41860_aef_annual_64d\predictions\evaluation_student_cbsa41860_knn_k5_none.json,C:\Users\Admin\Desktop\ShiXiaoYu\data\FineTuneResNet\expert_models_runs\expert_run_stage6_9_66fold_test_38060_41860_aef_annual_64d\predictions\predictions_student_cbsa41860_knn_k5_none.csv,C:\Users\Admin\Desktop\ShiXiaoYu\data\3.26plan_tripmode_v2_66fold\folds\test_38060_41860\logs\aef_annual_64d\train.log,C:\Users\Admin\Desktop\ShiXiaoYu\data\3.26plan_tripmode_v2_66fold\folds\test_38060_41860\logs\aef_annual_64d\inference.log,0.1290111711435246,0.16755598671959865,0.4161389997766528,0.08586551486185,0.10751546521252175,0.25462875653463757,0.0734763934054031,0.11114404438248413,0.26829508402082336,test_38060_41860,60,38060,41860,5,cosine,none
clay_v1_5_768d,38060,0.05346223815555127,0.06477335394932061,-1.7664626373273995,C:\Users\Admin\Desktop\ShiXiaoYu\data\FineTuneResNet\city_prototypes_per_city\per_city_cluster_20260607_201249,C:\Users\Admin\Desktop\ShiXiaoYu\data\FineTuneResNet\expert_models_runs\expert_run_stage6_9_66fold_test_38060_41860_clay_v1_5_768d\predictions\step6_expert_summary_student_20260607_201321.json,C:\Users\Admin\Desktop\ShiXiaoYu\data\FineTuneResNet\expert_models_runs\expert_run_stage6_9_66fold_test_38060_41860_clay_v1_5_768d\predictions\evaluation_student_cbsa38060_knn_k5_none.json,C:\Users\Admin\Desktop\ShiXiaoYu\data\FineTuneResNet\expert_models_runs\expert_run_stage6_9_66fold_test_38060_41860_clay_v1_5_768d\predictions\predictions_student_cbsa38060_knn_k5_none.csv,C:\Users\Admin\Desktop\ShiXiaoYu\data\3.26plan_tripmode_v2_66fold\folds\test_38060_41860\logs\clay_v1_5_768d\train.log,C:\Users\Admin\Desktop\ShiXiaoYu\data\3.26plan_tripmode_v2_66fold\folds\test_38060_41860\logs\clay_v1_5_768d\inference.log,0.07351166954338881,0.08715442327269643,-1.2308695058827563,0.049108303950301135,0.05599796046273918,-3.9142743210221553,0.03776674097296387,0.051167678112526274,-0.1542440850772866,test_38060_41860,60,38060,41860,5,cosine,none
clay_v1_5_768d,41860,0.09930100268399318,0.13820614905016568,0.1923140159904997,C:\Users\Admin\Desktop\ShiXiaoYu\data\FineTuneResNet\city_prototypes_per_city\per_city_cluster_20260607_201249,C:\Users\Admin\Desktop\ShiXiaoYu\data\FineTuneResNet\expert_models_runs\expert_run_stage6_9_66fold_test_38060_41860_clay_v1_5_768d\predictions\step6_expert_summary_student_20260607_201321.json,C:\Users\Admin\Desktop\ShiXiaoYu\data\FineTuneResNet\expert_models_runs\expert_run_stage6_9_66fold_test_38060_41860_clay_v1_5_768d\predictions\evaluation_student_cbsa41860_knn_k5_none.json,C:\Users\Admin\Desktop\ShiXiaoYu\data\FineTuneResNet\expert_models_runs\expert_run_stage6_9_66fold_test_38060_41860_clay_v1_5_768d\predictions\predictions_student_cbsa41860_knn_k5_none.csv,C:\Users\Admin\Desktop\ShiXiaoYu\data\3.26plan_tripmode_v2_66fold\folds\test_38060_41860\logs\clay_v1_5_768d\train.log,C:\Users\Admin\Desktop\ShiXiaoYu\data\3.26plan_tripmode_v2_66fold\folds\test_38060_41860\logs\clay_v1_5_768d\inference.log,0.13588175609399647,0.18364000829186694,0.2709737580422643,0.08523127010223401,0.11189851699140603,0.17093529319907874,0.07678998185574909,0.11907992186722406,0.135032996730156,test_38060_41860,60,38060,41860,5,cosine,none
prithvi_eo_v2_1024d,38060,0.04123691775969302,0.05242871107395542,-0.7003470325650304,C:\Users\Admin\Desktop\ShiXiaoYu\data\FineTuneResNet\city_prototypes_per_city\per_city_cluster_20260607_201418,C:\Users\Admin\Desktop\ShiXiaoYu\data\FineTuneResNet\expert_models_runs\expert_run_stage6_9_66fold_test_38060_41860_prithvi_eo_v2_1024d\predictions\step6_expert_summary_student_20260607_201450.json,C:\Users\Admin\Desktop\ShiXiaoYu\data\FineTuneResNet\expert_models_runs\expert_run_stage6_9_66fold_test_38060_41860_prithvi_eo_v2_1024d\predictions\evaluation_student_cbsa38060_knn_k5_none.json,C:\Users\Admin\Desktop\ShiXiaoYu\data\FineTuneResNet\expert_models_runs\expert_run_stage6_9_66fold_test_38060_41860_prithvi_eo_v2_1024d\predictions\predictions_student_cbsa38060_knn_k5_none.csv,C:\Users\Admin\Desktop\ShiXiaoYu\data\3.26plan_tripmode_v2_66fold\folds\test_38060_41860\logs\prithvi_eo_v2_1024d\train.log,C:\Users\Admin\Desktop\ShiXiaoYu\data\3.26plan_tripmode_v2_66fold\folds\test_38060_41860\logs\prithvi_eo_v2_1024d\inference.log,0.0531904472549804,0.0671802895248197,-0.3254978959508641,0.03749096383205706,0.04189691538286256,-1.750927063143389,0.03302934219204163,0.04820892831418399,-0.02461613860083789,test_38060_41860,60,38060,41860,5,cosine,none
prithvi_eo_v2_1024d,41860,0.11635291524519996,0.1766061138406132,-0.29928646437809836,C:\Users\Admin\Desktop\ShiXiaoYu\data\FineTuneResNet\city_prototypes_per_city\per_city_cluster_20260607_201418,C:\Users\Admin\Desktop\ShiXiaoYu\data\FineTuneResNet\expert_models_runs\expert_run_stage6_9_66fold_test_38060_41860_prithvi_eo_v2_1024d\predictions\step6_expert_summary_student_20260607_201450.json,C:\Users\Admin\Desktop\ShiXiaoYu\data\FineTuneResNet\expert_models_runs\expert_run_stage6_9_66fold_test_38060_41860_prithvi_eo_v2_1024d\predictions\evaluation_student_cbsa41860_knn_k5_none.json,C:\Users\Admin\Desktop\ShiXiaoYu\data\FineTuneResNet\expert_models_runs\expert_run_stage6_9_66fold_test_38060_41860_prithvi_eo_v2_1024d\predictions\predictions_student_cbsa41860_knn_k5_none.csv,C:\Users\Admin\Desktop\ShiXiaoYu\data\3.26plan_tripmode_v2_66fold\folds\test_38060_41860\logs\prithvi_eo_v2_1024d\train.log,C:\Users\Admin\Desktop\ShiXiaoYu\data\3.26plan_tripmode_v2_66fold\folds\test_38060_41860\logs\prithvi_eo_v2_1024d\inference.log,0.16293855424815543,0.24544425425728733,-0.30230975549842,0.10628730505313763,0.15120002517075992,-0.5137128336608705,0.0798328864343068,0.13317406209379232,-0.08183680397500459,test_38060_41860,60,38060,41860,5,cosine,none
imagenet_pretrain,38060,0.041304756910794764,0.05326255223379087,-0.8008952080408687,C:\Users\Admin\Desktop\ShiXiaoYu\data\FineTuneResNet\city_prototypes_per_city\per_city_cluster_20260607_201552,C:\Users\Admin\Desktop\ShiXiaoYu\data\FineTuneResNet\expert_models_runs\expert_run_stage6_9_66fold_test_38060_41860_imagenet_pretrain\predictions\step6_expert_summary_student_20260607_201631.json,C:\Users\Admin\Desktop\ShiXiaoYu\data\FineTuneResNet\expert_models_runs\expert_run_stage6_9_66fold_test_38060_41860_imagenet_pretrain\predictions\evaluation_student_cbsa38060_knn_k5_none.json,C:\Users\Admin\Desktop\ShiXiaoYu\data\FineTuneResNet\expert_models_runs\expert_run_stage6_9_66fold_test_38060_41860_imagenet_pretrain\predictions\predictions_student_cbsa38060_knn_k5_none.csv,C:\Users\Admin\Desktop\ShiXiaoYu\data\3.26plan_tripmode_v2_66fold\folds\test_38060_41860\logs\imagenet_pretrain\train.log,C:\Users\Admin\Desktop\ShiXiaoYu\data\3.26plan_tripmode_v2_66fold\folds\test_38060_41860\logs\imagenet_pretrain\inference.log,0.05384909672542398,0.06825537198131353,-0.3682610873154226,0.03775259314885011,0.04404512047421229,-2.04025898741827,0.032312580858110215,0.04748716424584683,0.005834450611086228,test_38060_41860,60,38060,41860,5,cosine,none
imagenet_pretrain,41860,0.09832273590860391,0.14745553189069116,0.0933351984492344,C:\Users\Admin\Desktop\ShiXiaoYu\data\FineTuneResNet\city_prototypes_per_city\per_city_cluster_20260607_201552,C:\Users\Admin\Desktop\ShiXiaoYu\data\FineTuneResNet\expert_models_runs\expert_run_stage6_9_66fold_test_38060_41860_imagenet_pretrain\predictions\step6_expert_summary_student_20260607_201631.json,C:\Users\Admin\Desktop\ShiXiaoYu\data\FineTuneResNet\expert_models_runs\expert_run_stage6_9_66fold_test_38060_41860_imagenet_pretrain\predictions\evaluation_student_cbsa41860_knn_k5_none.json,C:\Users\Admin\Desktop\ShiXiaoYu\data\FineTuneResNet\expert_models_runs\expert_run_stage6_9_66fold_test_38060_41860_imagenet_pretrain\predictions\predictions_student_cbsa41860_knn_k5_none.csv,C:\Users\Admin\Desktop\ShiXiaoYu\data\3.26plan_tripmode_v2_66fold\folds\test_38060_41860\logs\imagenet_pretrain\train.log,C:\Users\Admin\Desktop\ShiXiaoYu\data\3.26plan_tripmode_v2_66fold\folds\test_38060_41860\logs\imagenet_pretrain\inference.log,0.13787823308014313,0.20184203964580905,0.11929227379200047,0.0845466420435185,0.11978085200919904,0.050019781743029124,0.07254333260215008,0.1207437040170654,0.1106935398126736,test_38060_41860,60,38060,41860,5,cosine,none
satellite_pretrain,38060,0.039067886425941646,0.05349569005269211,-0.8625587707136319,C:\Users\Admin\Desktop\ShiXiaoYu\data\FineTuneResNet\city_prototypes_per_city\per_city_cluster_20260607_201731,C:\Users\Admin\Desktop\ShiXiaoYu\data\FineTuneResNet\expert_models_runs\expert_run_stage6_9_66fold_test_38060_41860_satellite_pretrain\predictions\step6_expert_summary_student_20260607_201807.json,C:\Users\Admin\Desktop\ShiXiaoYu\data\FineTuneResNet\expert_models_runs\expert_run_stage6_9_66fold_test_38060_41860_satellite_pretrain\predictions\evaluation_student_cbsa38060_knn_k5_none.json,C:\Users\Admin\Desktop\ShiXiaoYu\data\FineTuneResNet\expert_models_runs\expert_run_stage6_9_66fold_test_38060_41860_satellite_pretrain\predictions\predictions_student_cbsa38060_knn_k5_none.csv,C:\Users\Admin\Desktop\ShiXiaoYu\data\3.26plan_tripmode_v2_66fold\folds\test_38060_41860\logs\satellite_pretrain\train.log,C:\Users\Admin\Desktop\ShiXiaoYu\data\3.26plan_tripmode_v2_66fold\folds\test_38060_41860\logs\satellite_pretrain\inference.log,0.049997256754655696,0.06697029991875689,-0.31722446428110507,0.03590494410910226,0.04559518035198,-2.2580132959742816,0.031301458414066986,0.04792158988733946,-0.012438551885508797,test_38060_41860,60,38060,41860,5,cosine,none
satellite_pretrain,41860,0.10091914981721299,0.15163985720915632,0.04118600983207684,C:\Users\Admin\Desktop\ShiXiaoYu\data\FineTuneResNet\city_prototypes_per_city\per_city_cluster_20260607_201731,C:\Users\Admin\Desktop\ShiXiaoYu\data\FineTuneResNet\expert_models_runs\expert_run_stage6_9_66fold_test_38060_41860_satellite_pretrain\predictions\step6_expert_summary_student_20260607_201807.json,C:\Users\Admin\Desktop\ShiXiaoYu\data\FineTuneResNet\expert_models_runs\expert_run_stage6_9_66fold_test_38060_41860_satellite_pretrain\predictions\evaluation_student_cbsa41860_knn_k5_none.json,C:\Users\Admin\Desktop\ShiXiaoYu\data\FineTuneResNet\expert_models_runs\expert_run_stage6_9_66fold_test_38060_41860_satellite_pretrain\predictions\predictions_student_cbsa41860_knn_k5_none.csv,C:\Users\Admin\Desktop\ShiXiaoYu\data\3.26plan_tripmode_v2_66fold\folds\test_38060_41860\logs\satellite_pretrain\train.log,C:\Users\Admin\Desktop\ShiXiaoYu\data\3.26plan_tripmode_v2_66fold\folds\test_38060_41860\logs\satellite_pretrain\inference.log,0.14117796037362465,0.20792783740137,0.06538267507034201,0.08714744454637274,0.12467420374164855,-0.029183873288220585,0.07443204453164155,0.12231753048445045,0.08735922771410909,test_38060_41860,60,38060,41860,5,cosine,none
single_task_backbone_finetune,38060,0.0351576906428357,0.04697076812515155,-0.2764410097102696,C:\Users\Admin\Desktop\ShiXiaoYu\data\FineTuneResNet\city_prototypes_per_city\per_city_cluster_20260607_201909,C:\Users\Admin\Desktop\ShiXiaoYu\data\FineTuneResNet\expert_models_runs\expert_run_stage6_9_66fold_test_38060_41860_single_task_backbone_finetune\predictions\step6_expert_summary_student_20260607_201947.json,C:\Users\Admin\Desktop\ShiXiaoYu\data\FineTuneResNet\expert_models_runs\expert_run_stage6_9_66fold_test_38060_41860_single_task_backbone_finetune\predictions\evaluation_student_cbsa38060_knn_k5_none.json,C:\Users\Admin\Desktop\ShiXiaoYu\data\FineTuneResNet\expert_models_runs\expert_run_stage6_9_66fold_test_38060_41860_single_task_backbone_finetune\predictions\predictions_student_cbsa38060_knn_k5_none.csv,C:\Users\Admin\Desktop\ShiXiaoYu\data\3.26plan_tripmode_v2_66fold\folds\test_38060_41860\logs\single_task_backbone_finetune\train.log,C:\Users\Admin\Desktop\ShiXiaoYu\data\3.26plan_tripmode_v2_66fold\folds\test_38060_41860\logs\single_task_backbone_finetune\inference.log,0.04720424337946465,0.06136452470512654,-0.10593613902456012,0.02835240815086982,0.033956621471547634,-0.8070240110770237,0.02991642039817264,0.04559115819878047,0.08363712097077514,test_38060_41860,60,38060,41860,5,cosine,none
single_task_backbone_finetune,41860,0.07765677441974035,0.1094642040995935,0.4747998892794911,C:\Users\Admin\Desktop\ShiXiaoYu\data\FineTuneResNet\city_prototypes_per_city\per_city_cluster_20260607_201909,C:\Users\Admin\Desktop\ShiXiaoYu\data\FineTuneResNet\expert_models_runs\expert_run_stage6_9_66fold_test_38060_41860_single_task_backbone_finetune\predictions\step6_expert_summary_student_20260607_201947.json,C:\Users\Admin\Desktop\ShiXiaoYu\data\FineTuneResNet\expert_models_runs\expert_run_stage6_9_66fold_test_38060_41860_single_task_backbone_finetune\predictions\evaluation_student_cbsa41860_knn_k5_none.json,C:\Users\Admin\Desktop\ShiXiaoYu\data\FineTuneResNet\expert_models_runs\expert_run_stage6_9_66fold_test_38060_41860_single_task_backbone_finetune\predictions\predictions_student_cbsa41860_knn_k5_none.csv,C:\Users\Admin\Desktop\ShiXiaoYu\data\3.26plan_tripmode_v2_66fold\folds\test_38060_41860\logs\single_task_backbone_finetune\train.log,C:\Users\Admin\Desktop\ShiXiaoYu\data\3.26plan_tripmode_v2_66fold\folds\test_38060_41860\logs\single_task_backbone_finetune\inference.log,0.09955462118901588,0.1368051338984075,0.5954116762958931,0.07206170664750261,0.09851721565099586,0.3573655190035313,0.061353995422702576,0.09307026274937708,0.471622472539049,test_38060_41860,60,38060,41860,5,cosine,none
aef_annual_64d,38060,0.057941323496884835,0.0693582365435658,-2.033765793568166,C:\Users\Admin\Desktop\ShiXiaoYu\data\FineTuneResNet\city_prototypes_per_city\per_city_cluster_20260607_202042,C:\Users\Admin\Desktop\ShiXiaoYu\data\FineTuneResNet\expert_models_runs\expert_run_stage6_9_66fold_test_38060_42660_aef_annual_64d\predictions\step6_expert_summary_student_20260607_202104.json,C:\Users\Admin\Desktop\ShiXiaoYu\data\FineTuneResNet\expert_models_runs\expert_run_stage6_9_66fold_test_38060_42660_aef_annual_64d\predictions\evaluation_student_cbsa38060_knn_k5_none.json,C:\Users\Admin\Desktop\ShiXiaoYu\data\FineTuneResNet\expert_models_runs\expert_run_stage6_9_66fold_test_38060_42660_aef_annual_64d\predictions\predictions_student_cbsa38060_knn_k5_none.csv,C:\Users\Admin\Desktop\ShiXiaoYu\data\3.26plan_tripmode_v2_66fold\folds\test_38060_42660\logs\aef_annual_64d\train.log,C:\Users\Admin\Desktop\ShiXiaoYu\data\3.26plan_tripmode_v2_66fold\folds\test_38060_42660\logs\aef_annual_64d\inference.log,0.08555773582789365,0.10042730564227999,-1.9620945884523522,0.04858389680548502,0.05637161852255385,-3.9800761681154686,0.03968233785727586,0.05127578546586354,-0.15912662413667666,test_38060_42660,61,38060,42660,5,cosine,none
aef_annual_64d,42660,0.06253881734182626,0.08678416812519833,0.3896198702391281,C:\Users\Admin\Desktop\ShiXiaoYu\data\FineTuneResNet\city_prototypes_per_city\per_city_cluster_20260607_202042,C:\Users\Admin\Desktop\ShiXiaoYu\data\FineTuneResNet\expert_models_runs\expert_run_stage6_9_66fold_test_38060_42660_aef_annual_64d\predictions\step6_expert_summary_student_20260607_202104.json,C:\Users\Admin\Desktop\ShiXiaoYu\data\FineTuneResNet\expert_models_runs\expert_run_stage6_9_66fold_test_38060_42660_aef_annual_64d\predictions\evaluation_student_cbsa42660_knn_k5_none.json,C:\Users\Admin\Desktop\ShiXiaoYu\data\FineTuneResNet\expert_models_runs\expert_run_stage6_9_66fold_test_38060_42660_aef_annual_64d\predictions\predictions_student_cbsa42660_knn_k5_none.csv,C:\Users\Admin\Desktop\ShiXiaoYu\data\3.26plan_tripmode_v2_66fold\folds\test_38060_42660\logs\aef_annual_64d\train.log,C:\Users\Admin\Desktop\ShiXiaoYu\data\3.26plan_tripmode_v2_66fold\folds\test_38060_42660\logs\aef_annual_64d\inference.log,0.08080797751364056,0.10488902345423867,0.5739766250279699,0.054379493583864,0.07435287266924265,0.2368142385381946,0.052428980927974225,0.08111060825211365,0.35806874715121983,test_38060_42660,61,38060,42660,5,cosine,none
clay_v1_5_768d,38060,0.046884370949757725,0.058848863518388604,-1.2667075928632119,C:\Users\Admin\Desktop\ShiXiaoYu\data\FineTuneResNet\city_prototypes_per_city\per_city_cluster_20260607_202203,C:\Users\Admin\Desktop\ShiXiaoYu\data\FineTuneResNet\expert_models_runs\expert_run_stage6_9_66fold_test_38060_42660_clay_v1_5_768d\predictions\step6_expert_summary_student_20260607_202234.json,C:\Users\Admin\Desktop\ShiXiaoYu\data\FineTuneResNet\expert_models_runs\expert_run_stage6_9_66fold_test_38060_42660_clay_v1_5_768d\predictions\evaluation_student_cbsa38060_knn_k5_none.json,C:\Users\Admin\Desktop\ShiXiaoYu\data\FineTuneResNet\expert_models_runs\expert_run_stage6_9_66fold_test_38060_42660_clay_v1_5_768d\predictions\predictions_student_cbsa38060_knn_k5_none.csv,C:\Users\Admin\Desktop\ShiXiaoYu\data\3.26plan_tripmode_v2_66fold\folds\test_38060_42660\logs\clay_v1_5_768d\train.log,C:\Users\Admin\Desktop\ShiXiaoYu\data\3.26plan_tripmode_v2_66fold\folds\test_38060_42660\logs\clay_v1_5_768d\inference.log,0.06248464084868627,0.07667101703995816,-0.7264648817922243,0.042088516386740056,0.05051904315124765,-2.999679656368896,0.03607995561384685,0.049356530363959976,-0.07397824042851453,test_38060_42660,61,38060,42660,5,cosine,none
clay_v1_5_768d,42660,0.07181766800541216,0.10414278917334656,0.15405360728370968,C:\Users\Admin\Desktop\ShiXiaoYu\data\FineTuneResNet\city_prototypes_per_city\per_city_cluster_20260607_202203,C:\Users\Admin\Desktop\ShiXiaoYu\data\FineTuneResNet\expert_models_runs\expert_run_stage6_9_66fold_test_38060_42660_clay_v1_5_768d\predictions\step6_expert_summary_student_20260607_202234.json,C:\Users\Admin\Desktop\ShiXiaoYu\data\FineTuneResNet\expert_models_runs\expert_run_stage6_9_66fold_test_38060_42660_clay_v1_5_768d\predictions\evaluation_student_cbsa42660_knn_k5_none.json,C:\Users\Admin\Desktop\ShiXiaoYu\data\FineTuneResNet\expert_models_runs\expert_run_stage6_9_66fold_test_38060_42660_clay_v1_5_768d\predictions\predictions_student_cbsa42660_knn_k5_none.csv,C:\Users\Admin\Desktop\ShiXiaoYu\data\3.26plan_tripmode_v2_66fold\folds\test_38060_42660\logs\clay_v1_5_768d\train.log,C:\Users\Admin\Desktop\ShiXiaoYu\data\3.26plan_tripmode_v2_66fold\folds\test_38060_42660\logs\clay_v1_5_768d\inference.log,0.09945102190616728,0.13738380599304792,0.26912277033666243,0.06272213349725286,0.0878092291328399,-0.06442504243168923,0.05327984861281631,0.08723533239415182,0.25746309394615585,test_38060_42660,61,38060,42660,5,cosine,none
prithvi_eo_v2_1024d,38060,0.042625874112466884,0.05390399745418683,-0.861481999091494,C:\Users\Admin\Desktop\ShiXiaoYu\data\FineTuneResNet\city_prototypes_per_city\per_city_cluster_20260607_202331,C:\Users\Admin\Desktop\ShiXiaoYu\data\FineTuneResNet\expert_models_runs\expert_run_stage6_9_66fold_test_38060_42660_prithvi_eo_v2_1024d\predictions\step6_expert_summary_student_20260607_202402.json,C:\Users\Admin\Desktop\ShiXiaoYu\data\FineTuneResNet\expert_models_runs\expert_run_stage6_9_66fold_test_38060_42660_prithvi_eo_v2_1024d\predictions\evaluation_student_cbsa38060_knn_k5_none.json,C:\Users\Admin\Desktop\ShiXiaoYu\data\FineTuneResNet\expert_models_runs\expert_run_stage6_9_66fold_test_38060_42660_prithvi_eo_v2_1024d\predictions\predictions_student_cbsa38060_knn_k5_none.csv,C:\Users\Admin\Desktop\ShiXiaoYu\data\3.26plan_tripmode_v2_66fold\folds\test_38060_42660\logs\prithvi_eo_v2_1024d\train.log,C:\Users\Admin\Desktop\ShiXiaoYu\data\3.26plan_tripmode_v2_66fold\folds\test_38060_42660\logs\prithvi_eo_v2_1024d\inference.log,0.05485756706248502,0.0685845213085314,-0.3814892948212969,0.04035568239968381,0.0450839174865458,-2.185358143756734,0.032664372875231835,0.048043553567483264,-0.017598558696451105,test_38060_42660,61,38060,42660,5,cosine,none
prithvi_eo_v2_1024d,42660,0.0911233333124926,0.11926013854525032,-0.09390718901837947,C:\Users\Admin\Desktop\ShiXiaoYu\data\FineTuneResNet\city_prototypes_per_city\per_city_cluster_20260607_202331,C:\Users\Admin\Desktop\ShiXiaoYu\data\FineTuneResNet\expert_models_runs\expert_run_stage6_9_66fold_test_38060_42660_prithvi_eo_v2_1024d\predictions\step6_expert_summary_student_20260607_202402.json,C:\Users\Admin\Desktop\ShiXiaoYu\data\FineTuneResNet\expert_models_runs\expert_run_stage6_9_66fold_test_38060_42660_prithvi_eo_v2_1024d\predictions\evaluation_student_cbsa42660_knn_k5_none.json,C:\Users\Admin\Desktop\ShiXiaoYu\data\FineTuneResNet\expert_models_runs\expert_run_stage6_9_66fold_test_38060_42660_prithvi_eo_v2_1024d\predictions\predictions_student_cbsa42660_knn_k5_none.csv,C:\Users\Admin\Desktop\ShiXiaoYu\data\3.26plan_tripmode_v2_66fold\folds\test_38060_42660\logs\prithvi_eo_v2_1024d\train.log,C:\Users\Admin\Desktop\ShiXiaoYu\data\3.26plan_tripmode_v2_66fold\folds\test_38060_42660\logs\prithvi_eo_v2_1024d\inference.log,0.12908706399078373,0.1618602308414694,-0.014503746895926595,0.08013023552921658,0.098716675300797,-0.3452896312715208,0.06415270041747748,0.0972035094934846,0.07807181111230899,test_38060_42660,61,38060,42660,5,cosine,none
imagenet_pretrain,38060,0.04057443659019003,0.05284800732955403,-0.7774953893991371,C:\Users\Admin\Desktop\ShiXiaoYu\data\FineTuneResNet\city_prototypes_per_city\per_city_cluster_20260607_202505,C:\Users\Admin\Desktop\ShiXiaoYu\data\FineTuneResNet\expert_models_runs\expert_run_stage6_9_66fold_test_38060_42660_imagenet_pretrain\predictions\step6_expert_summary_student_20260607_202542.json,C:\Users\Admin\Desktop\ShiXiaoYu\data\FineTuneResNet\expert_models_runs\expert_run_stage6_9_66fold_test_38060_42660_imagenet_pretrain\predictions\evaluation_student_cbsa38060_knn_k5_none.json,C:\Users\Admin\Desktop\ShiXiaoYu\data\FineTuneResNet\expert_models_runs\expert_run_stage6_9_66fold_test_38060_42660_imagenet_pretrain\predictions\predictions_student_cbsa38060_knn_k5_none.csv,C:\Users\Admin\Desktop\ShiXiaoYu\data\3.26plan_tripmode_v2_66fold\folds\test_38060_42660\logs\imagenet_pretrain\train.log,C:\Users\Admin\Desktop\ShiXiaoYu\data\3.26plan_tripmode_v2_66fold\folds\test_38060_42660\logs\imagenet_pretrain\inference.log,0.05293935845199875,0.06764675335037246,-0.34396889046743917,0.03728451356532325,0.04384273914621198,-2.012384024013785,0.03149943775324809,0.04705452949207766,0.0238667462838128,test_38060_42660,61,38060,42660,5,cosine,none
imagenet_pretrain,42660,0.06676828024325393,0.10453984242539664,0.15842106281032278,C:\Users\Admin\Desktop\ShiXiaoYu\data\FineTuneResNet\city_prototypes_per_city\per_city_cluster_20260607_202505,C:\Users\Admin\Desktop\ShiXiaoYu\data\FineTuneResNet\expert_models_runs\expert_run_stage6_9_66fold_test_38060_42660_imagenet_pretrain\predictions\step6_expert_summary_student_20260607_202542.json,C:\Users\Admin\Desktop\ShiXiaoYu\data\FineTuneResNet\expert_models_runs\expert_run_stage6_9_66fold_test_38060_42660_imagenet_pretrain\predictions\evaluation_student_cbsa42660_knn_k5_none.json,C:\Users\Admin\Desktop\ShiXiaoYu\data\FineTuneResNet\expert_models_runs\expert_run_stage6_9_66fold_test_38060_42660_imagenet_pretrain\predictions\predictions_student_cbsa42660_knn_k5_none.csv,C:\Users\Admin\Desktop\ShiXiaoYu\data\3.26plan_tripmode_v2_66fold\folds\test_38060_42660\logs\imagenet_pretrain\train.log,C:\Users\Admin\Desktop\ShiXiaoYu\data\3.26plan_tripmode_v2_66fold\folds\test_38060_42660\logs\imagenet_pretrain\inference.log,0.09192245755918714,0.13800839500447795,0.26246207881046146,0.05736954386877404,0.0828550702155969,0.05229551960347345,0.05101283930180062,0.09275606205611509,0.16050559001703346,test_38060_42660,61,38060,42660,5,cosine,none
satellite_pretrain,38060,0.03625721049281876,0.05008218226337785,-0.6263046851323604,C:\Users\Admin\Desktop\ShiXiaoYu\data\FineTuneResNet\city_prototypes_per_city\per_city_cluster_20260607_202644,C:\Users\Admin\Desktop\ShiXiaoYu\data\FineTuneResNet\expert_models_runs\expert_run_stage6_9_66fold_test_38060_42660_satellite_pretrain\predictions\step6_expert_summary_student_20260607_202718.json,C:\Users\Admin\Desktop\ShiXiaoYu\data\FineTuneResNet\expert_models_runs\expert_run_stage6_9_66fold_test_38060_42660_satellite_pretrain\predictions\evaluation_student_cbsa38060_knn_k5_none.json,C:\Users\Admin\Desktop\ShiXiaoYu\data\FineTuneResNet\expert_models_runs\expert_run_stage6_9_66fold_test_38060_42660_satellite_pretrain\predictions\predictions_student_cbsa38060_knn_k5_none.csv,C:\Users\Admin\Desktop\ShiXiaoYu\data\3.26plan_tripmode_v2_66fold\folds\test_38060_42660\logs\satellite_pretrain\train.log,C:\Users\Admin\Desktop\ShiXiaoYu\data\3.26plan_tripmode_v2_66fold\folds\test_38060_42660\logs\satellite_pretrain\inference.log,0.04605067063787517,0.0613248159886955,-0.10450530920732426,0.03265393395065651,0.04243119120146747,-1.8215348898434676,0.030067026889924617,0.04649053959997057,0.047126143653710706,test_38060_42660,61,38060,42660,5,cosine,none
satellite_pretrain,42660,0.08904210937896673,0.11971765274719665,-0.09119525347586215,C:\Users\Admin\Desktop\ShiXiaoYu\data\FineTuneResNet\city_prototypes_per_city\per_city_cluster_20260607_202644,C:\Users\Admin\Desktop\ShiXiaoYu\data\FineTuneResNet\expert_models_runs\expert_run_stage6_9_66fold_test_38060_42660_satellite_pretrain\predictions\step6_expert_summary_student_20260607_202718.json,C:\Users\Admin\Desktop\ShiXiaoYu\data\FineTuneResNet\expert_models_runs\expert_run_stage6_9_66fold_test_38060_42660_satellite_pretrain\predictions\evaluation_student_cbsa42660_knn_k5_none.json,C:\Users\Admin\Desktop\ShiXiaoYu\data\FineTuneResNet\expert_models_runs\expert_run_stage6_9_66fold_test_38060_42660_satellite_pretrain\predictions\predictions_student_cbsa42660_knn_k5_none.csv,C:\Users\Admin\Desktop\ShiXiaoYu\data\3.26plan_tripmode_v2_66fold\folds\test_38060_42660\logs\satellite_pretrain\train.log,C:\Users\Admin\Desktop\ShiXiaoYu\data\3.26plan_tripmode_v2_66fold\folds\test_38060_42660\logs\satellite_pretrain\inference.log,0.1274308100280811,0.16383456438256563,-0.03940405302774619,0.07738106662630512,0.09592059762617182,-0.2701602179742999,0.062314451482513994,0.09939779623285251,0.035978510574459666,test_38060_42660,61,38060,42660,5,cosine,none
single_task_backbone_finetune,38060,0.03783894074596326,0.04896514604820093,-0.42692632471276176,C:\Users\Admin\Desktop\ShiXiaoYu\data\FineTuneResNet\city_prototypes_per_city\per_city_cluster_20260607_202820,C:\Users\Admin\Desktop\ShiXiaoYu\data\FineTuneResNet\expert_models_runs\expert_run_stage6_9_66fold_test_38060_42660_single_task_backbone_finetune\predictions\step6_expert_summary_student_20260607_202858.json,C:\Users\Admin\Desktop\ShiXiaoYu\data\FineTuneResNet\expert_models_runs\expert_run_stage6_9_66fold_test_38060_42660_single_task_backbone_finetune\predictions\evaluation_student_cbsa38060_knn_k5_none.json,C:\Users\Admin\Desktop\ShiXiaoYu\data\FineTuneResNet\expert_models_runs\expert_run_stage6_9_66fold_test_38060_42660_single_task_backbone_finetune\predictions\predictions_student_cbsa38060_knn_k5_none.csv,C:\Users\Admin\Desktop\ShiXiaoYu\data\3.26plan_tripmode_v2_66fold\folds\test_38060_42660\logs\single_task_backbone_finetune\train.log,C:\Users\Admin\Desktop\ShiXiaoYu\data\3.26plan_tripmode_v2_66fold\folds\test_38060_42660\logs\single_task_backbone_finetune\inference.log,0.0499411760565307,0.06322765321952076,-0.174111726732334,0.03199878098989426,0.03701421153456338,-1.147098565353613,0.031576865191464826,0.04665357339051864,0.04043131794766164,test_38060_42660,61,38060,42660,5,cosine,none
single_task_backbone_finetune,42660,0.06789521310870601,0.09243500336919956,0.3253222040712566,C:\Users\Admin\Desktop\ShiXiaoYu\data\FineTuneResNet\city_prototypes_per_city\per_city_cluster_20260607_202820,C:\Users\Admin\Desktop\ShiXiaoYu\data\FineTuneResNet\expert_models_runs\expert_run_stage6_9_66fold_test_38060_42660_single_task_backbone_finetune\predictions\step6_expert_summary_student_20260607_202858.json,C:\Users\Admin\Desktop\ShiXiaoYu\data\FineTuneResNet\expert_models_runs\expert_run_stage6_9_66fold_test_38060_42660_single_task_backbone_finetune\predictions\evaluation_student_cbsa42660_knn_k5_none.json,C:\Users\Admin\Desktop\ShiXiaoYu\data\FineTuneResNet\expert_models_runs\expert_run_stage6_9_66fold_test_38060_42660_single_task_backbone_finetune\predictions\predictions_student_cbsa42660_knn_k5_none.csv,C:\Users\Admin\Desktop\ShiXiaoYu\data\3.26plan_tripmode_v2_66fold\folds\test_38060_42660\logs\single_task_backbone_finetune\train.log,C:\Users\Admin\Desktop\ShiXiaoYu\data\3.26plan_tripmode_v2_66fold\folds\test_38060_42660\logs\single_task_backbone_finetune\inference.log,0.08994198692632792,0.11744480886069673,0.4658773496283546,0.05844529985246617,0.07728926498582853,0.1753434574812598,0.05529835254732397,0.08257093626107341,0.3347458051041554,test_38060_42660,61,38060,42660,5,cosine,none
aef_annual_64d,38060,0.05555069048378034,0.06700786557572795,-1.9586280548807213,C:\Users\Admin\Desktop\ShiXiaoYu\data\FineTuneResNet\city_prototypes_per_city\per_city_cluster_20260607_202950,C:\Users\Admin\Desktop\ShiXiaoYu\data\FineTuneResNet\expert_models_runs\expert_run_stage6_9_66fold_test_38060_47900_aef_annual_64d\predictions\step6_expert_summary_student_20260607_203017.json,C:\Users\Admin\Desktop\ShiXiaoYu\data\FineTuneResNet\expert_models_runs\expert_run_stage6_9_66fold_test_38060_47900_aef_annual_64d\predictions\evaluation_student_cbsa38060_knn_k5_none.json,C:\Users\Admin\Desktop\ShiXiaoYu\data\FineTuneResNet\expert_models_runs\expert_run_stage6_9_66fold_test_38060_47900_aef_annual_64d\predictions\predictions_student_cbsa38060_knn_k5_none.csv,C:\Users\Admin\Desktop\ShiXiaoYu\data\3.26plan_tripmode_v2_66fold\folds\test_38060_47900\logs\aef_annual_64d\train.log,C:\Users\Admin\Desktop\ShiXiaoYu\data\3.26plan_tripmode_v2_66fold\folds\test_38060_47900\logs\aef_annual_64d\inference.log,0.07711340802264265,0.09206441396910213,-1.4893094419142447,0.049747472336787585,0.05777840871967217,-4.2317397244046715,0.0397911910919108,0.05118077403840956,-0.15483499832324732,test_38060_47900,62,38060,47900,5,cosine,none
aef_annual_64d,47900,0.06348890538141604,0.10081624402420673,0.45099037366951916,C:\Users\Admin\Desktop\ShiXiaoYu\data\FineTuneResNet\city_prototypes_per_city\per_city_cluster_20260607_202950,C:\Users\Admin\Desktop\ShiXiaoYu\data\FineTuneResNet\expert_models_runs\expert_run_stage6_9_66fold_test_38060_47900_aef_annual_64d\predictions\step6_expert_summary_student_20260607_203017.json,C:\Users\Admin\Desktop\ShiXiaoYu\data\FineTuneResNet\expert_models_runs\expert_run_stage6_9_66fold_test_38060_47900_aef_annual_64d\predictions\evaluation_student_cbsa47900_knn_k5_none.json,C:\Users\Admin\Desktop\ShiXiaoYu\data\FineTuneResNet\expert_models_runs\expert_run_stage6_9_66fold_test_38060_47900_aef_annual_64d\predictions\predictions_student_cbsa47900_knn_k5_none.csv,C:\Users\Admin\Desktop\ShiXiaoYu\data\3.26plan_tripmode_v2_66fold\folds\test_38060_47900\logs\aef_annual_64d\train.log,C:\Users\Admin\Desktop\ShiXiaoYu\data\3.26plan_tripmode_v2_66fold\folds\test_38060_47900\logs\aef_annual_64d\inference.log,0.08313260854988207,0.1265012747427257,0.5536782592622074,0.06109658910389157,0.09555155557514235,0.3874484819639761,0.046237518490474465,0.08039590175475216,0.4118443797823741,test_38060_47900,62,38060,47900,5,cosine,none
clay_v1_5_768d,38060,0.05267201114551546,0.06402224528508468,-1.8653383217217392,C:\Users\Admin\Desktop\ShiXiaoYu\data\FineTuneResNet\city_prototypes_per_city\per_city_cluster_20260607_203113,C:\Users\Admin\Desktop\ShiXiaoYu\data\FineTuneResNet\expert_models_runs\expert_run_stage6_9_66fold_test_38060_47900_clay_v1_5_768d\predictions\step6_expert_summary_student_20260607_203148.json,C:\Users\Admin\Desktop\ShiXiaoYu\data\FineTuneResNet\expert_models_runs\expert_run_stage6_9_66fold_test_38060_47900_clay_v1_5_768d\predictions\evaluation_student_cbsa38060_knn_k5_none.json,C:\Users\Admin\Desktop\ShiXiaoYu\data\FineTuneResNet\expert_models_runs\expert_run_stage6_9_66fold_test_38060_47900_clay_v1_5_768d\predictions\predictions_student_cbsa38060_knn_k5_none.csv,C:\Users\Admin\Desktop\ShiXiaoYu\data\3.26plan_tripmode_v2_66fold\folds\test_38060_47900\logs\clay_v1_5_768d\train.log,C:\Users\Admin\Desktop\ShiXiaoYu\data\3.26plan_tripmode_v2_66fold\folds\test_38060_47900\logs\clay_v1_5_768d\inference.log,0.06848656779367357,0.0814968599038803,-0.9506396669033876,0.051487091788719304,0.059126046863356665,-4.478638726761151,0.038042373854153516,0.05144382908801708,-0.16673657150067944,test_38060_47900,62,38060,47900,5,cosine,none
clay_v1_5_768d,47900,0.07784856116910925,0.11589491076877521,0.2832758845620804,C:\Users\Admin\Desktop\ShiXiaoYu\data\FineTuneResNet\city_prototypes_per_city\per_city_cluster_20260607_203113,C:\Users\Admin\Desktop\ShiXiaoYu\data\FineTuneResNet\expert_models_runs\expert_run_stage6_9_66fold_test_38060_47900_clay_v1_5_768d\predictions\step6_expert_summary_student_20260607_203148.json,C:\Users\Admin\Desktop\ShiXiaoYu\data\FineTuneResNet\expert_models_runs\expert_run_stage6_9_66fold_test_38060_47900_clay_v1_5_768d\predictions\evaluation_student_cbsa47900_knn_k5_none.json,C:\Users\Admin\Desktop\ShiXiaoYu\data\FineTuneResNet\expert_models_runs\expert_run_stage6_9_66fold_test_38060_47900_clay_v1_5_768d\predictions\predictions_student_cbsa47900_knn_k5_none.csv,C:\Users\Admin\Desktop\ShiXiaoYu\data\3.26plan_tripmode_v2_66fold\folds\test_38060_47900\logs\clay_v1_5_768d\train.log,C:\Users\Admin\Desktop\ShiXiaoYu\data\3.26plan_tripmode_v2_66fold\folds\test_38060_47900\logs\clay_v1_5_768d\inference.log,0.10458021000880395,0.14985911691485465,0.37363919064586903,0.07232700619575984,0.10498256940392894,0.26056246465680866,0.05663846730276397,0.09284304598754205,0.21562599838356356,test_38060_47900,62,38060,47900,5,cosine,none
prithvi_eo_v2_1024d,38060,0.03953497537119364,0.050575405576093885,-0.5751602547434481,C:\Users\Admin\Desktop\ShiXiaoYu\data\FineTuneResNet\city_prototypes_per_city\per_city_cluster_20260607_203245,C:\Users\Admin\Desktop\ShiXiaoYu\data\FineTuneResNet\expert_models_runs\expert_run_stage6_9_66fold_test_38060_47900_prithvi_eo_v2_1024d\predictions\step6_expert_summary_student_20260607_203319.json,C:\Users\Admin\Desktop\ShiXiaoYu\data\FineTuneResNet\expert_models_runs\expert_run_stage6_9_66fold_test_38060_47900_prithvi_eo_v2_1024d\predictions\evaluation_student_cbsa38060_knn_k5_none.json,C:\Users\Admin\Desktop\ShiXiaoYu\data\FineTuneResNet\expert_models_runs\expert_run_stage6_9_66fold_test_38060_47900_prithvi_eo_v2_1024d\predictions\predictions_student_cbsa38060_knn_k5_none.csv,C:\Users\Admin\Desktop\ShiXiaoYu\data\3.26plan_tripmode_v2_66fold\folds\test_38060_47900\logs\prithvi_eo_v2_1024d\train.log,C:\Users\Admin\Desktop\ShiXiaoYu\data\3.26plan_tripmode_v2_66fold\folds\test_38060_47900\logs\prithvi_eo_v2_1024d\inference.log,0.0505433607810522,0.06389754623685706,-0.19912280403958604,0.03599525579002363,0.04012434081961511,-1.523078703754397,0.03206630954250509,0.047704329671809494,-0.0032792564363612886,test_38060_47900,62,38060,47900,5,cosine,none
prithvi_eo_v2_1024d,47900,0.10207717689927387,0.14661153865123908,-0.10983493565801224,C:\Users\Admin\Desktop\ShiXiaoYu\data\FineTuneResNet\city_prototypes_per_city\per_city_cluster_20260607_203245,C:\Users\Admin\Desktop\ShiXiaoYu\data\FineTuneResNet\expert_models_runs\expert_run_stage6_9_66fold_test_38060_47900_prithvi_eo_v2_1024d\predictions\step6_expert_summary_student_20260607_203319.json,C:\Users\Admin\Desktop\ShiXiaoYu\data\FineTuneResNet\expert_models_runs\expert_run_stage6_9_66fold_test_38060_47900_prithvi_eo_v2_1024d\predictions\evaluation_student_cbsa47900_knn_k5_none.json,C:\Users\Admin\Desktop\ShiXiaoYu\data\FineTuneResNet\expert_models_runs\expert_run_stage6_9_66fold_test_38060_47900_prithvi_eo_v2_1024d\predictions\predictions_student_cbsa47900_knn_k5_none.csv,C:\Users\Admin\Desktop\ShiXiaoYu\data\3.26plan_tripmode_v2_66fold\folds\test_38060_47900\logs\prithvi_eo_v2_1024d\train.log,C:\Users\Admin\Desktop\ShiXiaoYu\data\3.26plan_tripmode_v2_66fold\folds\test_38060_47900\logs\prithvi_eo_v2_1024d\inference.log,0.14496706265731404,0.20158145880157538,-0.13333788367663857,0.09739980436443302,0.13209934749327984,-0.1707615253857293,0.06386466367607457,0.10615380965886204,-0.025405397911668848,test_38060_47900,62,38060,47900,5,cosine,none
imagenet_pretrain,38060,0.04349986422185428,0.055193643991566295,-0.9594335510997949,C:\Users\Admin\Desktop\ShiXiaoYu\data\FineTuneResNet\city_prototypes_per_city\per_city_cluster_20260607_203418,C:\Users\Admin\Desktop\ShiXiaoYu\data\FineTuneResNet\expert_models_runs\expert_run_stage6_9_66fold_test_38060_47900_imagenet_pretrain\predictions\step6_expert_summary_student_20260607_203500.json,C:\Users\Admin\Desktop\ShiXiaoYu\data\FineTuneResNet\expert_models_runs\expert_run_stage6_9_66fold_test_38060_47900_imagenet_pretrain\predictions\evaluation_student_cbsa38060_knn_k5_none.json,C:\Users\Admin\Desktop\ShiXiaoYu\data\FineTuneResNet\expert_models_runs\expert_run_stage6_9_66fold_test_38060_47900_imagenet_pretrain\predictions\predictions_student_cbsa38060_knn_k5_none.csv,C:\Users\Admin\Desktop\ShiXiaoYu\data\3.26plan_tripmode_v2_66fold\folds\test_38060_47900\logs\imagenet_pretrain\train.log,C:\Users\Admin\Desktop\ShiXiaoYu\data\3.26plan_tripmode_v2_66fold\folds\test_38060_47900\logs\imagenet_pretrain\inference.log,0.057662384821175514,0.07169554376199866,-0.509661661805342,0.040109182503540224,0.046404849541459806,-2.374750841634383,0.03272802534084709,0.04748053867124043,0.006111850140340769,test_38060_47900,62,38060,47900,5,cosine,none
imagenet_pretrain,47900,0.07895729249419788,0.12922161838702834,0.12388621669318882,C:\Users\Admin\Desktop\ShiXiaoYu\data\FineTuneResNet\city_prototypes_per_city\per_city_cluster_20260607_203418,C:\Users\Admin\Desktop\ShiXiaoYu\data\FineTuneResNet\expert_models_runs\expert_run_stage6_9_66fold_test_38060_47900_imagenet_pretrain\predictions\step6_expert_summary_student_20260607_203500.json,C:\Users\Admin\Desktop\ShiXiaoYu\data\FineTuneResNet\expert_models_runs\expert_run_stage6_9_66fold_test_38060_47900_imagenet_pretrain\predictions\evaluation_student_cbsa47900_knn_k5_none.json,C:\Users\Admin\Desktop\ShiXiaoYu\data\FineTuneResNet\expert_models_runs\expert_run_stage6_9_66fold_test_38060_47900_imagenet_pretrain\predictions\predictions_student_cbsa47900_knn_k5_none.csv,C:\Users\Admin\Desktop\ShiXiaoYu\data\3.26plan_tripmode_v2_66fold\folds\test_38060_47900\logs\imagenet_pretrain\train.log,C:\Users\Admin\Desktop\ShiXiaoYu\data\3.26plan_tripmode_v2_66fold\folds\test_38060_47900\logs\imagenet_pretrain\inference.log,0.10859267063578186,0.17231426345092496,0.1718658493284526,0.07498607001532868,0.11630773191965639,0.09242135084000869,0.05329313683148307,0.09904285979050365,0.10737144991110514,test_38060_47900,62,38060,47900,5,cosine,none
satellite_pretrain,38060,0.03993591135195428,0.05400862340828901,-0.9424089598490114,C:\Users\Admin\Desktop\ShiXiaoYu\data\FineTuneResNet\city_prototypes_per_city\per_city_cluster_20260607_203558,C:\Users\Admin\Desktop\ShiXiaoYu\data\FineTuneResNet\expert_models_runs\expert_run_stage6_9_66fold_test_38060_47900_satellite_pretrain\predictions\step6_expert_summary_student_20260607_203637.json,C:\Users\Admin\Desktop\ShiXiaoYu\data\FineTuneResNet\expert_models_runs\expert_run_stage6_9_66fold_test_38060_47900_satellite_pretrain\predictions\evaluation_student_cbsa38060_knn_k5_none.json,C:\Users\Admin\Desktop\ShiXiaoYu\data\FineTuneResNet\expert_models_runs\expert_run_stage6_9_66fold_test_38060_47900_satellite_pretrain\predictions\predictions_student_cbsa38060_knn_k5_none.csv,C:\Users\Admin\Desktop\ShiXiaoYu\data\3.26plan_tripmode_v2_66fold\folds\test_38060_47900\logs\satellite_pretrain\train.log,C:\Users\Admin\Desktop\ShiXiaoYu\data\3.26plan_tripmode_v2_66fold\folds\test_38060_47900\logs\satellite_pretrain\inference.log,0.05072298271860724,0.06676418995340029,-0.3091290753978353,0.03751779357775512,0.047278851851014374,-2.503070028212931,0.031566957759500476,0.04798282842045237,-0.015027775936268473,test_38060_47900,62,38060,47900,5,cosine,none
satellite_pretrain,47900,0.0803532234167815,0.12180212563469449,0.21120178446657567,C:\Users\Admin\Desktop\ShiXiaoYu\data\FineTuneResNet\city_prototypes_per_city\per_city_cluster_20260607_203558,C:\Users\Admin\Desktop\ShiXiaoYu\data\FineTuneResNet\expert_models_runs\expert_run_stage6_9_66fold_test_38060_47900_satellite_pretrain\predictions\step6_expert_summary_student_20260607_203637.json,C:\Users\Admin\Desktop\ShiXiaoYu\data\FineTuneResNet\expert_models_runs\expert_run_stage6_9_66fold_test_38060_47900_satellite_pretrain\predictions\evaluation_student_cbsa47900_knn_k5_none.json,C:\Users\Admin\Desktop\ShiXiaoYu\data\FineTuneResNet\expert_models_runs\expert_run_stage6_9_66fold_test_38060_47900_satellite_pretrain\predictions\predictions_student_cbsa47900_knn_k5_none.csv,C:\Users\Admin\Desktop\ShiXiaoYu\data\3.26plan_tripmode_v2_66fold\folds\test_38060_47900\logs\satellite_pretrain\train.log,C:\Users\Admin\Desktop\ShiXiaoYu\data\3.26plan_tripmode_v2_66fold\folds\test_38060_47900\logs\satellite_pretrain\inference.log,0.10935657219679112,0.15918013749920232,0.29329853846242526,0.07426122463903971,0.10824837020115326,0.21384201560295635,0.05744187341451366,0.09797786920372788,0.1264647993343454,test_38060_47900,62,38060,47900,5,cosine,none
single_task_backbone_finetune,38060,0.03601977988503521,0.04702393397286086,-0.3181543951734932,C:\Users\Admin\Desktop\ShiXiaoYu\data\FineTuneResNet\city_prototypes_per_city\per_city_cluster_20260607_203738,C:\Users\Admin\Desktop\ShiXiaoYu\data\FineTuneResNet\expert_models_runs\expert_run_stage6_9_66fold_test_38060_47900_single_task_backbone_finetune\predictions\step6_expert_summary_student_20260607_203819.json,C:\Users\Admin\Desktop\ShiXiaoYu\data\FineTuneResNet\expert_models_runs\expert_run_stage6_9_66fold_test_38060_47900_single_task_backbone_finetune\predictions\evaluation_student_cbsa38060_knn_k5_none.json,C:\Users\Admin\Desktop\ShiXiaoYu\data\FineTuneResNet\expert_models_runs\expert_run_stage6_9_66fold_test_38060_47900_single_task_backbone_finetune\predictions\predictions_student_cbsa38060_knn_k5_none.csv,C:\Users\Admin\Desktop\ShiXiaoYu\data\3.26plan_tripmode_v2_66fold\folds\test_38060_47900\logs\single_task_backbone_finetune\train.log,C:\Users\Admin\Desktop\ShiXiaoYu\data\3.26plan_tripmode_v2_66fold\folds\test_38060_47900\logs\single_task_backbone_finetune\inference.log,0.047338056838820815,0.0599901119777237,-0.056950492663438546,0.03063154884270384,0.035591347478032796,-0.9851980397357443,0.030089733973580977,0.045490342462826065,0.08768534687870322,test_38060_47900,62,38060,47900,5,cosine,none
single_task_backbone_finetune,47900,0.07625894570510287,0.11056222288764166,0.3289349093364628,C:\Users\Admin\Desktop\ShiXiaoYu\data\FineTuneResNet\city_prototypes_per_city\per_city_cluster_20260607_203738,C:\Users\Admin\Desktop\ShiXiaoYu\data\FineTuneResNet\expert_models_runs\expert_run_stage6_9_66fold_test_38060_47900_single_task_backbone_finetune\predictions\step6_expert_summary_student_20260607_203819.json,C:\Users\Admin\Desktop\ShiXiaoYu\data\FineTuneResNet\expert_models_runs\expert_run_stage6_9_66fold_test_38060_47900_single_task_backbone_finetune\predictions\evaluation_student_cbsa47900_knn_k5_none.json,C:\Users\Admin\Desktop\ShiXiaoYu\data\FineTuneResNet\expert_models_runs\expert_run_stage6_9_66fold_test_38060_47900_single_task_backbone_finetune\predictions\predictions_student_cbsa47900_knn_k5_none.csv,C:\Users\Admin\Desktop\ShiXiaoYu\data\3.26plan_tripmode_v2_66fold\folds\test_38060_47900\logs\single_task_backbone_finetune\train.log,C:\Users\Admin\Desktop\ShiXiaoYu\data\3.26plan_tripmode_v2_66fold\folds\test_38060_47900\logs\single_task_backbone_finetune\inference.log,0.09746317499400944,0.13712078211549664,0.4755974414507713,0.06826312145000418,0.09895779330214802,0.3429973799946552,0.063050540671295,0.09560809324528033,0.16820990656396195,test_38060_47900,62,38060,47900,5,cosine,none
aef_annual_64d,41860,0.09754322862424718,0.1307774479695867,0.287926879877725,C:\Users\Admin\Desktop\ShiXiaoYu\data\FineTuneResNet\city_prototypes_per_city\per_city_cluster_20260607_203911,C:\Users\Admin\Desktop\ShiXiaoYu\data\FineTuneResNet\expert_models_runs\expert_run_stage6_9_66fold_test_41860_42660_aef_annual_64d\predictions\step6_expert_summary_student_20260607_203933.json,C:\Users\Admin\Desktop\ShiXiaoYu\data\FineTuneResNet\expert_models_runs\expert_run_stage6_9_66fold_test_41860_42660_aef_annual_64d\predictions\evaluation_student_cbsa41860_knn_k5_none.json,C:\Users\Admin\Desktop\ShiXiaoYu\data\FineTuneResNet\expert_models_runs\expert_run_stage6_9_66fold_test_41860_42660_aef_annual_64d\predictions\predictions_student_cbsa41860_knn_k5_none.csv,C:\Users\Admin\Desktop\ShiXiaoYu\data\3.26plan_tripmode_v2_66fold\folds\test_41860_42660\logs\aef_annual_64d\train.log,C:\Users\Admin\Desktop\ShiXiaoYu\data\3.26plan_tripmode_v2_66fold\folds\test_41860_42660\logs\aef_annual_64d\inference.log,0.13017716057397513,0.16898244607138274,0.4061554810668979,0.08902085084400499,0.111230285763873,0.2022315393659193,0.07343167445476143,0.11211961207350435,0.25539361920035775,test_41860_42660,63,41860,42660,5,cosine,none
aef_annual_64d,42660,0.06254390826621843,0.08760842358790422,0.3747727992762591,C:\Users\Admin\Desktop\ShiXiaoYu\data\FineTuneResNet\city_prototypes_per_city\per_city_cluster_20260607_203911,C:\Users\Admin\Desktop\ShiXiaoYu\data\FineTuneResNet\expert_models_runs\expert_run_stage6_9_66fold_test_41860_42660_aef_annual_64d\predictions\step6_expert_summary_student_20260607_203933.json,C:\Users\Admin\Desktop\ShiXiaoYu\data\FineTuneResNet\expert_models_runs\expert_run_stage6_9_66fold_test_41860_42660_aef_annual_64d\predictions\evaluation_student_cbsa42660_knn_k5_none.json,C:\Users\Admin\Desktop\ShiXiaoYu\data\FineTuneResNet\expert_models_runs\expert_run_stage6_9_66fold_test_41860_42660_aef_annual_64d\predictions\predictions_student_cbsa42660_knn_k5_none.csv,C:\Users\Admin\Desktop\ShiXiaoYu\data\3.26plan_tripmode_v2_66fold\folds\test_41860_42660\logs\aef_annual_64d\train.log,C:\Users\Admin\Desktop\ShiXiaoYu\data\3.26plan_tripmode_v2_66fold\folds\test_41860_42660\logs\aef_annual_64d\inference.log,0.07930637994569739,0.10510436916614989,0.5722255078726062,0.05533532329026129,0.07578044480712048,0.20722662763112498,0.0529900215626966,0.08194045679044226,0.34486626232504625,test_41860_42660,63,41860,42660,5,cosine,none
clay_v1_5_768d,41860,0.10070017797827663,0.14018679801640804,0.16765280929325255,C:\Users\Admin\Desktop\ShiXiaoYu\data\FineTuneResNet\city_prototypes_per_city\per_city_cluster_20260607_204030,C:\Users\Admin\Desktop\ShiXiaoYu\data\FineTuneResNet\expert_models_runs\expert_run_stage6_9_66fold_test_41860_42660_clay_v1_5_768d\predictions\step6_expert_summary_student_20260607_204101.json,C:\Users\Admin\Desktop\ShiXiaoYu\data\FineTuneResNet\expert_models_runs\expert_run_stage6_9_66fold_test_41860_42660_clay_v1_5_768d\predictions\evaluation_student_cbsa41860_knn_k5_none.json,C:\Users\Admin\Desktop\ShiXiaoYu\data\FineTuneResNet\expert_models_runs\expert_run_stage6_9_66fold_test_41860_42660_clay_v1_5_768d\predictions\predictions_student_cbsa41860_knn_k5_none.csv,C:\Users\Admin\Desktop\ShiXiaoYu\data\3.26plan_tripmode_v2_66fold\folds\test_41860_42660\logs\clay_v1_5_768d\train.log,C:\Users\Admin\Desktop\ShiXiaoYu\data\3.26plan_tripmode_v2_66fold\folds\test_41860_42660\logs\clay_v1_5_768d\inference.log,0.1370316126299522,0.18586226239341158,0.253222898725483,0.08754431530184424,0.11586099874525624,0.11117901062978519,0.07752460600303344,0.11883713291055632,0.13855651852448947,test_41860_42660,63,41860,42660,5,cosine,none
clay_v1_5_768d,42660,0.07379879764988351,0.10539117414838062,0.12629374181644368,C:\Users\Admin\Desktop\ShiXiaoYu\data\FineTuneResNet\city_prototypes_per_city\per_city_cluster_20260607_204030,C:\Users\Admin\Desktop\ShiXiaoYu\data\FineTuneResNet\expert_models_runs\expert_run_stage6_9_66fold_test_41860_42660_clay_v1_5_768d\predictions\step6_expert_summary_student_20260607_204101.json,C:\Users\Admin\Desktop\ShiXiaoYu\data\FineTuneResNet\expert_models_runs\expert_run_stage6_9_66fold_test_41860_42660_clay_v1_5_768d\predictions\evaluation_student_cbsa42660_knn_k5_none.json,C:\Users\Admin\Desktop\ShiXiaoYu\data\FineTuneResNet\expert_models_runs\expert_run_stage6_9_66fold_test_41860_42660_clay_v1_5_768d\predictions\predictions_student_cbsa42660_knn_k5_none.csv,C:\Users\Admin\Desktop\ShiXiaoYu\data\3.26plan_tripmode_v2_66fold\folds\test_41860_42660\logs\clay_v1_5_768d\train.log,C:\Users\Admin\Desktop\ShiXiaoYu\data\3.26plan_tripmode_v2_66fold\folds\test_41860_42660\logs\clay_v1_5_768d\inference.log,0.10091175513589008,0.1368924321333304,0.27434160547356967,0.06402271187276405,0.08993088430104192,-0.11648394479876356,0.056461925940996395,0.08935020601076955,0.2210235647745249,test_41860_42660,63,41860,42660,5,cosine,none
prithvi_eo_v2_1024d,41860,0.11627060179972341,0.17564965258279727,-0.2906841820297515,C:\Users\Admin\Desktop\ShiXiaoYu\data\FineTuneResNet\city_prototypes_per_city\per_city_cluster_20260607_204159,C:\Users\Admin\Desktop\ShiXiaoYu\data\FineTuneResNet\expert_models_runs\expert_run_stage6_9_66fold_test_41860_42660_prithvi_eo_v2_1024d\predictions\step6_expert_summary_student_20260607_204229.json,C:\Users\Admin\Desktop\ShiXiaoYu\data\FineTuneResNet\expert_models_runs\expert_run_stage6_9_66fold_test_41860_42660_prithvi_eo_v2_1024d\predictions\evaluation_student_cbsa41860_knn_k5_none.json,C:\Users\Admin\Desktop\ShiXiaoYu\data\FineTuneResNet\expert_models_runs\expert_run_stage6_9_66fold_test_41860_42660_prithvi_eo_v2_1024d\predictions\predictions_student_cbsa41860_knn_k5_none.csv,C:\Users\Admin\Desktop\ShiXiaoYu\data\3.26plan_tripmode_v2_66fold\folds\test_41860_42660\logs\prithvi_eo_v2_1024d\train.log,C:\Users\Admin\Desktop\ShiXiaoYu\data\3.26plan_tripmode_v2_66fold\folds\test_41860_42660\logs\prithvi_eo_v2_1024d\inference.log,0.16232787719192035,0.24326302331149996,-0.27926569477852325,0.10755758091016965,0.15323674440420165,-0.5547680207554397,0.07892634729708024,0.1304491900326902,-0.03801883055529154,test_41860_42660,63,41860,42660,5,cosine,none
prithvi_eo_v2_1024d,42660,0.09353735165482126,0.12174064847688869,-0.14408606684606418,C:\Users\Admin\Desktop\ShiXiaoYu\data\FineTuneResNet\city_prototypes_per_city\per_city_cluster_20260607_204159,C:\Users\Admin\Desktop\ShiXiaoYu\data\FineTuneResNet\expert_models_runs\expert_run_stage6_9_66fold_test_41860_42660_prithvi_eo_v2_1024d\predictions\step6_expert_summary_student_20260607_204229.json,C:\Users\Admin\Desktop\ShiXiaoYu\data\FineTuneResNet\expert_models_runs\expert_run_stage6_9_66fold_test_41860_42660_prithvi_eo_v2_1024d\predictions\evaluation_student_cbsa42660_knn_k5_none.json,C:\Users\Admin\Desktop\ShiXiaoYu\data\FineTuneResNet\expert_models_runs\expert_run_stage6_9_66fold_test_41860_42660_prithvi_eo_v2_1024d\predictions\predictions_student_cbsa42660_knn_k5_none.csv,C:\Users\Admin\Desktop\ShiXiaoYu\data\3.26plan_tripmode_v2_66fold\folds\test_41860_42660\logs\prithvi_eo_v2_1024d\train.log,C:\Users\Admin\Desktop\ShiXiaoYu\data\3.26plan_tripmode_v2_66fold\folds\test_41860_42660\logs\prithvi_eo_v2_1024d\inference.log,0.13278962990396728,0.16559141115546566,-0.06181525091808937,0.0832237158517561,0.10244816642558827,-0.44891575361639924,0.06459870920874038,0.09718236784961216,0.07847280399629608,test_41860_42660,63,41860,42660,5,cosine,none
imagenet_pretrain,41860,0.10023095286104501,0.1498382037342421,0.06275839799057766,C:\Users\Admin\Desktop\ShiXiaoYu\data\FineTuneResNet\city_prototypes_per_city\per_city_cluster_20260607_204330,C:\Users\Admin\Desktop\ShiXiaoYu\data\FineTuneResNet\expert_models_runs\expert_run_stage6_9_66fold_test_41860_42660_imagenet_pretrain\predictions\step6_expert_summary_student_20260607_204408.json,C:\Users\Admin\Desktop\ShiXiaoYu\data\FineTuneResNet\expert_models_runs\expert_run_stage6_9_66fold_test_41860_42660_imagenet_pretrain\predictions\evaluation_student_cbsa41860_knn_k5_none.json,C:\Users\Admin\Desktop\ShiXiaoYu\data\FineTuneResNet\expert_models_runs\expert_run_stage6_9_66fold_test_41860_42660_imagenet_pretrain\predictions\predictions_student_cbsa41860_knn_k5_none.csv,C:\Users\Admin\Desktop\ShiXiaoYu\data\3.26plan_tripmode_v2_66fold\folds\test_41860_42660\logs\imagenet_pretrain\train.log,C:\Users\Admin\Desktop\ShiXiaoYu\data\3.26plan_tripmode_v2_66fold\folds\test_41860_42660\logs\imagenet_pretrain\inference.log,0.1405527562454781,0.20509258944462716,0.09069727867938304,0.08772250870682581,0.12386271087377686,-0.0158297501694451,0.07241759363083111,0.12055931088432227,0.11340766546179504,test_41860_42660,63,41860,42660,5,cosine,none
imagenet_pretrain,42660,0.0650733183151759,0.10440970440065571,0.16569936672169203,C:\Users\Admin\Desktop\ShiXiaoYu\data\FineTuneResNet\city_prototypes_per_city\per_city_cluster_20260607_204330,C:\Users\Admin\Desktop\ShiXiaoYu\data\FineTuneResNet\expert_models_runs\expert_run_stage6_9_66fold_test_41860_42660_imagenet_pretrain\predictions\step6_expert_summary_student_20260607_204408.json,C:\Users\Admin\Desktop\ShiXiaoYu\data\FineTuneResNet\expert_models_runs\expert_run_stage6_9_66fold_test_41860_42660_imagenet_pretrain\predictions\evaluation_student_cbsa42660_knn_k5_none.json,C:\Users\Admin\Desktop\ShiXiaoYu\data\FineTuneResNet\expert_models_runs\expert_run_stage6_9_66fold_test_41860_42660_imagenet_pretrain\predictions\predictions_student_cbsa42660_knn_k5_none.csv,C:\Users\Admin\Desktop\ShiXiaoYu\data\3.26plan_tripmode_v2_66fold\folds\test_41860_42660\logs\imagenet_pretrain\train.log,C:\Users\Admin\Desktop\ShiXiaoYu\data\3.26plan_tripmode_v2_66fold\folds\test_41860_42660\logs\imagenet_pretrain\inference.log,0.0898089328322352,0.13947527569542936,0.24670028770969743,0.055563533108100555,0.08198023197651949,0.07220283700132524,0.04984748900519196,0.09177360553001823,0.17819497545405338,test_41860_42660,63,41860,42660,5,cosine,none
satellite_pretrain,41860,0.10131320968218512,0.15155744756183373,0.043313857957738046,C:\Users\Admin\Desktop\ShiXiaoYu\data\FineTuneResNet\city_prototypes_per_city\per_city_cluster_20260607_204509,C:\Users\Admin\Desktop\ShiXiaoYu\data\FineTuneResNet\expert_models_runs\expert_run_stage6_9_66fold_test_41860_42660_satellite_pretrain\predictions\step6_expert_summary_student_20260607_204544.json,C:\Users\Admin\Desktop\ShiXiaoYu\data\FineTuneResNet\expert_models_runs\expert_run_stage6_9_66fold_test_41860_42660_satellite_pretrain\predictions\evaluation_student_cbsa41860_knn_k5_none.json,C:\Users\Admin\Desktop\ShiXiaoYu\data\FineTuneResNet\expert_models_runs\expert_run_stage6_9_66fold_test_41860_42660_satellite_pretrain\predictions\predictions_student_cbsa41860_knn_k5_none.csv,C:\Users\Admin\Desktop\ShiXiaoYu\data\3.26plan_tripmode_v2_66fold\folds\test_41860_42660\logs\satellite_pretrain\train.log,C:\Users\Admin\Desktop\ShiXiaoYu\data\3.26plan_tripmode_v2_66fold\folds\test_41860_42660\logs\satellite_pretrain\inference.log,0.14193250955835432,0.20823806266530723,0.06259172408989655,0.08732391399118249,0.12412235097386254,-0.020092963394595875,0.07468320549701858,0.12231192904633142,0.08744281317791347,test_41860_42660,63,41860,42660,5,cosine,none
satellite_pretrain,42660,0.08671833747557652,0.1170097091434638,-0.04217433945040838,C:\Users\Admin\Desktop\ShiXiaoYu\data\FineTuneResNet\city_prototypes_per_city\per_city_cluster_20260607_204509,C:\Users\Admin\Desktop\ShiXiaoYu\data\FineTuneResNet\expert_models_runs\expert_run_stage6_9_66fold_test_41860_42660_satellite_pretrain\predictions\step6_expert_summary_student_20260607_204544.json,C:\Users\Admin\Desktop\ShiXiaoYu\data\FineTuneResNet\expert_models_runs\expert_run_stage6_9_66fold_test_41860_42660_satellite_pretrain\predictions\evaluation_student_cbsa42660_knn_k5_none.json,C:\Users\Admin\Desktop\ShiXiaoYu\data\FineTuneResNet\expert_models_runs\expert_run_stage6_9_66fold_test_41860_42660_satellite_pretrain\predictions\predictions_student_cbsa42660_knn_k5_none.csv,C:\Users\Admin\Desktop\ShiXiaoYu\data\3.26plan_tripmode_v2_66fold\folds\test_41860_42660\logs\satellite_pretrain\train.log,C:\Users\Admin\Desktop\ShiXiaoYu\data\3.26plan_tripmode_v2_66fold\folds\test_41860_42660\logs\satellite_pretrain\inference.log,0.12271932610367269,0.15928362865014734,0.017538306418023453,0.075040373067023,0.09278941760586971,-0.1885888508176159,0.06239531325603386,0.09895608117437431,0.044527526048367294,test_41860_42660,63,41860,42660,5,cosine,none
single_task_backbone_finetune,41860,0.07898695831755433,0.11288923439187463,0.4549124227708725,C:\Users\Admin\Desktop\ShiXiaoYu\data\FineTuneResNet\city_prototypes_per_city\per_city_cluster_20260607_204644,C:\Users\Admin\Desktop\ShiXiaoYu\data\FineTuneResNet\expert_models_runs\expert_run_stage6_9_66fold_test_41860_42660_single_task_backbone_finetune\predictions\step6_expert_summary_student_20260607_204721.json,C:\Users\Admin\Desktop\ShiXiaoYu\data\FineTuneResNet\expert_models_runs\expert_run_stage6_9_66fold_test_41860_42660_single_task_backbone_finetune\predictions\evaluation_student_cbsa41860_knn_k5_none.json,C:\Users\Admin\Desktop\ShiXiaoYu\data\FineTuneResNet\expert_models_runs\expert_run_stage6_9_66fold_test_41860_42660_single_task_backbone_finetune\predictions\predictions_student_cbsa41860_knn_k5_none.csv,C:\Users\Admin\Desktop\ShiXiaoYu\data\3.26plan_tripmode_v2_66fold\folds\test_41860_42660\logs\single_task_backbone_finetune\train.log,C:\Users\Admin\Desktop\ShiXiaoYu\data\3.26plan_tripmode_v2_66fold\folds\test_41860_42660\logs\single_task_backbone_finetune\inference.log,0.1044269642621153,0.1470722662335959,0.5324047152941872,0.07053666365490058,0.09601433506272981,0.3896036566244758,0.061997247035647095,0.0955811018792982,0.4427288963939545,test_41860_42660,63,41860,42660,5,cosine,none
single_task_backbone_finetune,42660,0.06254899316569747,0.08846989293217809,0.39033926881706527,C:\Users\Admin\Desktop\ShiXiaoYu\data\FineTuneResNet\city_prototypes_per_city\per_city_cluster_20260607_204644,C:\Users\Admin\Desktop\ShiXiaoYu\data\FineTuneResNet\expert_models_runs\expert_run_stage6_9_66fold_test_41860_42660_single_task_backbone_finetune\predictions\step6_expert_summary_student_20260607_204721.json,C:\Users\Admin\Desktop\ShiXiaoYu\data\FineTuneResNet\expert_models_runs\expert_run_stage6_9_66fold_test_41860_42660_single_task_backbone_finetune\predictions\evaluation_student_cbsa42660_knn_k5_none.json,C:\Users\Admin\Desktop\ShiXiaoYu\data\FineTuneResNet\expert_models_runs\expert_run_stage6_9_66fold_test_41860_42660_single_task_backbone_finetune\predictions\predictions_student_cbsa42660_knn_k5_none.csv,C:\Users\Admin\Desktop\ShiXiaoYu\data\3.26plan_tripmode_v2_66fold\folds\test_41860_42660\logs\single_task_backbone_finetune\train.log,C:\Users\Admin\Desktop\ShiXiaoYu\data\3.26plan_tripmode_v2_66fold\folds\test_41860_42660\logs\single_task_backbone_finetune\inference.log,0.08427568183190581,0.11459540386504576,0.4914803451831209,0.053224356256252714,0.07171016228126258,0.29010165276374134,0.05014694140893386,0.07910411265022592,0.38943580850433357,test_41860_42660,63,41860,42660,5,cosine,none
aef_annual_64d,41860,0.09626001625943138,0.12944640255149736,0.3050386622019943,C:\Users\Admin\Desktop\ShiXiaoYu\data\FineTuneResNet\city_prototypes_per_city\per_city_cluster_20260607_204817,C:\Users\Admin\Desktop\ShiXiaoYu\data\FineTuneResNet\expert_models_runs\expert_run_stage6_9_66fold_test_41860_47900_aef_annual_64d\predictions\step6_expert_summary_student_20260607_204842.json,C:\Users\Admin\Desktop\ShiXiaoYu\data\FineTuneResNet\expert_models_runs\expert_run_stage6_9_66fold_test_41860_47900_aef_annual_64d\predictions\evaluation_student_cbsa41860_knn_k5_none.json,C:\Users\Admin\Desktop\ShiXiaoYu\data\FineTuneResNet\expert_models_runs\expert_run_stage6_9_66fold_test_41860_47900_aef_annual_64d\predictions\predictions_student_cbsa41860_knn_k5_none.csv,C:\Users\Admin\Desktop\ShiXiaoYu\data\3.26plan_tripmode_v2_66fold\folds\test_41860_47900\logs\aef_annual_64d\train.log,C:\Users\Admin\Desktop\ShiXiaoYu\data\3.26plan_tripmode_v2_66fold\folds\test_41860_47900\logs\aef_annual_64d\inference.log,0.12949073333993355,0.1682670237260947,0.4111731654910119,0.08607373513912556,0.10796285226446112,0.24841266010042884,0.07321558029923506,0.11210933166393626,0.2555301610145423,test_41860_47900,64,41860,47900,5,cosine,none
aef_annual_64d,47900,0.06247159348911155,0.09906479476275613,0.4686681981630621,C:\Users\Admin\Desktop\ShiXiaoYu\data\FineTuneResNet\city_prototypes_per_city\per_city_cluster_20260607_204817,C:\Users\Admin\Desktop\ShiXiaoYu\data\FineTuneResNet\expert_models_runs\expert_run_stage6_9_66fold_test_41860_47900_aef_annual_64d\predictions\step6_expert_summary_student_20260607_204842.json,C:\Users\Admin\Desktop\ShiXiaoYu\data\FineTuneResNet\expert_models_runs\expert_run_stage6_9_66fold_test_41860_47900_aef_annual_64d\predictions\evaluation_student_cbsa47900_knn_k5_none.json,C:\Users\Admin\Desktop\ShiXiaoYu\data\FineTuneResNet\expert_models_runs\expert_run_stage6_9_66fold_test_41860_47900_aef_annual_64d\predictions\predictions_student_cbsa47900_knn_k5_none.csv,C:\Users\Admin\Desktop\ShiXiaoYu\data\3.26plan_tripmode_v2_66fold\folds\test_41860_47900\logs\aef_annual_64d\train.log,C:\Users\Admin\Desktop\ShiXiaoYu\data\3.26plan_tripmode_v2_66fold\folds\test_41860_47900\logs\aef_annual_64d\inference.log,0.08161174912991563,0.12369742174672889,0.5732441003250095,0.06042240198724677,0.09436550288352501,0.40256093817542005,0.04538062935017225,0.07913145965801446,0.4301995559887568,test_41860_47900,64,41860,47900,5,cosine,none
clay_v1_5_768d,41860,0.10106457384559375,0.13977802682948684,0.1793964941164156,C:\Users\Admin\Desktop\ShiXiaoYu\data\FineTuneResNet\city_prototypes_per_city\per_city_cluster_20260607_204941,C:\Users\Admin\Desktop\ShiXiaoYu\data\FineTuneResNet\expert_models_runs\expert_run_stage6_9_66fold_test_41860_47900_clay_v1_5_768d\predictions\step6_expert_summary_student_20260607_205015.json,C:\Users\Admin\Desktop\ShiXiaoYu\data\FineTuneResNet\expert_models_runs\expert_run_stage6_9_66fold_test_41860_47900_clay_v1_5_768d\predictions\evaluation_student_cbsa41860_knn_k5_none.json,C:\Users\Admin\Desktop\ShiXiaoYu\data\FineTuneResNet\expert_models_runs\expert_run_stage6_9_66fold_test_41860_47900_clay_v1_5_768d\predictions\predictions_student_cbsa41860_knn_k5_none.csv,C:\Users\Admin\Desktop\ShiXiaoYu\data\3.26plan_tripmode_v2_66fold\folds\test_41860_47900\logs\clay_v1_5_768d\train.log,C:\Users\Admin\Desktop\ShiXiaoYu\data\3.26plan_tripmode_v2_66fold\folds\test_41860_47900\logs\clay_v1_5_768d\inference.log,0.1405771414637104,0.18824536319820007,0.2339499783111123,0.08518705636857389,0.11228457566065105,0.16520474814359454,0.07742952370449696,0.11880414162960948,0.13903475589453995,test_41860_47900,64,41860,47900,5,cosine,none
clay_v1_5_768d,47900,0.0788863430298689,0.11749817124719308,0.2626174454724393,C:\Users\Admin\Desktop\ShiXiaoYu\data\FineTuneResNet\city_prototypes_per_city\per_city_cluster_20260607_204941,C:\Users\Admin\Desktop\ShiXiaoYu\data\FineTuneResNet\expert_models_runs\expert_run_stage6_9_66fold_test_41860_47900_clay_v1_5_768d\predictions\step6_expert_summary_student_20260607_205015.json,C:\Users\Admin\Desktop\ShiXiaoYu\data\FineTuneResNet\expert_models_runs\expert_run_stage6_9_66fold_test_41860_47900_clay_v1_5_768d\predictions\evaluation_student_cbsa47900_knn_k5_none.json,C:\Users\Admin\Desktop\ShiXiaoYu\data\FineTuneResNet\expert_models_runs\expert_run_stage6_9_66fold_test_41860_47900_clay_v1_5_768d\predictions\predictions_student_cbsa47900_knn_k5_none.csv,C:\Users\Admin\Desktop\ShiXiaoYu\data\3.26plan_tripmode_v2_66fold\folds\test_41860_47900\logs\clay_v1_5_768d\train.log,C:\Users\Admin\Desktop\ShiXiaoYu\data\3.26plan_tripmode_v2_66fold\folds\test_41860_47900\logs\clay_v1_5_768d\inference.log,0.1053313393726412,0.15156527768759187,0.3592956427339956,0.07284900646356499,0.10682672865050537,0.23435587319865936,0.05847868325340049,0.09410250740348201,0.19420082048466292,test_41860_47900,64,41860,47900,5,cosine,none
prithvi_eo_v2_1024d,41860,0.12163179037339196,0.18443711137762178,-0.4170709072379207,C:\Users\Admin\Desktop\ShiXiaoYu\data\FineTuneResNet\city_prototypes_per_city\per_city_cluster_20260607_205114,C:\Users\Admin\Desktop\ShiXiaoYu\data\FineTuneResNet\expert_models_runs\expert_run_stage6_9_66fold_test_41860_47900_prithvi_eo_v2_1024d\predictions\step6_expert_summary_student_20260607_205149.json,C:\Users\Admin\Desktop\ShiXiaoYu\data\FineTuneResNet\expert_models_runs\expert_run_stage6_9_66fold_test_41860_47900_prithvi_eo_v2_1024d\predictions\evaluation_student_cbsa41860_knn_k5_none.json,C:\Users\Admin\Desktop\ShiXiaoYu\data\FineTuneResNet\expert_models_runs\expert_run_stage6_9_66fold_test_41860_47900_prithvi_eo_v2_1024d\predictions\predictions_student_cbsa41860_knn_k5_none.csv,C:\Users\Admin\Desktop\ShiXiaoYu\data\3.26plan_tripmode_v2_66fold\folds\test_41860_47900\logs\prithvi_eo_v2_1024d\train.log,C:\Users\Admin\Desktop\ShiXiaoYu\data\3.26plan_tripmode_v2_66fold\folds\test_41860_47900\logs\prithvi_eo_v2_1024d\inference.log,0.17344104822697634,0.25894238164710975,-0.44948868766076533,0.1144419273558856,0.16108402418976392,-0.7180852416112664,0.077012395537314,0.13328492829599173,-0.08363879244173034,test_41860_47900,64,41860,47900,5,cosine,none
prithvi_eo_v2_1024d,47900,0.10524389939788292,0.15395604646853536,-0.2188771133291061,C:\Users\Admin\Desktop\ShiXiaoYu\data\FineTuneResNet\city_prototypes_per_city\per_city_cluster_20260607_205114,C:\Users\Admin\Desktop\ShiXiaoYu\data\FineTuneResNet\expert_models_runs\expert_run_stage6_9_66fold_test_41860_47900_prithvi_eo_v2_1024d\predictions\step6_expert_summary_student_20260607_205149.json,C:\Users\Admin\Desktop\ShiXiaoYu\data\FineTuneResNet\expert_models_runs\expert_run_stage6_9_66fold_test_41860_47900_prithvi_eo_v2_1024d\predictions\evaluation_student_cbsa47900_knn_k5_none.json,C:\Users\Admin\Desktop\ShiXiaoYu\data\FineTuneResNet\expert_models_runs\expert_run_stage6_9_66fold_test_41860_47900_prithvi_eo_v2_1024d\predictions\predictions_student_cbsa47900_knn_k5_none.csv,C:\Users\Admin\Desktop\ShiXiaoYu\data\3.26plan_tripmode_v2_66fold\folds\test_41860_47900\logs\prithvi_eo_v2_1024d\train.log,C:\Users\Admin\Desktop\ShiXiaoYu\data\3.26plan_tripmode_v2_66fold\folds\test_41860_47900\logs\prithvi_eo_v2_1024d\inference.log,0.1499529162425343,0.21342347835567763,-0.2704062623539194,0.10000825785277047,0.13901280295028992,-0.29651246762190353,0.06577052409834397,0.10943185809963854,-0.08971261001149533,test_41860_47900,64,41860,47900,5,cosine,none
imagenet_pretrain,41860,0.1010926179269482,0.15192949875959066,0.03793427225588201,C:\Users\Admin\Desktop\ShiXiaoYu\data\FineTuneResNet\city_prototypes_per_city\per_city_cluster_20260607_205252,C:\Users\Admin\Desktop\ShiXiaoYu\data\FineTuneResNet\expert_models_runs\expert_run_stage6_9_66fold_test_41860_47900_imagenet_pretrain\predictions\step6_expert_summary_student_20260607_205334.json,C:\Users\Admin\Desktop\ShiXiaoYu\data\FineTuneResNet\expert_models_runs\expert_run_stage6_9_66fold_test_41860_47900_imagenet_pretrain\predictions\evaluation_student_cbsa41860_knn_k5_none.json,C:\Users\Admin\Desktop\ShiXiaoYu\data\FineTuneResNet\expert_models_runs\expert_run_stage6_9_66fold_test_41860_47900_imagenet_pretrain\predictions\predictions_student_cbsa41860_knn_k5_none.csv,C:\Users\Admin\Desktop\ShiXiaoYu\data\3.26plan_tripmode_v2_66fold\folds\test_41860_47900\logs\imagenet_pretrain\train.log,C:\Users\Admin\Desktop\ShiXiaoYu\data\3.26plan_tripmode_v2_66fold\folds\test_41860_47900\logs\imagenet_pretrain\inference.log,0.1418804379973363,0.20850689872553171,0.060169767058303014,0.0881095784584414,0.12480910477765675,-0.03141229071376683,0.07328783732506687,0.12247249277558352,0.08504534042310985,test_41860_47900,64,41860,47900,5,cosine,none
imagenet_pretrain,47900,0.0786110073990482,0.13081655644659243,0.10480752119632852,C:\Users\Admin\Desktop\ShiXiaoYu\data\FineTuneResNet\city_prototypes_per_city\per_city_cluster_20260607_205252,C:\Users\Admin\Desktop\ShiXiaoYu\data\FineTuneResNet\expert_models_runs\expert_run_stage6_9_66fold_test_41860_47900_imagenet_pretrain\predictions\step6_expert_summary_student_20260607_205334.json,C:\Users\Admin\Desktop\ShiXiaoYu\data\FineTuneResNet\expert_models_runs\expert_run_stage6_9_66fold_test_41860_47900_imagenet_pretrain\predictions\evaluation_student_cbsa47900_knn_k5_none.json,C:\Users\Admin\Desktop\ShiXiaoYu\data\FineTuneResNet\expert_models_runs\expert_run_stage6_9_66fold_test_41860_47900_imagenet_pretrain\predictions\predictions_student_cbsa47900_knn_k5_none.csv,C:\Users\Admin\Desktop\ShiXiaoYu\data\3.26plan_tripmode_v2_66fold\folds\test_41860_47900\logs\imagenet_pretrain\train.log,C:\Users\Admin\Desktop\ShiXiaoYu\data\3.26plan_tripmode_v2_66fold\folds\test_41860_47900\logs\imagenet_pretrain\inference.log,0.10811151488464876,0.17525240447977974,0.14338394674580768,0.07523773298986731,0.11829154348352074,0.0611969451576726,0.05248377432262852,0.09890572137647681,0.1098416716855053,test_41860_47900,64,41860,47900,5,cosine,none
satellite_pretrain,41860,0.10168680203213394,0.152015125340451,0.030887441983463937,C:\Users\Admin\Desktop\ShiXiaoYu\data\FineTuneResNet\city_prototypes_per_city\per_city_cluster_20260607_205435,C:\Users\Admin\Desktop\ShiXiaoYu\data\FineTuneResNet\expert_models_runs\expert_run_stage6_9_66fold_test_41860_47900_satellite_pretrain\predictions\step6_expert_summary_student_20260607_205514.json,C:\Users\Admin\Desktop\ShiXiaoYu\data\FineTuneResNet\expert_models_runs\expert_run_stage6_9_66fold_test_41860_47900_satellite_pretrain\predictions\evaluation_student_cbsa41860_knn_k5_none.json,C:\Users\Admin\Desktop\ShiXiaoYu\data\FineTuneResNet\expert_models_runs\expert_run_stage6_9_66fold_test_41860_47900_satellite_pretrain\predictions\predictions_student_cbsa41860_knn_k5_none.csv,C:\Users\Admin\Desktop\ShiXiaoYu\data\3.26plan_tripmode_v2_66fold\folds\test_41860_47900\logs\satellite_pretrain\train.log,C:\Users\Admin\Desktop\ShiXiaoYu\data\3.26plan_tripmode_v2_66fold\folds\test_41860_47900\logs\satellite_pretrain\inference.log,0.14044353255341455,0.2059189010670669,0.08335541394538615,0.08813067155829164,0.12578188958214034,-0.04755297725958729,0.0764862019846956,0.12434458537214584,0.056859889264592955,test_41860_47900,64,41860,47900,5,cosine,none
satellite_pretrain,47900,0.0793082356316961,0.12175582934192845,0.21198653535188797,C:\Users\Admin\Desktop\ShiXiaoYu\data\FineTuneResNet\city_prototypes_per_city\per_city_cluster_20260607_205435,C:\Users\Admin\Desktop\ShiXiaoYu\data\FineTuneResNet\expert_models_runs\expert_run_stage6_9_66fold_test_41860_47900_satellite_pretrain\predictions\step6_expert_summary_student_20260607_205514.json,C:\Users\Admin\Desktop\ShiXiaoYu\data\FineTuneResNet\expert_models_runs\expert_run_stage6_9_66fold_test_41860_47900_satellite_pretrain\predictions\evaluation_student_cbsa47900_knn_k5_none.json,C:\Users\Admin\Desktop\ShiXiaoYu\data\FineTuneResNet\expert_models_runs\expert_run_stage6_9_66fold_test_41860_47900_satellite_pretrain\predictions\predictions_student_cbsa47900_knn_k5_none.csv,C:\Users\Admin\Desktop\ShiXiaoYu\data\3.26plan_tripmode_v2_66fold\folds\test_41860_47900\logs\satellite_pretrain\train.log,C:\Users\Admin\Desktop\ShiXiaoYu\data\3.26plan_tripmode_v2_66fold\folds\test_41860_47900\logs\satellite_pretrain\inference.log,0.10837451912577972,0.15951460127936568,0.29032562528302586,0.07279191229634772,0.10732931752265543,0.2271346576971629,0.056758275472960855,0.09842356922376427,0.11849932307547517,test_41860_47900,64,41860,47900,5,cosine,none
single_task_backbone_finetune,41860,0.0796269827585976,0.11076141380469219,0.46034796876410417,C:\Users\Admin\Desktop\ShiXiaoYu\data\FineTuneResNet\city_prototypes_per_city\per_city_cluster_20260607_205616,C:\Users\Admin\Desktop\ShiXiaoYu\data\FineTuneResNet\expert_models_runs\expert_run_stage6_9_66fold_test_41860_47900_single_task_backbone_finetune\predictions\step6_expert_summary_student_20260607_205657.json,C:\Users\Admin\Desktop\ShiXiaoYu\data\FineTuneResNet\expert_models_runs\expert_run_stage6_9_66fold_test_41860_47900_single_task_backbone_finetune\predictions\evaluation_student_cbsa41860_knn_k5_none.json,C:\Users\Admin\Desktop\ShiXiaoYu\data\FineTuneResNet\expert_models_runs\expert_run_stage6_9_66fold_test_41860_47900_single_task_backbone_finetune\predictions\predictions_student_cbsa41860_knn_k5_none.csv,C:\Users\Admin\Desktop\ShiXiaoYu\data\3.26plan_tripmode_v2_66fold\folds\test_41860_47900\logs\single_task_backbone_finetune\train.log,C:\Users\Admin\Desktop\ShiXiaoYu\data\3.26plan_tripmode_v2_66fold\folds\test_41860_47900\logs\single_task_backbone_finetune\inference.log,0.1007066853212337,0.13747092360866064,0.5914640727436631,0.07357099492456028,0.09996489320709437,0.3383401550676396,0.06460326802999884,0.09484842459832156,0.4512396784810099,test_41860_47900,64,41860,47900,5,cosine,none
single_task_backbone_finetune,47900,0.07586213217559733,0.11087981789986756,0.320449716019014,C:\Users\Admin\Desktop\ShiXiaoYu\data\FineTuneResNet\city_prototypes_per_city\per_city_cluster_20260607_205616,C:\Users\Admin\Desktop\ShiXiaoYu\data\FineTuneResNet\expert_models_runs\expert_run_stage6_9_66fold_test_41860_47900_single_task_backbone_finetune\predictions\step6_expert_summary_student_20260607_205657.json,C:\Users\Admin\Desktop\ShiXiaoYu\data\FineTuneResNet\expert_models_runs\expert_run_stage6_9_66fold_test_41860_47900_single_task_backbone_finetune\predictions\evaluation_student_cbsa47900_knn_k5_none.json,C:\Users\Admin\Desktop\ShiXiaoYu\data\FineTuneResNet\expert_models_runs\expert_run_stage6_9_66fold_test_41860_47900_single_task_backbone_finetune\predictions\predictions_student_cbsa47900_knn_k5_none.csv,C:\Users\Admin\Desktop\ShiXiaoYu\data\3.26plan_tripmode_v2_66fold\folds\test_41860_47900\logs\single_task_backbone_finetune\train.log,C:\Users\Admin\Desktop\ShiXiaoYu\data\3.26plan_tripmode_v2_66fold\folds\test_41860_47900\logs\single_task_backbone_finetune\inference.log,0.09571365862544375,0.1356821360261897,0.48654358702479905,0.06841492078208736,0.10027539515798482,0.3253852054781734,0.06345781711926085,0.09668192251542816,0.14942035555406963,test_41860_47900,64,41860,47900,5,cosine,none
aef_annual_64d,42660,0.06231207745484104,0.0873822008524024,0.38436523447641946,C:\Users\Admin\Desktop\ShiXiaoYu\data\FineTuneResNet\city_prototypes_per_city\per_city_cluster_20260607_205752,C:\Users\Admin\Desktop\ShiXiaoYu\data\FineTuneResNet\expert_models_runs\expert_run_stage6_9_66fold_test_42660_47900_aef_annual_64d\predictions\step6_expert_summary_student_20260607_205817.json,C:\Users\Admin\Desktop\ShiXiaoYu\data\FineTuneResNet\expert_models_runs\expert_run_stage6_9_66fold_test_42660_47900_aef_annual_64d\predictions\evaluation_student_cbsa42660_knn_k5_none.json,C:\Users\Admin\Desktop\ShiXiaoYu\data\FineTuneResNet\expert_models_runs\expert_run_stage6_9_66fold_test_42660_47900_aef_annual_64d\predictions\predictions_student_cbsa42660_knn_k5_none.csv,C:\Users\Admin\Desktop\ShiXiaoYu\data\3.26plan_tripmode_v2_66fold\folds\test_42660_47900\logs\aef_annual_64d\train.log,C:\Users\Admin\Desktop\ShiXiaoYu\data\3.26plan_tripmode_v2_66fold\folds\test_42660_47900\logs\aef_annual_64d\inference.log,0.08149028281957636,0.10660923730933644,0.5598881954292323,0.054337031295696045,0.07446016544852228,0.23461006272299612,0.05110891824925072,0.08107719979934849,0.3585974452770301,test_42660_47900,65,42660,47900,5,cosine,none
aef_annual_64d,47900,0.06387629632088702,0.10035032165061097,0.455294670900803,C:\Users\Admin\Desktop\ShiXiaoYu\data\FineTuneResNet\city_prototypes_per_city\per_city_cluster_20260607_205752,C:\Users\Admin\Desktop\ShiXiaoYu\data\FineTuneResNet\expert_models_runs\expert_run_stage6_9_66fold_test_42660_47900_aef_annual_64d\predictions\step6_expert_summary_student_20260607_205817.json,C:\Users\Admin\Desktop\ShiXiaoYu\data\FineTuneResNet\expert_models_runs\expert_run_stage6_9_66fold_test_42660_47900_aef_annual_64d\predictions\evaluation_student_cbsa47900_knn_k5_none.json,C:\Users\Admin\Desktop\ShiXiaoYu\data\FineTuneResNet\expert_models_runs\expert_run_stage6_9_66fold_test_42660_47900_aef_annual_64d\predictions\predictions_student_cbsa47900_knn_k5_none.csv,C:\Users\Admin\Desktop\ShiXiaoYu\data\3.26plan_tripmode_v2_66fold\folds\test_42660_47900\logs\aef_annual_64d\train.log,C:\Users\Admin\Desktop\ShiXiaoYu\data\3.26plan_tripmode_v2_66fold\folds\test_42660_47900\logs\aef_annual_64d\inference.log,0.08377516045218861,0.12588304391742566,0.5580300826450321,0.060920016250529924,0.09408366718731392,0.4061242786795326,0.04693371225994255,0.08108425384709331,0.40172965137784433,test_42660_47900,65,42660,47900,5,cosine,none
clay_v1_5_768d,42660,0.07012628753142275,0.10351312090268633,0.16577202980657335,C:\Users\Admin\Desktop\ShiXiaoYu\data\FineTuneResNet\city_prototypes_per_city\per_city_cluster_20260607_205915,C:\Users\Admin\Desktop\ShiXiaoYu\data\FineTuneResNet\expert_models_runs\expert_run_stage6_9_66fold_test_42660_47900_clay_v1_5_768d\predictions\step6_expert_summary_student_20260607_205948.json,C:\Users\Admin\Desktop\ShiXiaoYu\data\FineTuneResNet\expert_models_runs\expert_run_stage6_9_66fold_test_42660_47900_clay_v1_5_768d\predictions\evaluation_student_cbsa42660_knn_k5_none.json,C:\Users\Admin\Desktop\ShiXiaoYu\data\FineTuneResNet\expert_models_runs\expert_run_stage6_9_66fold_test_42660_47900_clay_v1_5_768d\predictions\predictions_student_cbsa42660_knn_k5_none.csv,C:\Users\Admin\Desktop\ShiXiaoYu\data\3.26plan_tripmode_v2_66fold\folds\test_42660_47900\logs\clay_v1_5_768d\train.log,C:\Users\Admin\Desktop\ShiXiaoYu\data\3.26plan_tripmode_v2_66fold\folds\test_42660_47900\logs\clay_v1_5_768d\inference.log,0.09633634823837722,0.13533107527966998,0.2908005182502921,0.05912599050898841,0.08534757079396091,-0.005581056733857892,0.054916523846902605,0.08986071663442809,0.21209662790328587,test_42660_47900,65,42660,47900,5,cosine,none
clay_v1_5_768d,47900,0.08015435108928445,0.1202443327242091,0.2326833861506691,C:\Users\Admin\Desktop\ShiXiaoYu\data\FineTuneResNet\city_prototypes_per_city\per_city_cluster_20260607_205915,C:\Users\Admin\Desktop\ShiXiaoYu\data\FineTuneResNet\expert_models_runs\expert_run_stage6_9_66fold_test_42660_47900_clay_v1_5_768d\predictions\step6_expert_summary_student_20260607_205948.json,C:\Users\Admin\Desktop\ShiXiaoYu\data\FineTuneResNet\expert_models_runs\expert_run_stage6_9_66fold_test_42660_47900_clay_v1_5_768d\predictions\evaluation_student_cbsa47900_knn_k5_none.json,C:\Users\Admin\Desktop\ShiXiaoYu\data\FineTuneResNet\expert_models_runs\expert_run_stage6_9_66fold_test_42660_47900_clay_v1_5_768d\predictions\predictions_student_cbsa47900_knn_k5_none.csv,C:\Users\Admin\Desktop\ShiXiaoYu\data\3.26plan_tripmode_v2_66fold\folds\test_42660_47900\logs\clay_v1_5_768d\train.log,C:\Users\Admin\Desktop\ShiXiaoYu\data\3.26plan_tripmode_v2_66fold\folds\test_42660_47900\logs\clay_v1_5_768d\inference.log,0.10933574345120597,0.15816296454332257,0.3023014318235858,0.07334663218535112,0.10547595857078501,0.2535958268053531,0.05778067763129626,0.09709407505851975,0.14215289982306845,test_42660_47900,65,42660,47900,5,cosine,none
prithvi_eo_v2_1024d,42660,0.09454133066927943,0.12201327397442745,-0.14554892834042424,C:\Users\Admin\Desktop\ShiXiaoYu\data\FineTuneResNet\city_prototypes_per_city\per_city_cluster_20260607_210046,C:\Users\Admin\Desktop\ShiXiaoYu\data\FineTuneResNet\expert_models_runs\expert_run_stage6_9_66fold_test_42660_47900_prithvi_eo_v2_1024d\predictions\step6_expert_summary_student_20260607_210119.json,C:\Users\Admin\Desktop\ShiXiaoYu\data\FineTuneResNet\expert_models_runs\expert_run_stage6_9_66fold_test_42660_47900_prithvi_eo_v2_1024d\predictions\evaluation_student_cbsa42660_knn_k5_none.json,C:\Users\Admin\Desktop\ShiXiaoYu\data\FineTuneResNet\expert_models_runs\expert_run_stage6_9_66fold_test_42660_47900_prithvi_eo_v2_1024d\predictions\predictions_student_cbsa42660_knn_k5_none.csv,C:\Users\Admin\Desktop\ShiXiaoYu\data\3.26plan_tripmode_v2_66fold\folds\test_42660_47900\logs\prithvi_eo_v2_1024d\train.log,C:\Users\Admin\Desktop\ShiXiaoYu\data\3.26plan_tripmode_v2_66fold\folds\test_42660_47900\logs\prithvi_eo_v2_1024d\inference.log,0.13410553357256266,0.16614762376275322,-0.06896039103673202,0.08274110721553561,0.10159630353763545,-0.42492028246733127,0.06677735121974,0.0982958946228937,0.05723388848279054,test_42660_47900,65,42660,47900,5,cosine,none
prithvi_eo_v2_1024d,47900,0.10278421434724715,0.14811963983612406,-0.13483303047348852,C:\Users\Admin\Desktop\ShiXiaoYu\data\FineTuneResNet\city_prototypes_per_city\per_city_cluster_20260607_210046,C:\Users\Admin\Desktop\ShiXiaoYu\data\FineTuneResNet\expert_models_runs\expert_run_stage6_9_66fold_test_42660_47900_prithvi_eo_v2_1024d\predictions\step6_expert_summary_student_20260607_210119.json,C:\Users\Admin\Desktop\ShiXiaoYu\data\FineTuneResNet\expert_models_runs\expert_run_stage6_9_66fold_test_42660_47900_prithvi_eo_v2_1024d\predictions\evaluation_student_cbsa47900_knn_k5_none.json,C:\Users\Admin\Desktop\ShiXiaoYu\data\FineTuneResNet\expert_models_runs\expert_run_stage6_9_66fold_test_42660_47900_prithvi_eo_v2_1024d\predictions\predictions_student_cbsa47900_knn_k5_none.csv,C:\Users\Admin\Desktop\ShiXiaoYu\data\3.26plan_tripmode_v2_66fold\folds\test_42660_47900\logs\prithvi_eo_v2_1024d\train.log,C:\Users\Admin\Desktop\ShiXiaoYu\data\3.26plan_tripmode_v2_66fold\folds\test_42660_47900\logs\prithvi_eo_v2_1024d\inference.log,0.1450791012482997,0.2027476895123209,-0.14648945859035778,0.09769975290482535,0.1342816054068998,-0.209762579228864,0.06557378888861637,0.10732962458915152,-0.04824705360124382,test_42660_47900,65,42660,47900,5,cosine,none
imagenet_pretrain,42660,0.0652731290757486,0.10455849794584814,0.16262756539911646,C:\Users\Admin\Desktop\ShiXiaoYu\data\FineTuneResNet\city_prototypes_per_city\per_city_cluster_20260607_210220,C:\Users\Admin\Desktop\ShiXiaoYu\data\FineTuneResNet\expert_models_runs\expert_run_stage6_9_66fold_test_42660_47900_imagenet_pretrain\predictions\step6_expert_summary_student_20260607_210300.json,C:\Users\Admin\Desktop\ShiXiaoYu\data\FineTuneResNet\expert_models_runs\expert_run_stage6_9_66fold_test_42660_47900_imagenet_pretrain\predictions\evaluation_student_cbsa42660_knn_k5_none.json,C:\Users\Admin\Desktop\ShiXiaoYu\data\FineTuneResNet\expert_models_runs\expert_run_stage6_9_66fold_test_42660_47900_imagenet_pretrain\predictions\predictions_student_cbsa42660_knn_k5_none.csv,C:\Users\Admin\Desktop\ShiXiaoYu\data\3.26plan_tripmode_v2_66fold\folds\test_42660_47900\logs\imagenet_pretrain\train.log,C:\Users\Admin\Desktop\ShiXiaoYu\data\3.26plan_tripmode_v2_66fold\folds\test_42660_47900\logs\imagenet_pretrain\inference.log,0.08987708479152194,0.1399974645980053,0.24104909085475756,0.0559504804008101,0.08296979822494967,0.04966916190954973,0.04999182203491379,0.09070823101458943,0.19716444343304207,test_42660_47900,65,42660,47900,5,cosine,none
imagenet_pretrain,47900,0.08009754624104078,0.13189971781492002,0.08929869342643822,C:\Users\Admin\Desktop\ShiXiaoYu\data\FineTuneResNet\city_prototypes_per_city\per_city_cluster_20260607_210220,C:\Users\Admin\Desktop\ShiXiaoYu\data\FineTuneResNet\expert_models_runs\expert_run_stage6_9_66fold_test_42660_47900_imagenet_pretrain\predictions\step6_expert_summary_student_20260607_210300.json,C:\Users\Admin\Desktop\ShiXiaoYu\data\FineTuneResNet\expert_models_runs\expert_run_stage6_9_66fold_test_42660_47900_imagenet_pretrain\predictions\evaluation_student_cbsa47900_knn_k5_none.json,C:\Users\Admin\Desktop\ShiXiaoYu\data\FineTuneResNet\expert_models_runs\expert_run_stage6_9_66fold_test_42660_47900_imagenet_pretrain\predictions\predictions_student_cbsa47900_knn_k5_none.csv,C:\Users\Admin\Desktop\ShiXiaoYu\data\3.26plan_tripmode_v2_66fold\folds\test_42660_47900\logs\imagenet_pretrain\train.log,C:\Users\Admin\Desktop\ShiXiaoYu\data\3.26plan_tripmode_v2_66fold\folds\test_42660_47900\logs\imagenet_pretrain\inference.log,0.11061567239769214,0.17697528713817612,0.12645860545854848,0.07541311808658882,0.11753505186365457,0.0731661141692006,0.05426384823884138,0.10118881444292938,0.06827136065156558,test_42660_47900,65,42660,47900,5,cosine,none
satellite_pretrain,42660,0.08273680145957903,0.11389331259650115,0.011684157917097537,C:\Users\Admin\Desktop\ShiXiaoYu\data\FineTuneResNet\city_prototypes_per_city\per_city_cluster_20260607_210359,C:\Users\Admin\Desktop\ShiXiaoYu\data\FineTuneResNet\expert_models_runs\expert_run_stage6_9_66fold_test_42660_47900_satellite_pretrain\predictions\step6_expert_summary_student_20260607_210436.json,C:\Users\Admin\Desktop\ShiXiaoYu\data\FineTuneResNet\expert_models_runs\expert_run_stage6_9_66fold_test_42660_47900_satellite_pretrain\predictions\evaluation_student_cbsa42660_knn_k5_none.json,C:\Users\Admin\Desktop\ShiXiaoYu\data\FineTuneResNet\expert_models_runs\expert_run_stage6_9_66fold_test_42660_47900_satellite_pretrain\predictions\predictions_student_cbsa42660_knn_k5_none.csv,C:\Users\Admin\Desktop\ShiXiaoYu\data\3.26plan_tripmode_v2_66fold\folds\test_42660_47900\logs\satellite_pretrain\train.log,C:\Users\Admin\Desktop\ShiXiaoYu\data\3.26plan_tripmode_v2_66fold\folds\test_42660_47900\logs\satellite_pretrain\inference.log,0.11710118951059033,0.1537940453157381,0.08409087555890116,0.07082561351233957,0.08926804400026808,-0.10008639085955195,0.06028360135580717,0.09861784847349726,0.05104798905194341,test_42660_47900,65,42660,47900,5,cosine,none
satellite_pretrain,47900,0.07888828116282999,0.11821115055772104,0.251503375696187,C:\Users\Admin\Desktop\ShiXiaoYu\data\FineTuneResNet\city_prototypes_per_city\per_city_cluster_20260607_210359,C:\Users\Admin\Desktop\ShiXiaoYu\data\FineTuneResNet\expert_models_runs\expert_run_stage6_9_66fold_test_42660_47900_satellite_pretrain\predictions\step6_expert_summary_student_20260607_210436.json,C:\Users\Admin\Desktop\ShiXiaoYu\data\FineTuneResNet\expert_models_runs\expert_run_stage6_9_66fold_test_42660_47900_satellite_pretrain\predictions\evaluation_student_cbsa47900_knn_k5_none.json,C:\Users\Admin\Desktop\ShiXiaoYu\data\FineTuneResNet\expert_models_runs\expert_run_stage6_9_66fold_test_42660_47900_satellite_pretrain\predictions\predictions_student_cbsa47900_knn_k5_none.csv,C:\Users\Admin\Desktop\ShiXiaoYu\data\3.26plan_tripmode_v2_66fold\folds\test_42660_47900\logs\satellite_pretrain\train.log,C:\Users\Admin\Desktop\ShiXiaoYu\data\3.26plan_tripmode_v2_66fold\folds\test_42660_47900\logs\satellite_pretrain\inference.log,0.10651091735675597,0.15272171007564292,0.34948128540963397,0.07272844604178526,0.1048155416407644,0.262913490135406,0.05742548008994871,0.09709619995675582,0.14211535154352117,test_42660_47900,65,42660,47900,5,cosine,none
single_task_backbone_finetune,42660,0.06652419700530761,0.09136533061881959,0.3442021707705667,C:\Users\Admin\Desktop\ShiXiaoYu\data\FineTuneResNet\city_prototypes_per_city\per_city_cluster_20260607_210538,C:\Users\Admin\Desktop\ShiXiaoYu\data\FineTuneResNet\expert_models_runs\expert_run_stage6_9_66fold_test_42660_47900_single_task_backbone_finetune\predictions\step6_expert_summary_student_20260607_210618.json,C:\Users\Admin\Desktop\ShiXiaoYu\data\FineTuneResNet\expert_models_runs\expert_run_stage6_9_66fold_test_42660_47900_single_task_backbone_finetune\predictions\evaluation_student_cbsa42660_knn_k5_none.json,C:\Users\Admin\Desktop\ShiXiaoYu\data\FineTuneResNet\expert_models_runs\expert_run_stage6_9_66fold_test_42660_47900_single_task_backbone_finetune\predictions\predictions_student_cbsa42660_knn_k5_none.csv,C:\Users\Admin\Desktop\ShiXiaoYu\data\3.26plan_tripmode_v2_66fold\folds\test_42660_47900\logs\single_task_backbone_finetune\train.log,C:\Users\Admin\Desktop\ShiXiaoYu\data\3.26plan_tripmode_v2_66fold\folds\test_42660_47900\logs\single_task_backbone_finetune\inference.log,0.08923763110243933,0.11732286264548912,0.46698596261782177,0.056171935157938384,0.07607732811725855,0.2010027998842181,0.054163024755545144,0.08069580109371112,0.36461774980966033,test_42660_47900,65,42660,47900,5,cosine,none
single_task_backbone_finetune,47900,0.07771664424224559,0.11144777215927659,0.32022841749049585,C:\Users\Admin\Desktop\ShiXiaoYu\data\FineTuneResNet\city_prototypes_per_city\per_city_cluster_20260607_210538,C:\Users\Admin\Desktop\ShiXiaoYu\data\FineTuneResNet\expert_models_runs\expert_run_stage6_9_66fold_test_42660_47900_single_task_backbone_finetune\predictions\step6_expert_summary_student_20260607_210618.json,C:\Users\Admin\Desktop\ShiXiaoYu\data\FineTuneResNet\expert_models_runs\expert_run_stage6_9_66fold_test_42660_47900_single_task_backbone_finetune\predictions\evaluation_student_cbsa47900_knn_k5_none.json,C:\Users\Admin\Desktop\ShiXiaoYu\data\FineTuneResNet\expert_models_runs\expert_run_stage6_9_66fold_test_42660_47900_single_task_backbone_finetune\predictions\predictions_student_cbsa47900_knn_k5_none.csv,C:\Users\Admin\Desktop\ShiXiaoYu\data\3.26plan_tripmode_v2_66fold\folds\test_42660_47900\logs\single_task_backbone_finetune\train.log,C:\Users\Admin\Desktop\ShiXiaoYu\data\3.26plan_tripmode_v2_66fold\folds\test_42660_47900\logs\single_task_backbone_finetune\inference.log,0.10097243003418387,0.13962042725036639,0.45630396759607617,0.06728472593728214,0.09800630602002809,0.3555709081662273,0.06489277675527075,0.09671658320743531,0.14881037670918418,test_42660_47900,65,42660,47900,5,cosine,none
